id,year,actual_electrified,probability,predicted_electrified
46444,2024,0,0.711766751974817,1
46445,2024,0,0.711766751974817,1
46446,2024,0,0.5668685070444027,1
46447,2024,0,0.5668685070444027,1
46448,2024,0,0.711766751974817,1
46449,2024,0,0.711766751974817,1
46450,2024,0,0.9114425505048037,1
46451,2024,0,0.77019535733385,1
46452,2024,0,0.9332891703772,1
46453,2024,0,0.9332891703772,1
46454,2024,0,0.9326031382436675,1
46455,2024,0,0.9102903043189811,1
46456,2024,0,0.9102903043189811,1
46461,2024,0,0.6788195625153705,1
46462,2024,0,0.6788195625153705,1
46463,2024,0,0.6788195625153705,1
46464,2024,0,0.6788195625153705,1
46465,2024,0,0.6788195625153705,1
46466,2024,0,0.8538977607627025,1
46467,2024,0,0.9168577270844025,1
46468,2024,0,0.8538977607627025,1
46469,2024,0,0.9168577270844025,1
46470,2024,0,0.8538977607627025,1
46471,2024,0,0.8538977607627025,1
46472,2024,0,0.9168577270844025,1
46473,2024,0,0.9168577270844025,1
46474,2024,0,0.8538977607627025,1
46475,2024,0,0.9168577270844025,1
46476,2024,0,0.8538977607627025,1
46477,2024,0,0.9168577270844025,1
46478,2024,0,0.9168577270844025,1
46479,2024,0,0.9168577270844025,1
46480,2024,0,0.9168577270844025,1
46481,2024,0,0.9168577270844025,1
46482,2024,0,0.6788195625153705,1
46483,2024,0,0.6788195625153705,1
46484,2024,0,0.6788195625153705,1
46485,2024,0,0.6788195625153705,1
46486,2024,0,0.6788195625153705,1
46487,2024,0,0.6788195625153705,1
46488,2024,0,0.6788195625153705,1
46489,2024,0,0.6788195625153705,1
46490,2024,0,0.6788195625153705,1
46491,2024,0,0.6788195625153705,1
46492,2024,0,0.8538977607627025,1
46493,2024,0,0.9168577270844025,1
46494,2024,0,0.8538977607627025,1
46495,2024,0,0.9168577270844025,1
46496,2024,0,0.9168577270844025,1
46497,2024,0,0.9168577270844025,1
46498,2024,0,0.9168577270844025,1
46499,2024,0,0.6788195625153705,1
46500,2024,0,0.6078194817788625,1
46501,2024,0,0.6078194817788625,1
46502,2024,0,0.6078194817788625,1
46503,2024,0,0.7812046626558115,1
46504,2024,0,0.6802723911567009,1
46505,2024,0,0.6802723911567009,1
46522,2024,1,0.8538977607627025,1
46523,2024,1,0.9168577270844025,1
46524,2024,1,0.8538977607627025,1
46525,2024,1,0.9168577270844025,1
46526,2024,1,0.8538977607627025,1
46527,2024,1,0.9168577270844025,1
46528,2024,0,0.6615021012391857,1
46529,2024,0,0.6615021012391857,1
46530,2024,0,0.6276390843951399,1
46531,2024,0,0.6276390843951399,1
46532,2024,0,0.8962497239116395,1
46533,2024,0,0.9843246157141566,1
46534,2024,0,0.8636609742440322,1
46535,2024,0,0.77019535733385,1
46536,2024,0,0.9787447623151779,1
46537,2024,1,0.9787447623151779,1
46538,2024,0,0.9787447623151779,1
46539,2024,0,0.9787447623151779,1
46540,2024,0,0.6936257118570893,1
46541,2024,0,0.6936257118570893,1
46542,2024,0,0.6936257118570893,1
46543,2024,0,0.6936257118570893,1
46544,2024,1,0.8713148337726417,1
46545,2024,1,0.9274073176215959,1
46546,2024,1,0.9274073176215959,1
46547,2024,1,0.9274073176215959,1
46548,2024,1,0.9274073176215959,1
46549,2024,1,0.9274073176215959,1
46550,2024,1,0.9274073176215959,1
46551,2024,1,0.9274073176215959,1
46552,2024,1,0.9274073176215959,1
46567,2024,0,0.9168577270844025,1
46568,2024,1,0.9818850100322346,1
46569,2024,1,0.9754583993465765,1
46570,2024,0,0.6788195625153705,1
46571,2024,0,0.6788195625153705,1
46572,2024,0,0.6788195625153705,1
46573,2024,0,0.6078194817788625,1
46574,2024,0,0.6078194817788625,1
46575,2024,0,0.9065910456212436,1
46576,2024,0,0.9065910456212436,1
46577,2024,0,0.9065910456212436,1
46578,2024,0,0.9227457348183279,1
46579,2024,0,0.8975280259880569,1
46580,2024,0,0.9227457348183279,1
46581,2024,0,0.8962497239116395,1
46582,2024,0,0.8995688987438578,1
46583,2024,0,0.8678690234508388,1
46584,2024,0,0.8742447426054466,1
46585,2024,0,0.1398801627942573,0
46586,2024,0,0.23480210488012973,0
46587,2024,0,0.9736966109074147,1
46588,2024,0,0.9805753870179487,1
46589,2024,0,0.9183272913518101,1
46590,2024,0,0.15853674536775322,0
46591,2024,0,0.9325414550054182,1
46592,2024,0,0.960241459741083,1
46593,2024,0,0.8697664992595081,1
46594,2024,0,0.8697664992595081,1
46595,2024,0,0.8918363571790224,1
46596,2024,0,0.2622587129654279,0
46597,2024,0,0.9102101659666757,1
46598,2024,0,0.9465543693098046,1
46599,2024,1,0.8765309795263359,1
46600,2024,1,0.9305310778192085,1
46601,2024,0,0.8304330112062788,1
46602,2024,0,0.8304330112062788,1
46603,2024,0,0.8304330112062788,1
46604,2024,0,0.8304330112062788,1
46605,2024,0,0.8918363571790224,1
46606,2024,1,0.9274073176215959,1
46607,2024,1,0.7661605362964962,1
46608,2024,1,0.7661605362964962,1
46609,2024,1,0.9305310778192085,1
46610,2024,1,0.9305310778192085,1
46611,2024,1,0.9305310778192085,1
46612,2024,0,0.5489711326808018,1
46613,2024,0,0.5489711326808018,1
46631,2024,0,0.8330222969743118,1
46632,2024,0,0.8330222969743118,1
46633,2024,0,0.1411980984894033,0
46634,2024,0,0.1411980984894033,0
46635,2024,0,0.08015310373049099,0
46636,2024,0,0.9099506261064916,1
46637,2024,0,0.9546806864462531,1
46638,2024,0,0.9156856429416572,1
46639,2024,1,0.9156856429416572,1
46640,2024,0,0.9156856429416572,1
46641,2024,0,0.8538977607627025,1
46642,2024,0,0.8538977607627025,1
46643,2024,0,0.8538977607627025,1
46644,2024,0,0.8538977607627025,1
46645,2024,0,0.8486989405756205,1
46646,2024,0,0.8486989405756205,1
46647,2024,0,0.8486989405756205,1
46648,2024,0,0.8486989405756205,1
46649,2024,0,0.8486989405756205,1
46650,2024,1,0.9546806864462531,1
46651,2024,0,0.9546806864462531,1
46652,2024,1,0.9156856429416572,1
46653,2024,0,0.9168577270844025,1
46654,2024,0,0.9376489797073994,1
46655,2024,0,0.9168577270844025,1
46656,2024,0,0.8538977607627025,1
46657,2024,0,0.9168577270844025,1
46658,2024,0,0.8538977607627025,1
46659,2024,0,0.8538977607627025,1
46660,2024,0,0.9168577270844025,1
46661,2024,1,0.908471198324038,1
46662,2024,1,0.8792039072214916,1
46663,2024,1,0.9156856429416572,1
46664,2024,0,0.9156856429416572,1
46665,2024,0,0.6052504220222227,1
46666,2024,0,0.3921271216930986,0
46667,2024,0,0.3921271216930986,0
46668,2024,0,0.3921271216930986,0
46669,2024,1,0.8792039072214916,1
46670,2024,0,0.9065910456212436,1
46671,2024,0,0.647460286751181,1
46672,2024,0,0.647460286751181,1
46673,2024,0,0.647460286751181,1
46674,2024,1,0.647460286751181,1
46675,2024,0,0.3921271216930986,0
46676,2024,0,0.5489711326808018,1
46677,2024,0,0.3921271216930986,0
46678,2024,0,0.3921271216930986,0
46679,2024,0,0.8654378040091802,1
46680,2024,0,0.14246528740724437,0
46681,2024,1,0.862595808420077,1
46682,2024,1,0.862595808420077,1
46683,2024,0,0.15953109665518633,0
46684,2024,0,0.15953109665518633,0
46685,2024,0,0.12218305920694113,0
46686,2024,0,0.12218305920694113,0
46687,2024,0,0.8713148337726417,1
46688,2024,0,0.8995688987438578,1
46689,2024,0,0.8995688987438578,1
46690,2024,0,0.8995688987438578,1
46691,2024,0,0.8995688987438578,1
46692,2024,0,0.9325414550054182,1
46693,2024,0,0.9854659703795509,1
46694,2024,1,0.9854659703795509,1
46695,2024,0,0.9258032198627769,1
46696,2024,0,0.9258032198627769,1
46697,2024,0,0.9258032198627769,1
46698,2024,0,0.9258032198627769,1
46699,2024,0,0.9326031382436675,1
46700,2024,0,0.8441610762114126,1
46701,2024,1,0.9263720115472334,1
46702,2024,0,0.9263720115472334,1
46703,2024,0,0.9263720115472334,1
46704,2024,0,0.9274073176215959,1
46705,2024,0,0.9274073176215959,1
46706,2024,0,0.8678690234508388,1
46707,2024,0,0.8678690234508388,1
46708,2024,0,0.8678690234508388,1
46709,2024,0,0.8678690234508388,1
46710,2024,0,0.9102101659666757,1
46711,2024,0,0.380277492612926,0
46712,2024,0,0.6802723911567009,1
46713,2024,0,0.6802723911567009,1
46714,2024,0,0.6802723911567009,1
46715,2024,0,0.9802842590945022,1
46716,2024,1,0.9802842590945022,1
46717,2024,0,0.9014769878173721,1
46718,2024,0,0.9014769878173721,1
46719,2024,0,0.9014769878173721,1
46720,2024,0,0.9014769878173721,1
46721,2024,1,0.9014769878173721,1
46722,2024,1,0.9014769878173721,1
46723,2024,0,0.9014769878173721,1
46724,2024,0,0.77019535733385,1
46725,2024,1,0.7270227948475381,1
46726,2024,0,0.7166617535842646,1
46727,2024,0,0.7166617535842646,1
46728,2024,0,0.7166617535842646,1
46729,2024,0,0.9102903043189811,1
46730,2024,0,0.9332891703772,1
46731,2024,1,0.9174733830677196,1
46732,2024,0,0.5850754738507072,1
46733,2024,1,0.5850754738507072,1
46734,2024,1,0.5850754738507072,1
46735,2024,0,0.7594156902209803,1
46736,2024,0,0.7594156902209803,1
46737,2024,0,0.6936257118570893,1
46738,2024,1,0.893978764074086,1
46739,2024,1,0.893978764074086,1
46740,2024,0,0.8962497239116395,1
46741,2024,1,0.9724430683147218,1
46742,2024,1,0.9724430683147218,1
46743,2024,0,0.9724430683147218,1
46744,2024,0,0.9724430683147218,1
46745,2024,0,0.8636609742440322,1
46746,2024,0,0.1824344701339414,0
46747,2024,0,0.5850754738507072,1
46748,2024,0,0.5850754738507072,1
46749,2024,0,0.5850754738507072,1
46750,2024,0,0.5850754738507072,1
46751,2024,1,0.9305310778192085,1
46752,2024,1,0.9305310778192085,1
46753,2024,1,0.962793692145344,1
46754,2024,1,0.962793692145344,1
46755,2024,0,0.962793692145344,1
46756,2024,0,0.962793692145344,1
46757,2024,1,0.893978764074086,1
46758,2024,1,0.893978764074086,1
46759,2024,0,0.7983277130817298,1
46760,2024,0,0.7983277130817298,1
46761,2024,0,0.9099506261064916,1
46762,2024,0,0.9099506261064916,1
46763,2024,0,0.8044283795405504,1
46764,2024,0,0.8044283795405504,1
46765,2024,0,0.9168577270844025,1
46766,2024,0,0.9168577270844025,1
46767,2024,0,0.8486989405756205,1
46768,2024,1,0.8538977607627025,1
46769,2024,1,0.9168577270844025,1
46770,2024,0,0.7503019270721141,1
46771,2024,0,0.7503019270721141,1
46772,2024,0,0.8500658258698139,1
46773,2024,0,0.7503019270721141,1
46774,2024,0,0.7503019270721141,1
46775,2024,0,0.8500658258698139,1
46776,2024,0,0.8500658258698139,1
46777,2024,0,0.7503019270721141,1
46778,2024,0,0.823811992427222,1
46779,2024,0,0.823811992427222,1
46780,2024,0,0.8521754183137222,1
46781,2024,0,0.8521754183137222,1
46782,2024,0,0.8521754183137222,1
46783,2024,0,0.1398801627942573,0
46784,2024,0,0.8500658258698139,1
46785,2024,0,0.8500658258698139,1
46786,2024,0,0.7503019270721141,1
46787,2024,0,0.7503019270721141,1
46788,2024,0,0.7503019270721141,1
46789,2024,0,0.7503019270721141,1
46790,2024,0,0.8500658258698139,1
46791,2024,0,0.7503019270721141,1
46792,2024,0,0.9818850100322346,1
46793,2024,0,0.9818850100322346,1
46794,2024,0,0.9754583993465765,1
46795,2024,1,0.9818850100322346,1
46796,2024,0,0.8291576163629069,1
46797,2024,0,0.8291576163629069,1
46798,2024,0,0.7387780669833607,1
46799,2024,0,0.7387780669833607,1
46800,2024,1,0.8538977607627025,1
46801,2024,1,0.9168577270844025,1
46802,2024,0,0.10234639067905388,0
46803,2024,0,0.10234639067905388,0
46804,2024,0,0.17704071460082865,0
46805,2024,0,0.17704071460082865,0
46806,2024,0,0.17704071460082865,0
46807,2024,0,0.9115216958601332,1
46808,2024,0,0.9115216958601332,1
46809,2024,0,0.1565110002763162,0
46810,2024,0,0.1565110002763162,0
46811,2024,0,0.7723999982631301,1
46812,2024,0,0.7723999982631301,1
46813,2024,0,0.7723999982631301,1
46814,2024,0,0.7723999982631301,1
46815,2024,0,0.7723999982631301,1
46816,2024,0,0.8556811337791492,1
46817,2024,0,0.8556811337791492,1
46818,2024,0,0.8556811337791492,1
46819,2024,0,0.8556811337791492,1
46820,2024,0,0.8556811337791492,1
46821,2024,1,0.9044807017546568,1
46822,2024,1,0.9044807017546568,1
46823,2024,0,0.8357530333716566,1
46824,2024,0,0.8357530333716566,1
46825,2024,0,0.8357530333716566,1
46826,2024,0,0.8357530333716566,1
46827,2024,0,0.8357530333716566,1
46828,2024,0,0.8357530333716566,1
46829,2024,0,0.8357530333716566,1
46830,2024,0,0.8357530333716566,1
46831,2024,0,0.8357530333716566,1
46832,2024,0,0.8357530333716566,1
46833,2024,0,0.8357530333716566,1
46834,2024,0,0.8357530333716566,1
46835,2024,0,0.8357530333716566,1
46836,2024,0,0.8357530333716566,1
46837,2024,0,0.8357530333716566,1
46838,2024,0,0.8357530333716566,1
46839,2024,0,0.8988872816087712,1
46840,2024,0,0.8988872816087712,1
46841,2024,0,0.8988872816087712,1
46842,2024,0,0.8988872816087712,1
46843,2024,0,0.8988872816087712,1
46844,2024,0,0.8988872816087712,1
46845,2024,0,0.8988872816087712,1
46846,2024,0,0.8988872816087712,1
46847,2024,0,0.8988872816087712,1
46848,2024,0,0.8988872816087712,1
46849,2024,0,0.8988872816087712,1
46850,2024,0,0.8988872816087712,1
46851,2024,0,0.8988872816087712,1
46852,2024,0,0.8988872816087712,1
46853,2024,1,0.9342006812929692,1
46854,2024,1,0.9342006812929692,1
46855,2024,0,0.9342006812929692,1
46856,2024,0,0.1022147179069066,0
46857,2024,0,0.14581537061480024,0
46858,2024,0,0.16591004755564787,0
46859,2024,0,0.2297282357269463,0
46860,2024,0,0.9459326529884355,1
46861,2024,0,0.9325414550054182,1
46862,2024,0,0.9325414550054182,1
46863,2024,0,0.9258032198627769,1
46864,2024,0,0.9258032198627769,1
46865,2024,0,0.9258032198627769,1
46866,2024,0,0.9326031382436675,1
46867,2024,1,0.9326031382436675,1
46868,2024,1,0.9326031382436675,1
46869,2024,0,0.8441610762114126,1
46870,2024,0,0.2622587129654279,0
46871,2024,0,0.9274073176215959,1
46872,2024,1,0.9274073176215959,1
46873,2024,0,0.9274073176215959,1
46874,2024,0,0.9274073176215959,1
46875,2024,1,0.9274073176215959,1
46876,2024,0,0.9274073176215959,1
46877,2024,0,0.9274073176215959,1
46878,2024,0,0.9102101659666757,1
46879,2024,0,0.9102101659666757,1
46880,2024,0,0.9245932286947495,1
46881,2024,0,0.9245932286947495,1
46882,2024,0,0.9245932286947495,1
46883,2024,0,0.9014769878173721,1
46884,2024,0,0.9014769878173721,1
46885,2024,0,0.7166617535842646,1
46886,2024,0,0.7166617535842646,1
46887,2024,0,0.7166617535842646,1
46888,2024,0,0.7166617535842646,1
46889,2024,0,0.9102903043189811,1
46890,2024,0,0.9102903043189811,1
46891,2024,1,0.9174733830677196,1
46892,2024,0,0.7661605362964962,1
46893,2024,0,0.7661605362964962,1
46894,2024,0,0.7594156902209803,1
46895,2024,0,0.8999103800434531,1
46896,2024,0,0.8995971885510835,1
46897,2024,0,0.9307202448196086,1
46898,2024,0,0.7609341276880748,1
46899,2024,0,0.9174733830677196,1
46900,2024,1,0.9305310778192085,1
46901,2024,1,0.9305310778192085,1
46902,2024,1,0.9305310778192085,1
46903,2024,1,0.9305310778192085,1
46904,2024,0,0.8999103800434531,1
46905,2024,0,0.8999103800434531,1
46906,2024,0,0.8999103800434531,1
46907,2024,0,0.8999103800434531,1
46908,2024,1,0.9156856429416572,1
46909,2024,1,0.9156856429416572,1
46910,2024,1,0.8695920350796256,1
46911,2024,1,0.9263720115472334,1
46912,2024,1,0.9263720115472334,1
46913,2024,1,0.9263720115472334,1
46914,2024,1,0.9263720115472334,1
46915,2024,1,0.8975739051953461,1
46916,2024,1,0.8975739051953461,1
46917,2024,1,0.8975739051953461,1
46918,2024,1,0.8975739051953461,1
46919,2024,1,0.8538977607627025,1
46920,2024,1,0.8538977607627025,1
46921,2024,1,0.8538977607627025,1
46922,2024,1,0.8538977607627025,1
46923,2024,1,0.8538977607627025,1
46924,2024,1,0.8538977607627025,1
46925,2024,1,0.8538977607627025,1
46926,2024,1,0.8975739051953461,1
46927,2024,1,0.8975739051953461,1
46928,2024,1,0.8975739051953461,1
46929,2024,1,0.8538977607627025,1
46930,2024,1,0.8538977607627025,1
46931,2024,1,0.8538977607627025,1
46932,2024,1,0.9168577270844025,1
46933,2024,1,0.9168577270844025,1
46934,2024,1,0.8975739051953461,1
46935,2024,1,0.8975739051953461,1
46936,2024,1,0.8975739051953461,1
46937,2024,1,0.9274073176215959,1
46938,2024,1,0.9274073176215959,1
46939,2024,1,0.9274073176215959,1
46940,2024,1,0.9274073176215959,1
46941,2024,1,0.9274073176215959,1
46942,2024,1,0.9274073176215959,1
46943,2024,1,0.9274073176215959,1
46944,2024,1,0.9274073176215959,1
46945,2024,1,0.7768413020385367,1
46946,2024,1,0.8649243498385161,1
46947,2024,1,0.6802723911567009,1
46948,2024,1,0.6802723911567009,1
46949,2024,1,0.6802723911567009,1
46950,2024,1,0.6802723911567009,1
46951,2024,1,0.9179464380475237,1
46952,2024,1,0.9179464380475237,1
46953,2024,1,0.9465543693098046,1
46954,2024,1,0.9465543693098046,1
46955,2024,1,0.8876157036134525,1
46956,2024,1,0.8876157036134525,1
46957,2024,1,0.8071692406587497,1
46958,2024,1,0.8071692406587497,1
46959,2024,1,0.8071692406587497,1
46960,2024,1,0.8290416100769515,1
46961,2024,1,0.8290416100769515,1
46962,2024,1,0.9014769878173721,1
46963,2024,1,0.7270227948475381,1
46964,2024,1,0.7270227948475381,1
46965,2024,1,0.843207592409601,1
46966,2024,1,0.843207592409601,1
46967,2024,1,0.9326031382436675,1
46968,2024,1,0.9102903043189811,1
46969,2024,1,0.9102903043189811,1
46970,2024,1,0.9102903043189811,1
46971,2024,1,0.9305310778192085,1
46972,2024,1,0.6788195625153705,1
46973,2024,1,0.9045831747417279,1
46974,2024,1,0.9045831747417279,1
46975,2024,1,0.9867092110279616,1
46976,2024,1,0.9867092110279616,1
46977,2024,1,0.9867092110279616,1
46978,2024,1,0.975214772730767,1
46979,2024,1,0.975214772730767,1
46980,2024,1,0.8171487839532532,1
46981,2024,1,0.8171487839532532,1
46982,2024,1,0.893978764074086,1
46983,2024,1,0.893978764074086,1
47006,2024,0,0.46626922625454414,0
47007,2024,0,0.7983277130817298,1
47008,2024,0,0.7700497027235033,1
47009,2024,0,0.7700497027235033,1
47010,2024,0,0.7700497027235033,1
47011,2024,0,0.7587472956308087,1
47012,2024,0,0.7587472956308087,1
47013,2024,0,0.7587472956308087,1
47014,2024,0,0.7783196078527745,1
47015,2024,0,0.7783196078527745,1
47016,2024,0,0.7783196078527745,1
47017,2024,0,0.7783196078527745,1
47018,2024,0,0.7783196078527745,1
47019,2024,0,0.7783196078527745,1
47020,2024,0,0.7783196078527745,1
47021,2024,0,0.7783196078527745,1
47022,2024,0,0.7783196078527745,1
47023,2024,0,0.7783196078527745,1
47024,2024,0,0.7783196078527745,1
47025,2024,0,0.7783196078527745,1
47026,2024,0,0.7783196078527745,1
47027,2024,0,0.7783196078527745,1
47028,2024,0,0.7783196078527745,1
47029,2024,0,0.7783196078527745,1
47030,2024,0,0.7783196078527745,1
47031,2024,0,0.7783196078527745,1
47032,2024,0,0.8858565960778861,1
47033,2024,0,0.8858565960778861,1
47034,2024,0,0.8858565960778861,1
47035,2024,0,0.8858565960778861,1
47036,2024,1,0.9156856429416572,1
47037,2024,1,0.9156856429416572,1
47038,2024,1,0.9367497768974383,1
47039,2024,1,0.896160759205395,1
47040,2024,0,0.9156856429416572,1
47041,2024,0,0.9156856429416572,1
47042,2024,0,0.8226170526807367,1
47043,2024,0,0.8226170526807367,1
47044,2024,0,0.8226170526807367,1
47045,2024,0,0.8226170526807367,1
47046,2024,0,0.8226170526807367,1
47047,2024,0,0.8226170526807367,1
47048,2024,0,0.7968782862790258,1
47049,2024,1,0.9156856429416572,1
47050,2024,0,0.9156856429416572,1
47051,2024,1,0.9203964845979027,1
47052,2024,1,0.9203964845979027,1
47053,2024,0,0.8086975799651355,1
47054,2024,0,0.8086975799651355,1
47055,2024,0,0.8521754183137222,1
47056,2024,0,0.8521754183137222,1
47057,2024,0,0.8521754183137222,1
47058,2024,1,0.9156856429416572,1
47059,2024,1,0.9156856429416572,1
47060,2024,0,0.9156856429416572,1
47061,2024,1,0.9156856429416572,1
47062,2024,1,0.9156856429416572,1
47063,2024,1,0.9156856429416572,1
47064,2024,1,0.9156856429416572,1
47065,2024,1,0.9156856429416572,1
47066,2024,1,0.8538977607627025,1
47067,2024,1,0.9168577270844025,1
47068,2024,0,0.983200965473255,1
47069,2024,0,0.983200965473255,1
47070,2024,0,0.983200965473255,1
47071,2024,0,0.983200965473255,1
47072,2024,0,0.983200965473255,1
47073,2024,1,0.983200965473255,1
47074,2024,0,0.9150418679313221,1
47075,2024,0,0.9150418679313221,1
47076,2024,0,0.7431269550242441,1
47077,2024,0,0.9227457348183279,1
47078,2024,0,0.9227457348183279,1
47079,2024,0,0.9227457348183279,1
47080,2024,0,0.9227457348183279,1
47081,2024,0,0.9045831747417279,1
47082,2024,0,0.8742447426054466,1
47083,2024,0,0.9045831747417279,1
47084,2024,0,0.9045831747417279,1
47085,2024,0,0.9682140162219857,1
47086,2024,0,0.9682140162219857,1
47087,2024,0,0.9682140162219857,1
47088,2024,0,0.9571490429765812,1
47089,2024,0,0.9571490429765812,1
47090,2024,0,0.9682140162219857,1
47091,2024,0,0.9682140162219857,1
47092,2024,1,0.9682140162219857,1
47093,2024,1,0.9682140162219857,1
47094,2024,1,0.9156856429416572,1
47095,2024,1,0.9156856429416572,1
47096,2024,1,0.9168577270844025,1
47097,2024,0,0.983200965473255,1
47098,2024,0,0.983200965473255,1
47099,2024,0,0.983200965473255,1
47100,2024,0,0.983200965473255,1
47101,2024,0,0.983200965473255,1
47102,2024,0,0.983200965473255,1
47103,2024,0,0.983200965473255,1
47104,2024,1,0.983200965473255,1
47105,2024,1,0.9035430876496282,1
47106,2024,1,0.9035430876496282,1
47107,2024,1,0.9035430876496282,1
47108,2024,0,0.8910319690315631,1
47109,2024,0,0.8570656613029923,1
47111,2024,0,0.8988872816087712,1
47112,2024,0,0.7723999982631301,1
47113,2024,0,0.7723999982631301,1
47114,2024,0,0.8556811337791492,1
47115,2024,0,0.8556811337791492,1
47116,2024,0,0.7294554512338833,1
47117,2024,0,0.8965132899021,1
47118,2024,0,0.8965132899021,1
47119,2024,1,0.8965132899021,1
47120,2024,0,0.8357530333716566,1
47121,2024,0,0.8357530333716566,1
47122,2024,0,0.8357530333716566,1
47123,2024,0,0.8357530333716566,1
47124,2024,0,0.8988872816087712,1
47125,2024,0,0.8988872816087712,1
47126,2024,0,0.8988872816087712,1
47127,2024,0,0.6074270261997056,1
47128,2024,0,0.6074270261997056,1
47129,2024,0,0.832537385666419,1
47130,2024,0,0.832537385666419,1
47131,2024,1,0.832537385666419,1
47132,2024,1,0.832537385666419,1
47133,2024,0,0.6878015048981775,1
47134,2024,0,0.6878015048981775,1
47135,2024,0,0.9854659703795509,1
47136,2024,1,0.9326031382436675,1
47137,2024,0,0.9843246157141566,1
47138,2024,0,0.8441610762114126,1
47139,2024,0,0.9165484747953375,1
47140,2024,0,0.8697664992595081,1
47141,2024,0,0.8697664992595081,1
47142,2024,0,0.8697664992595081,1
47143,2024,0,0.9263720115472334,1
47144,2024,1,0.9263720115472334,1
47145,2024,1,0.9263720115472334,1
47146,2024,0,0.9263720115472334,1
47147,2024,0,0.7609341276880748,1
47148,2024,1,0.9102903043189811,1
47149,2024,1,0.9787447623151779,1
47150,2024,0,0.9787447623151779,1
47151,2024,1,0.9787447623151779,1
47152,2024,0,0.7661605362964962,1
47153,2024,0,0.7661605362964962,1
47154,2024,0,0.7594156902209803,1
47155,2024,0,0.7594156902209803,1
47156,2024,0,0.8648659598891483,1
47157,2024,0,0.8648659598891483,1
47158,2024,0,0.8999103800434531,1
47159,2024,0,0.8999103800434531,1
47160,2024,0,0.8999103800434531,1
47161,2024,0,0.6936257118570893,1
47162,2024,0,0.6936257118570893,1
47163,2024,0,0.6936257118570893,1
47164,2024,0,0.8304330112062788,1
47165,2024,0,0.8304330112062788,1
47166,2024,0,0.8304330112062788,1
47167,2024,0,0.8666389794625813,1
47168,2024,0,0.9584272072908335,1
47169,2024,0,0.6278287753298009,1
47170,2024,0,0.6278287753298009,1
47171,2024,0,0.6278287753298009,1
47172,2024,0,0.6278287753298009,1
47173,2024,1,0.9320406455232597,1
47174,2024,1,0.9263720115472334,1
47175,2024,0,0.9090760718350129,1
47176,2024,1,0.9263720115472334,1
47177,2024,0,0.9263720115472334,1
47178,2024,0,0.9263720115472334,1
47179,2024,0,0.839215429296834,1
47180,2024,0,0.7885505715478403,1
47181,2024,0,0.7885505715478403,1
47182,2024,0,0.9802842590945022,1
47183,2024,0,0.9802842590945022,1
47184,2024,0,0.9802842590945022,1
47185,2024,0,0.9441518758149059,1
47186,2024,0,0.7609341276880748,1
47187,2024,0,0.7609341276880748,1
47188,2024,0,0.7609341276880748,1
47189,2024,0,0.7609341276880748,1
47190,2024,0,0.7609341276880748,1
47191,2024,0,0.7609341276880748,1
47192,2024,1,0.9174733830677196,1
47193,2024,1,0.9174733830677196,1
47194,2024,1,0.9174733830677196,1
47195,2024,1,0.9174733830677196,1
47196,2024,1,0.9174733830677196,1
47197,2024,1,0.9174733830677196,1
47198,2024,0,0.9174733830677196,1
47199,2024,1,0.9174733830677196,1
47200,2024,0,0.9174733830677196,1
47201,2024,1,0.9174733830677196,1
47202,2024,0,0.9174733830677196,1
47203,2024,0,0.9174733830677196,1
47204,2024,1,0.9174733830677196,1
47205,2024,1,0.9174733830677196,1
47206,2024,1,0.9174733830677196,1
47207,2024,0,0.7036105029910115,1
47208,2024,1,0.9305310778192085,1
47209,2024,0,0.8648659598891483,1
47210,2024,0,0.6936257118570893,1
47211,2024,0,0.6936257118570893,1
47212,2024,1,0.8872660946368383,1
47231,2024,1,0.8819231625952565,1
47232,2024,0,0.7198626274550204,1
47233,2024,0,0.7968782862790258,1
47234,2024,0,0.9571490429765812,1
47235,2024,1,0.8597062194005883,1
47236,2024,0,0.9045831747417279,1
47237,2024,0,0.9045831747417279,1
47238,2024,0,0.7198626274550204,1
47239,2024,0,0.5489711326808018,1
47240,2024,0,0.9045831747417279,1
47241,2024,0,0.9045831747417279,1
47242,2024,0,0.9045831747417279,1
47243,2024,1,0.9682140162219857,1
47244,2024,1,0.8716900405693645,1
47245,2024,1,0.8716900405693645,1
47246,2024,1,0.9682140162219857,1
47247,2024,1,0.9203964845979027,1
47248,2024,1,0.9203964845979027,1
47249,2024,0,0.7294554512338833,1
47250,2024,0,0.6074270261997056,1
47251,2024,0,0.6074270261997056,1
47252,2024,1,0.9010437997015478,1
47253,2024,0,0.6176686517934327,1
47254,2024,1,0.8697420496083004,1
47255,2024,0,0.9584272072908335,1
47256,2024,1,0.8765309795263359,1
47257,2024,0,0.8918363571790224,1
47258,2024,0,0.8918363571790224,1
47259,2024,0,0.9441518758149059,1
47260,2024,0,0.9441518758149059,1
47261,2024,1,0.9305310778192085,1
47262,2024,1,0.9305310778192085,1
47263,2024,0,0.9843246157141566,1
47264,2024,0,0.895567858042463,1
47265,2024,1,0.9174733830677196,1
47266,2024,1,0.9174733830677196,1
47267,2024,1,0.9174733830677196,1
47268,2024,1,0.9174733830677196,1
47269,2024,1,0.9174733830677196,1
47270,2024,1,0.9174733830677196,1
47271,2024,1,0.9174733830677196,1
47272,2024,1,0.9787447623151779,1
47273,2024,0,0.9787447623151779,1
47274,2024,1,0.2622587129654279,0
47275,2024,1,0.380277492612926,0
47276,2024,1,0.6878015048981775,1
47277,2024,1,0.7166617535842646,1
47278,2024,1,0.7166617535842646,1
47286,2024,0,0.3551026156839905,0
47287,2024,0,0.3551026156839905,0
47288,2024,0,0.1398126905095731,0
47289,2024,0,0.7198626274550204,1
47290,2024,0,0.8044283795405504,1
47291,2024,0,0.8044283795405504,1
47292,2024,0,0.8044283795405504,1
47293,2024,0,0.8044283795405504,1
47294,2024,0,0.8044283795405504,1
47295,2024,0,0.8044283795405504,1
47296,2024,0,0.8858565960778861,1
47297,2024,0,0.8858565960778861,1
47298,2024,0,0.8858565960778861,1
47299,2024,0,0.8858565960778861,1
47300,2024,0,0.8858565960778861,1
47301,2024,0,0.8858565960778861,1
47302,2024,0,0.8858565960778861,1
47303,2024,0,0.8858565960778861,1
47304,2024,0,0.8858565960778861,1
47305,2024,0,0.8858565960778861,1
47306,2024,0,0.8044283795405504,1
47307,2024,0,0.8044283795405504,1
47308,2024,0,0.8044283795405504,1
47309,2024,0,0.8044283795405504,1
47310,2024,0,0.8858565960778861,1
47311,2024,0,0.8858565960778861,1
47312,2024,0,0.8858565960778861,1
47313,2024,0,0.8858565960778861,1
47314,2024,0,0.8858565960778861,1
47315,2024,0,0.8858565960778861,1
47316,2024,0,0.7198626274550204,1
47317,2024,0,0.7198626274550204,1
47318,2024,0,0.9754583993465765,1
47319,2024,0,0.9546806864462531,1
47320,2024,0,0.9754583993465765,1
47321,2024,0,0.9546806864462531,1
47322,2024,0,0.9546806864462531,1
47323,2024,0,0.647460286751181,1
47324,2024,0,0.49325040155645233,0
47325,2024,0,0.9754583993465765,1
47326,2024,0,0.9546806864462531,1
47327,2024,0,0.9754583993465765,1
47328,2024,0,0.9546806864462531,1
47329,2024,0,0.9546806864462531,1
47330,2024,0,0.8291576163629069,1
47331,2024,0,0.7387780669833607,1
47332,2024,0,0.7387780669833607,1
47333,2024,1,0.9203964845979027,1
47334,2024,1,0.9203964845979027,1
47335,2024,0,0.9203964845979027,1
47336,2024,1,0.9203964845979027,1
47337,2024,1,0.9403603687864183,1
47338,2024,0,0.9203964845979027,1
47339,2024,1,0.9682140162219857,1
47340,2024,1,0.9682140162219857,1
47341,2024,1,0.9571490429765812,1
47342,2024,1,0.9571490429765812,1
47343,2024,0,0.9682140162219857,1
47344,2024,0,0.9682140162219857,1
47345,2024,0,0.9682140162219857,1
47346,2024,0,0.9682140162219857,1
47347,2024,0,0.7198626274550204,1
47348,2024,1,0.9168577270844025,1
47349,2024,1,0.9150418679313221,1
47350,2024,1,0.9150418679313221,1
47351,2024,1,0.9754583993465765,1
47352,2024,0,0.9546806864462531,1
47353,2024,0,0.9754583993465765,1
47354,2024,1,0.9571490429765812,1
47355,2024,1,0.9571490429765812,1
47356,2024,0,0.8876157036134525,1
47357,2024,0,0.9150418679313221,1
47358,2024,0,0.9150418679313221,1
47359,2024,0,0.8086975799651355,1
47360,2024,1,0.90886484025572,1
47361,2024,1,0.90886484025572,1
47363,2024,0,0.9135093018300857,1
47364,2024,1,0.9135093018300857,1
47365,2024,0,0.8556811337791492,1
47366,2024,0,0.8856502212445567,1
47367,2024,0,0.8856502212445567,1
47368,2024,0,0.8041073362936394,1
47369,2024,1,0.9044807017546568,1
47370,2024,0,0.7019945720055768,1
47371,2024,0,0.7019945720055768,1
47372,2024,1,0.2790674176277518,0
47373,2024,1,0.2790674176277518,0
47374,2024,0,0.9724430683147218,1
47375,2024,0,0.9245932286947495,1
47376,2024,0,0.7885505715478403,1
47377,2024,0,0.9802842590945022,1
47378,2024,0,0.7166617535842646,1
47379,2024,0,0.7166617535842646,1
47380,2024,1,0.9102903043189811,1
47381,2024,1,0.9326031382436675,1
47382,2024,0,0.7661605362964962,1
47383,2024,0,0.7661605362964962,1
47384,2024,0,0.7661605362964962,1
47385,2024,1,0.9305310778192085,1
47386,2024,1,0.9305310778192085,1
47387,2024,0,0.962793692145344,1
47388,2024,0,0.962793692145344,1
47389,2024,0,0.962793692145344,1
47390,2024,0,0.962793692145344,1
47391,2024,1,0.962793692145344,1
47392,2024,1,0.962793692145344,1
47393,2024,1,0.962793692145344,1
47394,2024,0,0.7768413020385367,1
47395,2024,0,0.7768413020385367,1
47396,2024,0,0.8430778589330122,1
47397,2024,0,0.8430778589330122,1
47398,2024,0,0.8430778589330122,1
47399,2024,0,0.8430778589330122,1
47400,2024,0,0.8430778589330122,1
47401,2024,0,0.8430778589330122,1
47402,2024,0,0.24540620007717076,0
47403,2024,0,0.24540620007717076,0
47404,2024,0,0.9037208999693789,1
47405,2024,0,0.9037208999693789,1
47406,2024,0,0.9037208999693789,1
47407,2024,0,0.9037208999693789,1
47408,2024,0,0.9037208999693789,1
47409,2024,0,0.9037208999693789,1
47410,2024,0,0.8101920016592246,1
47411,2024,0,0.9320406455232597,1
47412,2024,0,0.2201714139413696,0
47413,2024,0,0.2201714139413696,0
47414,2024,1,0.9263720115472334,1
47415,2024,0,0.839215429296834,1
47416,2024,0,0.839215429296834,1
47417,2024,0,0.8895702270100461,1
47418,2024,0,0.8895702270100461,1
47419,2024,0,0.8895702270100461,1
47420,2024,0,0.8895702270100461,1
47421,2024,0,0.8895702270100461,1
47422,2024,0,0.8895702270100461,1
47423,2024,0,0.8895702270100461,1
47424,2024,0,0.380277492612926,0
47425,2024,0,0.380277492612926,0
47426,2024,0,0.380277492612926,0
47427,2024,0,0.380277492612926,0
47428,2024,0,0.9336599456652422,1
47429,2024,0,0.9336599456652422,1
47430,2024,0,0.9336599456652422,1
47431,2024,0,0.9336599456652422,1
47432,2024,0,0.9336599456652422,1
47433,2024,0,0.9336599456652422,1
47434,2024,0,0.7609341276880748,1
47435,2024,0,0.9787447623151779,1
47436,2024,0,0.9141215713704801,1
47437,2024,0,0.8648659598891483,1
47438,2024,0,0.8872660946368383,1
47439,2024,0,0.962793692145344,1
47440,2024,1,0.9263720115472334,1
47441,2024,1,0.9263720115472334,1
47442,2024,1,0.9263720115472334,1
47443,2024,1,0.9263720115472334,1
47444,2024,1,0.9263720115472334,1
47445,2024,1,0.9102101659666757,1
47446,2024,1,0.8649243498385161,1
47447,2024,1,0.647460286751181,1
47448,2024,1,0.5299963520834914,1
47449,2024,1,0.9258032198627769,1
47450,2024,1,0.843207592409601,1
47451,2024,1,0.843207592409601,1
47452,2024,1,0.9102903043189811,1
47453,2024,1,0.9102903043189811,1
47454,2024,1,0.9828622555177183,1
47455,2024,1,0.9828622555177183,1
47456,2024,1,0.9908433847475684,1
47457,2024,1,0.9203964845979027,1
47458,2024,1,0.9203964845979027,1
47459,2024,1,0.8597062194005883,1
47460,2024,1,0.9203964845979027,1
47461,2024,1,0.9203964845979027,1
47462,2024,1,0.9203964845979027,1
47463,2024,1,0.8597062194005883,1
47464,2024,1,0.9203964845979027,1
47465,2024,1,0.9305310778192085,1
47466,2024,1,0.8858565960778861,1
47467,2024,1,0.8858565960778861,1
47468,2024,1,0.8858565960778861,1
47469,2024,1,0.8858565960778861,1
47470,2024,1,0.8044283795405504,1
47471,2024,1,0.8044283795405504,1
47472,2024,1,0.8858565960778861,1
47473,2024,1,0.8858565960778861,1
47474,2024,1,0.8858565960778861,1
47475,2024,1,0.8858565960778861,1
47476,2024,1,0.8858565960778861,1
47477,2024,1,0.9970995666888398,1
47478,2024,1,0.17704071460082865,0
47479,2024,1,0.17704071460082865,0
47480,2024,1,0.17704071460082865,0
47481,2024,1,0.17704071460082865,0
47482,2024,1,0.6936257118570893,1
47483,2024,1,0.6936257118570893,1
47484,2024,1,0.7218797475279451,1
47485,2024,1,0.8304330112062788,1
47486,2024,1,0.8304330112062788,1
47487,2024,1,0.862940154645741,1
47488,2024,1,0.862940154645741,1
47489,2024,1,0.7198626274550204,1
47490,2024,1,0.8538977607627025,1
47491,2024,1,0.9168577270844025,1
47492,2024,1,0.9274073176215959,1
47493,2024,1,0.8633604796916162,1
47494,2024,1,0.8633604796916162,1
47495,2024,1,0.9014769878173721,1
47496,2024,1,0.9102903043189811,1
47497,2024,1,0.9102903043189811,1
47498,2024,1,0.9787447623151779,1
47499,2024,1,0.7988823788916604,1
47500,2024,1,0.9682140162219857,1
47501,2024,1,0.9682140162219857,1
47502,2024,1,0.962793692145344,1
47503,2024,1,0.8792039072214916,1
47504,2024,1,0.893978764074086,1
47505,2024,1,0.893978764074086,1
47549,2024,0,0.12183666526360885,0
47550,2024,0,0.3668929152542244,0
47551,2024,1,0.8395046931725327,1
47552,2024,0,0.9203964845979027,1
47553,2024,0,0.9203964845979027,1
47554,2024,0,0.5087743642218236,1
47555,2024,0,0.5087743642218236,1
47556,2024,0,0.9221078436902513,1
47557,2024,0,0.9221078436902513,1
47558,2024,0,0.8486989405756205,1
47559,2024,0,0.8486989405756205,1
47560,2024,0,0.5489711326808018,1
47561,2024,1,0.9203964845979027,1
47562,2024,1,0.9203964845979027,1
47563,2024,1,0.9203964845979027,1
47564,2024,0,0.9203964845979027,1
47565,2024,0,0.9203964845979027,1
47566,2024,0,0.9065910456212436,1
47567,2024,0,0.8768040833317534,1
47568,2024,0,0.8768040833317534,1
47569,2024,1,0.9203964845979027,1
47570,2024,0,0.9150418679313221,1
47571,2024,0,0.9150418679313221,1
47572,2024,0,0.9150418679313221,1
47573,2024,0,0.8855050237572557,1
47574,2024,0,0.9358674248569836,1
47575,2024,0,0.8855050237572557,1
47576,2024,0,0.9358674248569836,1
47577,2024,1,0.9754583993465765,1
47578,2024,1,0.9203964845979027,1
47579,2024,1,0.9203964845979027,1
47580,2024,0,0.6615021012391857,1
47581,2024,0,0.6615021012391857,1
47582,2024,0,0.983200965473255,1
47583,2024,1,0.9150418679313221,1
47584,2024,1,0.9203964845979027,1
47585,2024,0,0.9203964845979027,1
47586,2024,1,0.90886484025572,1
47587,2024,0,0.7723999982631301,1
47588,2024,0,0.8965132899021,1
47589,2024,0,0.8965132899021,1
47590,2024,0,0.8965132899021,1
47591,2024,0,0.8357530333716566,1
47592,2024,0,0.8357530333716566,1
47593,2024,0,0.8357530333716566,1
47594,2024,0,0.8357530333716566,1
47595,2024,0,0.8988872816087712,1
47596,2024,0,0.8988872816087712,1
47597,2024,0,0.8988872816087712,1
47598,2024,0,0.832537385666419,1
47599,2024,0,0.832537385666419,1
47600,2024,0,0.832537385666419,1
47601,2024,0,0.832537385666419,1
47602,2024,0,0.832537385666419,1
47603,2024,0,0.8041073362936394,1
47604,2024,0,0.8041073362936394,1
47605,2024,0,0.8041073362936394,1
47606,2024,0,0.9044807017546568,1
47607,2024,0,0.9044807017546568,1
47608,2024,0,0.8965132899021,1
47609,2024,0,0.8965132899021,1
47610,2024,1,0.8965132899021,1
47611,2024,0,0.7019945720055768,1
47612,2024,1,0.7019945720055768,1
47613,2024,0,0.7019945720055768,1
47614,2024,0,0.7019945720055768,1
47615,2024,0,0.7019945720055768,1
47616,2024,0,0.7019945720055768,1
47617,2024,0,0.7019945720055768,1
47618,2024,0,0.9691424014953011,1
47619,2024,0,0.9691424014953011,1
47620,2024,0,0.6150442602030168,1
47621,2024,0,0.6150442602030168,1
47622,2024,0,0.9342006812929692,1
47623,2024,0,0.9342006812929692,1
47624,2024,0,0.832537385666419,1
47625,2024,1,0.832537385666419,1
47626,2024,1,0.832537385666419,1
47627,2024,0,0.9435691359779932,1
47628,2024,1,0.9435691359779932,1
47629,2024,0,0.9258032198627769,1
47630,2024,0,0.9326031382436675,1
47631,2024,0,0.9326031382436675,1
47632,2024,0,0.9141186117863228,1
47633,2024,0,0.9165484747953375,1
47634,2024,0,0.9165484747953375,1
47635,2024,0,0.9724430683147218,1
47636,2024,1,0.9724430683147218,1
47637,2024,0,0.9724430683147218,1
47638,2024,0,0.9724430683147218,1
47639,2024,0,0.9274073176215959,1
47640,2024,0,0.9274073176215959,1
47641,2024,0,0.9274073176215959,1
47642,2024,0,0.9245932286947495,1
47643,2024,1,0.7885505715478403,1
47644,2024,0,0.7885505715478403,1
47645,2024,0,0.7885505715478403,1
47646,2024,0,0.7885505715478403,1
47647,2024,0,0.7885505715478403,1
47648,2024,0,0.7885505715478403,1
47649,2024,0,0.7885505715478403,1
47650,2024,0,0.7885505715478403,1
47651,2024,0,0.7885505715478403,1
47652,2024,0,0.7885505715478403,1
47653,2024,0,0.7885505715478403,1
47654,2024,0,0.7885505715478403,1
47655,2024,0,0.9245932286947495,1
47656,2024,0,0.9014769878173721,1
47657,2024,0,0.9014769878173721,1
47658,2024,0,0.9102903043189811,1
47659,2024,0,0.9102903043189811,1
47660,2024,0,0.8864313934410594,1
47661,2024,0,0.8864313934410594,1
47662,2024,1,0.7036105029910115,1
47663,2024,1,0.9305310778192085,1
47664,2024,1,0.9305310778192085,1
47665,2024,0,0.8895499666208879,1
47666,2024,0,0.8895499666208879,1
47667,2024,0,0.962793692145344,1
47668,2024,1,0.962793692145344,1
47669,2024,0,0.962793692145344,1
47670,2024,0,0.9325414550054182,1
47671,2024,0,0.8666389794625813,1
47672,2024,0,0.8666389794625813,1
47673,2024,0,0.8666389794625813,1
47674,2024,0,0.8053231153479736,1
47675,2024,0,0.7485530419732382,1
47676,2024,0,0.7485530419732382,1
47677,2024,0,0.9102101659666757,1
47678,2024,0,0.7885505715478403,1
47679,2024,0,0.7885505715478403,1
47680,2024,0,0.7885505715478403,1
47681,2024,0,0.7885505715478403,1
47682,2024,0,0.7885505715478403,1
47683,2024,0,0.7885505715478403,1
47684,2024,0,0.8189531295765275,1
47685,2024,0,0.8189531295765275,1
47686,2024,0,0.9733984097024972,1
47687,2024,0,0.7036105029910115,1
47688,2024,0,0.9141215713704801,1
47689,2024,0,0.9141215713704801,1
47690,2024,1,0.962793692145344,1
47691,2024,1,0.962793692145344,1
47695,2025,0,0.8590822836778956,1
47696,2025,0,0.8771800985804012,1
47697,2025,0,0.9309186743561181,1
47698,2025,0,0.8771800985804012,1
47699,2025,0,0.9309186743561181,1
47700,2025,0,0.9309186743561181,1
47701,2025,0,0.9309186743561181,1
47702,2025,0,0.9309186743561181,1
47703,2025,0,0.9309186743561181,1
47704,2025,0,0.6917647434474695,1
47705,2025,0,0.5432636425305908,1
47706,2025,0,0.6917647434474695,1
47707,2025,0,0.5432636425305908,1
47708,2025,1,0.9851269969875855,1
47709,2025,1,0.9798269079066217,1
47710,2025,1,0.9851269969875855,1
47711,2025,1,0.9798269079066217,1
47712,2025,0,0.8771800985804012,1
47713,2025,0,0.9309186743561181,1
47714,2025,0,0.9309186743561181,1
47715,2025,0,0.9309186743561181,1
47716,2025,0,0.9309186743561181,1
47717,2025,0,0.9145533382526938,1
47718,2025,0,0.9358805458798699,1
47719,2025,0,0.9358805458798699,1
47720,2025,0,0.9358805458798699,1
47721,2025,0,0.9263457375420587,1
47722,2025,0,0.9204532348182525,1
47723,2025,1,0.9204532348182525,1
47724,2025,1,0.9204532348182525,1
47725,2025,0,0.9455029394947395,1
47726,2025,1,0.9455029394947395,1
47727,2025,0,0.9455029394947395,1
47728,2025,0,0.9880748668052339,1
47729,2025,1,0.9441634030286971,1
47730,2025,0,0.7222223980950259,1
47731,2025,0,0.7222223980950259,1
47732,2025,0,0.7222223980950259,1
47733,2025,0,0.8037506539324223,1
47734,2025,0,0.8037506539324223,1
47735,2025,1,0.7649582280322853,1
47736,2025,1,0.9253715237401652,1
47737,2025,0,0.9447387359447613,1
47738,2025,1,0.9314379971099725,1
47739,2025,1,0.9314379971099725,1
47740,2025,0,0.7345074612135679,1
47741,2025,0,0.7345074612135679,1
47742,2025,1,0.8921721337067481,1
47743,2025,1,0.9398012698012189,1
47744,2025,1,0.9398012698012189,1
47745,2025,1,0.9398012698012189,1
47746,2025,1,0.9398012698012189,1
47747,2025,1,0.9398012698012189,1
47748,2025,1,0.9398012698012189,1
47749,2025,1,0.9398012698012189,1
47750,2025,1,0.9398012698012189,1
47751,2025,0,0.7222223980950259,1
47752,2025,0,0.7222223980950259,1
47753,2025,0,0.9838080034878579,1
47754,2025,0,0.9838080034878579,1
47755,2025,0,0.9838080034878579,1
47756,2024,0,0.6168674991895624,1
47757,2024,0,0.6168674991895624,1
47758,2024,0,0.7783196078527745,1
47759,2024,0,0.7783196078527745,1
47760,2024,1,0.9203964845979027,1
47761,2024,0,0.8858565960778861,1
47762,2024,1,0.9536252548360101,1
47763,2025,0,0.8590822836778956,1
47764,2025,0,0.8590822836778956,1
47765,2025,1,0.8771800985804012,1
47766,2025,1,0.9309186743561181,1
47767,2025,1,0.8771800985804012,1
47768,2025,1,0.9309186743561181,1
47769,2025,1,0.8771800985804012,1
47770,2025,1,0.9309186743561181,1
47771,2025,1,0.8771800985804012,1
47772,2025,1,0.9309186743561181,1
47773,2025,0,0.8771800985804012,1
47774,2025,0,0.8771800985804012,1
47775,2025,0,0.9309186743561181,1
47776,2025,0,0.9309186743561181,1
47777,2025,0,0.7208819768711995,1
47778,2025,0,0.7048463389800437,1
47779,2025,0,0.7048463389800437,1
47780,2025,0,0.8871242539108931,1
47781,2025,0,0.9263457375420587,1
47782,2025,0,0.9783717718653936,1
47783,2025,0,0.9840479455754164,1
47784,2025,0,0.8135415912457755,1
47785,2025,0,0.9134669444152526,1
47786,2025,0,0.9134669444152526,1
47787,2025,0,0.9441116659801857,1
47788,2025,0,0.9441116659801857,1
47789,2025,0,0.9384528687029174,1
47790,2025,0,0.9871357138388445,1
47791,2025,0,0.8855959289561575,1
47792,2025,0,0.9253037520617687,1
47793,2025,0,0.9179062073305675,1
47794,2025,0,0.9825387559690645,1
47795,2025,1,0.9825387559690645,1
47797,2025,0,0.9825387559690645,1
47798,2025,0,0.9825387559690645,1
47799,2025,0,0.6869231712962517,1
47800,2025,0,0.6869231712962517,1
47801,2025,0,0.7345074612135679,1
47802,2025,0,0.7345074612135679,1
47803,2025,0,0.7345074612135679,1
47804,2025,0,0.9389310849060998,1
47805,2025,1,0.9389310849060998,1
47806,2025,0,0.9389310849060998,1
47807,2025,1,0.9398012698012189,1
47808,2024,1,0.8918363571790224,1
47809,2024,1,0.8137772516893048,1
47810,2024,1,0.9263720115472334,1
47811,2024,1,0.9263720115472334,1
47812,2024,1,0.8678690234508388,1
47813,2024,1,0.8430778589330122,1
47814,2024,1,0.9325414550054182,1
47815,2024,1,0.9102101659666757,1
47816,2024,1,0.9175727379743989,1
47817,2024,1,0.9175727379743989,1
47818,2024,1,0.8856502212445567,1
47819,2024,1,0.8856502212445567,1
47820,2024,1,0.8856502212445567,1
47821,2024,1,0.8856502212445567,1
47822,2024,1,0.8666389794625813,1
47823,2024,1,0.8666389794625813,1
47824,2024,1,0.9245932286947495,1
47825,2024,1,0.9245932286947495,1
47826,2024,1,0.9245932286947495,1
47827,2024,1,0.9245932286947495,1
47828,2024,1,0.9854659703795509,1
47829,2024,1,0.9802842590945022,1
47830,2024,1,0.9802842590945022,1
47831,2024,1,0.9258032198627769,1
47832,2024,1,0.9843246157141566,1
47833,2024,1,0.9843246157141566,1
47834,2024,1,0.9787447623151779,1
47835,2024,1,0.9787447623151779,1
47836,2024,1,0.9908433847475684,1
47837,2024,1,0.9908433847475684,1
47838,2024,1,0.9908433847475684,1
47839,2024,1,0.9908433847475684,1
47840,2024,1,0.9908433847475684,1
47841,2024,1,0.9908433847475684,1
47842,2024,1,0.5489711326808018,1
47843,2024,1,0.5489711326808018,1
47844,2024,1,0.9480966231633045,1
47845,2024,1,0.9305310778192085,1
47846,2024,1,0.8765309795263359,1
47847,2024,1,0.8765309795263359,1
47848,2024,1,0.9305310778192085,1
47849,2024,1,0.9305310778192085,1
47850,2024,1,0.9305310778192085,1
47851,2024,1,0.9305310778192085,1
47852,2024,1,0.9305310778192085,1
47853,2024,1,0.8570656613029923,1
47854,2024,1,0.8910319690315631,1
47855,2024,1,0.8570656613029923,1
47856,2024,1,0.8910319690315631,1
47857,2024,1,0.8570656613029923,1
47858,2024,1,0.8570656613029923,1
47859,2024,1,0.8910319690315631,1
47860,2024,1,0.8858565960778861,1
47861,2024,1,0.9850848109451349,1
47862,2024,1,0.9850848109451349,1
47863,2024,1,0.9850848109451349,1
47864,2024,1,0.9850848109451349,1
47865,2024,1,0.9850848109451349,1
47866,2024,1,0.9954160228964296,1
47867,2024,1,0.9850848109451349,1
47868,2024,1,0.9850848109451349,1
47869,2024,1,0.9850848109451349,1
47870,2024,1,0.9850848109451349,1
47871,2024,1,0.9850848109451349,1
47872,2024,1,0.9850848109451349,1
47873,2024,1,0.9850848109451349,1
47874,2024,1,0.9850848109451349,1
47875,2024,1,0.9850848109451349,1
47876,2024,1,0.9850848109451349,1
47877,2024,1,0.9850848109451349,1
47878,2024,1,0.9850848109451349,1
47879,2024,1,0.9850848109451349,1
47880,2024,1,0.9850848109451349,1
47881,2024,1,0.9850848109451349,1
47882,2024,1,0.9954160228964296,1
47883,2024,1,0.9954160228964296,1
47884,2024,1,0.9954160228964296,1
47885,2024,1,0.9905265578301741,1
47886,2024,1,0.9905265578301741,1
47887,2024,1,0.9905265578301741,1
47888,2024,1,0.9905265578301741,1
47889,2024,1,0.9905265578301741,1
47890,2024,1,0.9905265578301741,1
47891,2024,1,0.9905265578301741,1
47892,2024,1,0.9905265578301741,1
47893,2024,1,0.9905265578301741,1
47894,2024,1,0.9905265578301741,1
47895,2024,1,0.9905265578301741,1
47896,2024,1,0.9905265578301741,1
47897,2024,1,0.9905265578301741,1
47898,2024,1,0.9905265578301741,1
47899,2024,1,0.9905265578301741,1
47900,2024,1,0.9905265578301741,1
47901,2024,1,0.9905265578301741,1
47902,2024,1,0.9905265578301741,1
47903,2024,1,0.9905265578301741,1
47904,2024,1,0.9905265578301741,1
47905,2024,1,0.9970995666888398,1
47906,2024,1,0.9970995666888398,1
47907,2024,1,0.9970995666888398,1
47908,2024,1,0.9993096366547973,1
47909,2024,1,0.9986982038826571,1
47910,2024,1,0.9993096366547973,1
47911,2024,1,0.9993096366547973,1
47912,2024,1,0.9993096366547973,1
47913,2024,1,0.9994040344857152,1
47914,2024,1,0.9994040344857152,1
47915,2024,1,0.9994040344857152,1
47916,2024,1,0.9994040344857152,1
47917,2024,1,0.9994040344857152,1
47918,2024,1,0.9724430683147218,1
47919,2024,1,0.9724430683147218,1
47920,2024,1,0.962793692145344,1
47921,2024,1,0.962793692145344,1
47922,2024,1,0.7218797475279451,1
47923,2024,1,0.7218797475279451,1
47924,2024,1,0.7218797475279451,1
47925,2025,0,0.14496341850902314,0
47926,2025,0,0.16570774171167443,0
47927,2025,1,0.9339021052157651,1
47928,2025,1,0.9339021052157651,1
47929,2025,1,0.9506604660900555,1
47930,2025,0,0.7859547289951954,1
47931,2025,0,0.7859547289951954,1
47932,2025,0,0.8738686076119994,1
47933,2025,0,0.8738686076119994,1
47934,2025,0,0.7859547289951954,1
47935,2025,0,0.8738686076119994,1
47936,2025,1,0.9646586137867117,1
47937,2025,1,0.9646586137867117,1
47938,2025,0,0.9222410295006912,1
47939,2025,0,0.9222410295006912,1
47940,2025,0,0.9222410295006912,1
47941,2025,0,0.8871242539108931,1
47942,2025,0,0.9264126390149967,1
47943,2025,0,0.9264126390149967,1
47944,2025,1,0.9241657327837152,1
47945,2025,1,0.9241657327837152,1
47946,2025,0,0.9455029394947395,1
47947,2025,1,0.3211256030070468,0
47948,2025,1,0.3211256030070468,0
47949,2025,0,0.9880748668052339,1
47950,2025,1,0.9880748668052339,1
47951,2025,0,0.9384528687029174,1
47952,2025,0,0.9384528687029174,1
47953,2025,0,0.9384528687029174,1
47954,2025,0,0.9441634030286971,1
47955,2025,0,0.4285224331983235,0
47956,2025,0,0.9838080034878579,1
47957,2025,1,0.9838080034878579,1
47958,2025,0,0.9179062073305675,1
47959,2025,0,0.9179062073305675,1
47960,2025,0,0.9179062073305675,1
47961,2025,0,0.9253715237401652,1
47962,2025,0,0.9253715237401652,1
47963,2025,1,0.9424248116875856,1
47964,2025,1,0.9424248116875856,1
47965,2025,0,0.2565115959458924,0
47966,2025,0,0.925084249727252,1
47967,2025,0,0.925084249727252,1
47968,2025,0,0.925084249727252,1
47969,2025,0,0.9299296630495613,1
47970,2025,0,0.8771800985804012,1
47971,2025,0,0.9309186743561181,1
47972,2025,0,0.7208819768711995,1
47973,2025,0,0.9299296630495613,1
47974,2025,1,0.9299296630495613,1
47975,2025,1,0.9299296630495613,1
47976,2025,0,0.8771800985804012,1
47977,2025,0,0.8771800985804012,1
47978,2025,0,0.9309186743561181,1
47979,2025,0,0.7859547289951954,1
47980,2025,0,0.8738686076119994,1
47981,2025,0,0.7859547289951954,1
47982,2025,0,0.7859547289951954,1
47983,2025,0,0.8738686076119994,1
47984,2025,0,0.8738686076119994,1
47985,2025,0,0.7859547289951954,1
47986,2025,0,0.7859547289951954,1
47989,2025,0,0.8557162889839289,1
47990,2025,0,0.7755841417263737,1
47991,2025,0,0.7755841417263737,1
47992,2025,1,0.882190645729802,1
47993,2025,1,0.9339021052157651,1
47994,2025,0,0.9339021052157651,1
47995,2025,0,0.7208819768711995,1
47996,2025,0,0.9738374693833497,1
47997,2025,0,0.9738374693833497,1
47998,2025,0,0.8756922665997294,1
47999,2025,0,0.8756922665997294,1
48000,2025,0,0.8756922665997294,1
48001,2025,1,0.9238326416831079,1
48002,2025,1,0.8989308653967562,1
48003,2025,0,0.16578530219287188,0
48004,2025,0,0.2727126464828586,0
48005,2025,0,0.9299296630495613,1
48006,2025,0,0.9299296630495613,1
48007,2025,1,0.9299296630495613,1
48008,2025,1,0.9299296630495613,1
48009,2025,1,0.9299296630495613,1
48010,2025,1,0.9299296630495613,1
48011,2025,1,0.9299296630495613,1
48012,2025,1,0.9299296630495613,1
48013,2025,0,0.7859547289951954,1
48014,2025,0,0.7859547289951954,1
48015,2025,0,0.9358216557854108,1
48016,2025,0,0.9862107471777808,1
48017,2025,0,0.9862107471777808,1
48018,2025,1,0.9862107471777808,1
48019,2025,0,0.9293862600021453,1
48020,2025,0,0.9293862600021453,1
48021,2025,0,0.9293862600021453,1
48022,2025,1,0.9293862600021453,1
48023,2025,1,0.9293862600021453,1
48024,2025,0,0.9293862600021453,1
48025,2025,0,0.9293862600021453,1
48026,2025,0,0.8557162889839289,1
48027,2025,0,0.8557162889839289,1
48028,2025,0,0.7755841417263737,1
48029,2025,0,0.7755841417263737,1
48030,2025,1,0.9646586137867117,1
48031,2025,1,0.9646586137867117,1
48032,2025,1,0.9738374693833497,1
48033,2025,1,0.9738374693833497,1
48034,2025,1,0.9646586137867117,1
48035,2025,1,0.8989308653967562,1
48036,2025,1,0.9299296630495613,1
48037,2025,1,0.9299296630495613,1
48038,2025,0,0.6917647434474695,1
48039,2025,0,0.6917647434474695,1
48040,2025,0,0.6917647434474695,1
48041,2025,1,0.6917647434474695,1
48042,2025,0,0.9862107471777808,1
48043,2025,0,0.9061156385552626,1
48044,2025,0,0.9293862600021453,1
48045,2025,0,0.9293862600021453,1
48046,2025,0,0.9293862600021453,1
48047,2025,1,0.9293862600021453,1
48048,2025,1,0.9196584798631967,1
48049,2025,1,0.959255086113685,1
48050,2025,1,0.8846792505221797,1
48051,2025,1,0.9196584798631967,1
48052,2025,1,0.9196584798631967,1
48053,2025,1,0.8846792505221797,1
48054,2025,1,0.8135415912457755,1
48055,2025,0,0.9321580970354769,1
48056,2025,0,0.916286754658907,1
48057,2025,0,0.916286754658907,1
48058,2025,0,0.916286754658907,1
48059,2025,0,0.916286754658907,1
48060,2025,0,0.916286754658907,1
48061,2025,0,0.9441116659801857,1
48062,2025,0,0.9441116659801857,1
48063,2025,0,0.9441116659801857,1
48064,2025,0,0.9384528687029174,1
48065,2025,0,0.9441634030286971,1
48066,2025,1,0.9441634030286971,1
48067,2025,1,0.9441634030286971,1
48068,2025,0,0.9441634030286971,1
48069,2025,0,0.9441634030286971,1
48070,2025,0,0.9097121891402306,1
48071,2025,0,0.30284781873577943,0
48072,2025,0,0.9389310849060998,1
48073,2025,0,0.9389310849060998,1
48074,2025,1,0.9389310849060998,1
48075,2025,1,0.9389310849060998,1
48076,2025,1,0.9389310849060998,1
48077,2025,1,0.9398012698012189,1
48078,2025,1,0.9398012698012189,1
48079,2025,0,0.9398012698012189,1
48080,2025,1,0.9398012698012189,1
48081,2025,0,0.9398012698012189,1
48082,2025,0,0.9398012698012189,1
48083,2025,0,0.8855959289561575,1
48084,2025,0,0.8892138085827037,1
48085,2025,0,0.8892138085827037,1
48086,2025,0,0.8892138085827037,1
48087,2025,0,0.8892138085827037,1
48088,2025,0,0.8892138085827037,1
48089,2025,0,0.9253037520617687,1
48090,2025,0,0.9253037520617687,1
48091,2025,0,0.9253037520617687,1
48092,2025,0,0.9838080034878579,1
48093,2025,0,0.9179062073305675,1
48094,2025,0,0.9538293093750614,1
48095,2025,0,0.795482630252878,1
48096,2025,0,0.9253715237401652,1
48097,2025,1,0.9253715237401652,1
48098,2025,1,0.9441634030286971,1
48100,2025,0,0.9253715237401652,1
48101,2025,0,0.9253715237401652,1
48102,2025,0,0.9253715237401652,1
48103,2025,0,0.9447387359447613,1
48104,2025,0,0.9447387359447613,1
48105,2025,1,0.6327732537256906,1
48106,2025,1,0.9424248116875856,1
48107,2025,1,0.9115356490974127,1
48108,2025,1,0.9115356490974127,1
48109,2025,0,0.9134669444152526,1
48110,2025,0,0.9441116659801857,1
48111,2025,0,0.9672276446438148,1
48112,2025,0,0.8348490242869252,1
48113,2025,0,0.9097121891402306,1
48114,2025,0,0.9389310849060998,1
48115,2025,1,0.9389310849060998,1
48116,2025,0,0.8855959289561575,1
48117,2025,0,0.9253037520617687,1
48118,2025,0,0.8200518947304165,1
48119,2025,0,0.8200518947304165,1
48120,2025,0,0.8200518947304165,1
48121,2025,1,0.7222223980950259,1
48122,2025,0,0.9558349695508893,1
48123,2025,0,0.9314379971099725,1
48124,2025,1,0.9314379971099725,1
48125,2025,1,0.9314379971099725,1
48126,2025,1,0.9314379971099725,1
48127,2025,1,0.9314379971099725,1
48128,2025,1,0.9314379971099725,1
48129,2025,1,0.9314379971099725,1
48130,2025,0,0.9314379971099725,1
48131,2025,0,0.9314379971099725,1
48132,2025,0,0.7436523116811107,1
48133,2025,1,0.8001521127732744,1
48134,2025,1,0.9424248116875856,1
48135,2025,1,0.9424248116875856,1
48136,2025,1,0.9424248116875856,1
48137,2025,1,0.9424248116875856,1
48138,2025,1,0.9424248116875856,1
48139,2025,1,0.9424248116875856,1
48140,2025,1,0.9424248116875856,1
48141,2025,1,0.9424248116875856,1
48142,2025,1,0.9424248116875856,1
48143,2025,1,0.9424248116875856,1
48144,2025,1,0.9424248116875856,1
48145,2025,1,0.9286092240850128,1
48146,2025,1,0.9115356490974127,1
48147,2025,1,0.9115356490974127,1
48148,2025,0,0.40222664239295775,0
48149,2025,0,0.40222664239295775,0
48150,2025,0,0.9299296630495613,1
48151,2025,0,0.8771800985804012,1
48152,2025,0,0.9309186743561181,1
48153,2025,0,0.8771800985804012,1
48154,2025,0,0.9309186743561181,1
48155,2025,0,0.8771800985804012,1
48156,2025,1,0.9339021052157651,1
48157,2025,1,0.9339021052157651,1
48158,2025,1,0.9339021052157651,1
48159,2025,1,0.9339021052157651,1
48160,2025,0,0.9222410295006912,1
48161,2025,0,0.896876984063129,1
48162,2025,0,0.896876984063129,1
48163,2025,1,0.8771800985804012,1
48164,2025,1,0.9309186743561181,1
48165,2025,1,0.8771800985804012,1
48166,2025,1,0.9309186743561181,1
48167,2025,1,0.8771800985804012,1
48168,2025,1,0.9309186743561181,1
48169,2025,1,0.8771800985804012,1
48170,2025,1,0.9309186743561181,1
48171,2025,1,0.9339021052157651,1
48172,2025,0,0.8756922665997294,1
48173,2025,1,0.9299296630495613,1
48174,2025,1,0.9299296630495613,1
48175,2025,1,0.8771800985804012,1
48176,2025,1,0.9309186743561181,1
48177,2025,1,0.9309186743561181,1
48178,2025,0,0.9862107471777808,1
48179,2025,0,0.9358805458798699,1
48180,2025,0,0.9358805458798699,1
48181,2025,0,0.9851269969875855,1
48182,2025,0,0.9851269969875855,1
48183,2025,0,0.9798269079066217,1
48184,2025,1,0.9851269969875855,1
48185,2025,1,0.9339021052157651,1
48186,2025,0,0.920540077853091,1
48187,2025,0,0.894684561242128,1
48188,2025,0,0.920540077853091,1
48189,2025,0,0.9222410295006912,1
48190,2025,1,0.8771800985804012,1
48191,2025,1,0.9309186743561181,1
48192,2025,1,0.9309186743561181,1
48193,2025,1,0.9339021052157651,1
48194,2025,0,0.8340620282590482,1
48195,2025,0,0.904614985249368,1
48196,2025,1,0.9241657327837152,1
48197,2025,1,0.9241657327837152,1
48198,2025,1,0.9241657327837152,1
48199,2025,0,0.8057145850300258,1
48200,2025,0,0.8057145850300258,1
48201,2025,0,0.8057145850300258,1
48202,2025,0,0.8057145850300258,1
48203,2025,0,0.8057145850300258,1
48204,2025,0,0.8787196437730399,1
48205,2025,0,0.8787196437730399,1
48206,2025,0,0.8787196437730399,1
48207,2025,0,0.8787196437730399,1
48208,2025,0,0.8787196437730399,1
48209,2025,0,0.8614577172897059,1
48210,2025,0,0.8614577172897059,1
48211,2025,0,0.8614577172897059,1
48212,2025,0,0.8614577172897059,1
48213,2025,0,0.8614577172897059,1
48214,2025,0,0.8614577172897059,1
48215,2025,0,0.8614577172897059,1
48216,2025,0,0.8614577172897059,1
48217,2025,0,0.8614577172897059,1
48218,2025,0,0.8614577172897059,1
48219,2025,0,0.8614577172897059,1
48220,2025,0,0.8614577172897059,1
48221,2025,0,0.8614577172897059,1
48222,2025,0,0.8614577172897059,1
48223,2025,0,0.8614577172897059,1
48224,2025,0,0.8614577172897059,1
48225,2025,0,0.8614577172897059,1
48226,2025,0,0.8614577172897059,1
48227,2025,0,0.8614577172897059,1
48228,2025,0,0.8614577172897059,1
48229,2025,0,0.9157079684009706,1
48230,2025,0,0.9157079684009706,1
48231,2025,0,0.9157079684009706,1
48232,2025,0,0.9157079684009706,1
48233,2025,0,0.9157079684009706,1
48234,2025,0,0.9157079684009706,1
48235,2025,0,0.9157079684009706,1
48236,2025,0,0.9157079684009706,1
48237,2025,0,0.9157079684009706,1
48238,2025,0,0.9157079684009706,1
48239,2025,0,0.9157079684009706,1
48240,2025,0,0.9157079684009706,1
48241,2025,0,0.9157079684009706,1
48242,2025,0,0.9157079684009706,1
48243,2025,0,0.9157079684009706,1
48244,2025,0,0.9157079684009706,1
48245,2025,0,0.9157079684009706,1
48246,2025,0,0.9746059161422966,1
48247,2025,0,0.9746059161422966,1
48248,2025,0,0.12213489467894927,0
48249,2025,0,0.17259911277658196,0
48250,2025,0,0.19553987861210723,0
48251,2025,0,0.2671055242288208,0
48252,2025,0,0.7291569570499352,1
48253,2025,0,0.7291569570499352,1
48254,2025,0,0.955316115175864,1
48255,2025,0,0.6637728344404507,1
48256,2025,1,0.9384528687029174,1
48257,2025,0,0.9384528687029174,1
48258,2025,0,0.9384528687029174,1
48259,2025,0,0.9306577670383597,1
48260,2025,0,0.9389310849060998,1
48261,2025,0,0.9398012698012189,1
48262,2025,0,0.9398012698012189,1
48263,2025,0,0.9398012698012189,1
48264,2025,0,0.9398012698012189,1
48265,2025,1,0.9179062073305675,1
48266,2025,0,0.9179062073305675,1
48267,2025,0,0.9179062073305675,1
48268,2025,0,0.9179062073305675,1
48269,2025,0,0.9179062073305675,1
48270,2025,0,0.9179062073305675,1
48271,2025,1,0.9179062073305675,1
48272,2025,1,0.9179062073305675,1
48273,2025,0,0.8001521127732744,1
48274,2025,0,0.8001521127732744,1
48275,2025,1,0.9424248116875856,1
48276,2025,1,0.9424248116875856,1
48277,2025,0,0.9077645830561873,1
48278,2025,0,0.8568276501224911,1
48279,2025,0,0.28439253082712296,0
48280,2025,0,0.28439253082712296,0
48281,2025,0,0.8881568618822804,1
48282,2025,0,0.8881568618822804,1
48283,2025,0,0.8881568618822804,1
48284,2025,0,0.9657208037557744,1
48285,2025,0,0.9163107734223653,1
48286,2025,1,0.9389310849060998,1
48287,2025,0,0.4285224331983235,0
48288,2025,0,0.4285224331983235,0
48289,2025,0,0.4285224331983235,0
48290,2025,0,0.9538293093750614,1
48291,2025,0,0.9425835898960945,1
48292,2025,1,0.9314379971099725,1
48293,2025,1,0.8001521127732744,1
48294,2025,0,0.23345414288011673,0
48295,2025,0,0.23345414288011673,0
48296,2025,1,0.8906935367606857,1
48297,2025,1,0.9389310849060998,1
48298,2025,1,0.9389310849060998,1
48299,2025,1,0.9389310849060998,1
48300,2025,1,0.9389310849060998,1
48301,2025,1,0.9389310849060998,1
48302,2025,1,0.9389310849060998,1
48303,2025,1,0.9389310849060998,1
48304,2025,1,0.9389310849060998,1
48305,2025,1,0.9389310849060998,1
48306,2025,1,0.9389310849060998,1
48307,2025,1,0.9389310849060998,1
48308,2025,1,0.8771800985804012,1
48309,2025,1,0.8771800985804012,1
48310,2025,1,0.8771800985804012,1
48311,2025,1,0.8771800985804012,1
48312,2025,1,0.9309186743561181,1
48313,2025,1,0.9309186743561181,1
48314,2025,1,0.9309186743561181,1
48315,2025,1,0.9309186743561181,1
48316,2025,1,0.8771800985804012,1
48317,2025,1,0.8771800985804012,1
48318,2025,1,0.8771800985804012,1
48319,2025,1,0.9309186743561181,1
48320,2025,1,0.9309186743561181,1
48321,2025,1,0.9309186743561181,1
48322,2025,1,0.9309186743561181,1
48323,2025,1,0.9309186743561181,1
48324,2025,1,0.9309186743561181,1
48325,2025,1,0.8771800985804012,1
48326,2025,1,0.8771800985804012,1
48327,2025,1,0.8771800985804012,1
48328,2025,1,0.9309186743561181,1
48329,2025,1,0.9309186743561181,1
48330,2025,1,0.9309186743561181,1
48331,2025,1,0.9309186743561181,1
48332,2025,1,0.9309186743561181,1
48333,2025,1,0.9398012698012189,1
48334,2025,1,0.9398012698012189,1
48335,2025,1,0.9398012698012189,1
48336,2025,1,0.9398012698012189,1
48337,2025,1,0.9398012698012189,1
48338,2025,1,0.9398012698012189,1
48339,2025,1,0.9398012698012189,1
48340,2025,1,0.9398012698012189,1
48341,2025,1,0.8587575408622855,1
48342,2025,1,0.9253037520617687,1
48343,2025,1,0.9318369518780878,1
48344,2025,1,0.9318369518780878,1
48345,2025,1,0.9318369518780878,1
48346,2025,1,0.9318369518780878,1
48347,2025,1,0.9558349695508893,1
48348,2025,1,0.9558349695508893,1
48349,2025,1,0.9558349695508893,1
48350,2025,1,0.9558349695508893,1
48351,2025,1,0.6917647434474695,1
48352,2025,1,0.579474882144193,1
48353,2025,1,0.7222223980950259,1
48354,2025,1,0.7222223980950259,1
48355,2025,1,0.7222223980950259,1
48356,2025,1,0.7222223980950259,1
48357,2025,1,0.9384528687029174,1
48358,2025,1,0.9384528687029174,1
48359,2025,1,0.9384528687029174,1
48360,2025,1,0.9179062073305675,1
48361,2025,1,0.9061156385552626,1
48362,2025,1,0.8364720101703409,1
48363,2025,1,0.8364720101703409,1
48364,2025,1,0.8364720101703409,1
48365,2025,1,0.9061156385552626,1
48366,2025,1,0.8679299947843797,1
48367,2025,1,0.8679299947843797,1
48368,2025,1,0.9253715237401652,1
48369,2025,1,0.9253715237401652,1
48370,2025,1,0.9441634030286971,1
48371,2025,1,0.9924943729261118,1
48372,2025,1,0.9924943729261118,1
48373,2025,1,0.9924943729261118,1
48374,2025,1,0.9859318535354463,1
48375,2025,1,0.9859318535354463,1
48376,2025,1,0.9924943729261118,1
48377,2025,1,0.9924943729261118,1
48378,2025,1,0.9924943729261118,1
48379,2025,1,0.9924943729261118,1
48380,2025,1,0.6327732537256906,1
48381,2025,1,0.6327732537256906,1
48382,2025,1,0.9339021052157651,1
48383,2025,1,0.9339021052157651,1
48384,2025,1,0.882190645729802,1
48385,2025,1,0.9339021052157651,1
48386,2025,1,0.9339021052157651,1
48387,2025,1,0.9339021052157651,1
48388,2025,1,0.882190645729802,1
48389,2025,1,0.9339021052157651,1
48390,2025,1,0.8659305710002227,1
48391,2025,1,0.9241657327837152,1
48392,2025,1,0.8966431329719078,1
48393,2025,1,0.9424248116875856,1
48394,2025,1,0.9424248116875856,1
48395,2025,1,0.9424248116875856,1
48396,2025,1,0.9424248116875856,1
48397,2025,1,0.9424248116875856,1
48398,2025,1,0.6869231712962517,1
48399,2025,1,0.6869231712962517,1
48400,2025,1,0.920540077853091,1
48401,2025,1,0.920540077853091,1
48402,2025,1,0.989097411457055,1
48403,2025,1,0.989097411457055,1
48404,2025,1,0.989097411457055,1
48405,2025,1,0.97962574206613,1
48406,2025,1,0.97962574206613,1
48407,2025,1,0.9823641459091337,1
48408,2025,1,0.9905750227030172,1
48409,2025,1,0.9905750227030172,1
48410,2025,1,0.9905750227030172,1
48411,2025,1,0.9905750227030172,1
48412,2025,1,0.9905750227030172,1
48413,2025,1,0.904614985249368,1
48414,2025,1,0.8340620282590482,1
48415,2025,1,0.8340620282590482,1
48416,2025,1,0.9952801025291677,1
48417,2025,1,0.9877612767763185,1
48418,2025,1,0.9952801025291677,1
48419,2025,1,0.9877612767763185,1
48420,2025,1,0.9952801025291677,1
48421,2025,1,0.9877612767763185,1
48422,2025,1,0.9877612767763185,1
48423,2025,1,0.9877612767763185,1
48424,2025,1,0.9877612767763185,1
48425,2025,1,0.9952801025291677,1
48426,2025,1,0.9877612767763185,1
48427,2025,1,0.9877612767763185,1
48428,2025,1,0.9970134156211248,1
48429,2025,1,0.9922342239229266,1
48430,2025,1,0.9922342239229266,1
48431,2025,1,0.9970134156211248,1
48432,2025,1,0.9970134156211248,1
48433,2025,1,0.9922342239229266,1
48434,2025,1,0.9922342239229266,1
48435,2025,1,0.9922342239229266,1
48436,2025,1,0.9922342239229266,1
48437,2025,1,0.9970134156211248,1
48438,2025,1,0.9922342239229266,1
48439,2025,1,0.9922342239229266,1
48440,2025,1,0.20816227127439652,0
48441,2025,1,0.20816227127439652,0
48442,2025,1,0.20816227127439652,0
48443,2025,1,0.20816227127439652,0
48444,2025,1,0.4500701017886003,0
48445,2025,1,0.6069493248152993,1
48446,2025,1,0.9115356490974127,1
48447,2025,1,0.9115356490974127,1
48448,2025,1,0.8452258396020863,1
48449,2025,1,0.8452258396020863,1
48450,2025,1,0.8452258396020863,1
48451,2025,1,0.8452258396020863,1
48452,2024,1,0.1411980984894033,0
48453,2024,0,0.3668929152542244,0
48454,2024,1,0.9203964845979027,1
48455,2024,0,0.8521754183137222,1
48456,2024,0,0.9226757778582548,1
48457,2024,0,0.8044283795405504,1
48458,2024,0,0.7019945720055768,1
48459,2024,0,0.7019945720055768,1
48460,2024,1,0.9285163372087472,1
48461,2024,1,0.832537385666419,1
48462,2024,1,0.9258032198627769,1
48463,2024,0,0.8636609742440322,1
48464,2024,1,0.9014769878173721,1
48465,2024,0,0.9325414550054182,1
48466,2024,0,0.960241459741083,1
48467,2024,0,0.9102101659666757,1
48468,2024,0,0.9465543693098046,1
48469,2024,1,0.832649198096928,1
48470,2024,1,0.9937376233131677,1
48471,2024,1,0.9937376233131677,1
48472,2024,1,0.9305310778192085,1
48473,2024,1,0.9993096366547973,1
48474,2024,1,0.9994040344857152,1
48475,2024,1,0.9988761128307149,1
48476,2024,1,0.9988761128307149,1
48477,2025,0,0.8286888959037508,1
48478,2025,1,0.9012559193582197,1
48479,2025,0,0.8286888959037508,1
48480,2025,0,0.8286888959037508,1
48481,2025,1,0.882190645729802,1
48482,2025,0,0.9339021052157651,1
48483,2025,0,0.9339021052157651,1
48484,2025,0,0.5586264662663742,1
48485,2025,0,0.5586264662663742,1
48486,2025,1,0.9339021052157651,1
48487,2025,1,0.9339021052157651,1
48488,2025,1,0.882190645729802,1
48490,2025,1,0.9738374693833497,1
48492,2025,1,0.9646586137867117,1
48493,2025,0,0.9738374693833497,1
48494,2025,0,0.9738374693833497,1
48495,2025,0,0.9738374693833497,1
48496,2025,0,0.9738374693833497,1
48497,2025,1,0.9862107471777808,1
48498,2025,1,0.882190645729802,1
48499,2025,1,0.9339021052157651,1
48500,2025,0,0.920540077853091,1
48501,2025,0,0.920540077853091,1
48502,2025,0,0.9862107471777808,1
48503,2025,1,0.9862107471777808,1
48504,2025,0,0.9862107471777808,1
48505,2025,1,0.9862107471777808,1
48506,2025,0,0.9339021052157651,1
48507,2025,0,0.673177129923919,1
48508,2025,0,0.673177129923919,1
48509,2025,0,0.7671610897308733,1
48510,2025,0,0.9136909839982994,1
48511,2025,0,0.9136909839982994,1
48512,2025,1,0.9136909839982994,1
48513,2025,0,0.661291370240505,1
48514,2025,0,0.6540745498012988,1
48515,2025,0,0.6540745498012988,1
48516,2025,0,0.8586602112138543,1
48517,2025,0,0.8586602112138543,1
48518,2025,1,0.8586602112138543,1
48519,2025,1,0.8586602112138543,1
48520,2025,0,0.9657208037557744,1
48521,2025,0,0.9441634030286971,1
48522,2025,0,0.9306577670383597,1
48523,2025,0,0.9306577670383597,1
48524,2025,0,0.8908433142847353,1
48525,2025,0,0.8908433142847353,1
48526,2025,0,0.9097121891402306,1
48527,2025,0,0.9097121891402306,1
48528,2025,0,0.9389310849060998,1
48529,2025,0,0.9538293093750614,1
48530,2025,0,0.755552926209539,1
48531,2025,0,0.755552926209539,1
48532,2025,0,0.755552926209539,1
48533,2025,0,0.755552926209539,1
48534,2025,0,0.9253715237401652,1
48535,2025,1,0.7436523116811107,1
48536,2025,0,0.9051054390959212,1
48537,2025,0,0.8001521127732744,1
48538,2025,0,0.8001521127732744,1
48539,2025,0,0.8001521127732744,1
48540,2025,0,0.9077645830561873,1
48541,2025,0,0.9077645830561873,1
48542,2025,0,0.9077645830561873,1
48543,2025,0,0.7345074612135679,1
48544,2025,0,0.7345074612135679,1
48545,2025,0,0.7345074612135679,1
48546,2025,0,0.8568276501224911,1
48547,2025,0,0.8568276501224911,1
48548,2025,0,0.8568276501224911,1
48549,2025,0,0.673355695709029,1
48550,2025,0,0.673355695709029,1
48551,2025,0,0.673355695709029,1
48552,2025,0,0.673355695709029,1
48553,2025,1,0.9436915666788775,1
48554,2025,0,0.7843837956527199,1
48555,2025,0,0.7843837956527199,1
48556,2025,0,0.8644661217754076,1
48557,2025,0,0.8468050672387553,1
48558,2025,0,0.8468050672387553,1
48559,2025,0,0.795482630252878,1
48560,2025,0,0.795482630252878,1
48561,2025,0,0.795482630252878,1
48562,2025,0,0.795482630252878,1
48563,2025,0,0.755552926209539,1
48564,2025,0,0.755552926209539,1
48565,2025,0,0.9314379971099725,1
48566,2025,0,0.9314379971099725,1
48567,2025,0,0.9314379971099725,1
48568,2025,1,0.8001521127732744,1
48569,2025,1,0.8001521127732744,1
48570,2025,1,0.9286092240850128,1
48571,2025,0,0.9165766641370412,1
48572,2025,0,0.9165766641370412,1
48573,2025,0,0.7345074612135679,1
48574,2025,0,0.7345074612135679,1
48575,2025,1,0.9058174733174512,1
48576,2024,0,0.7723999982631301,1
48577,2024,0,0.8357530333716566,1
48578,2025,0,0.5163342111778539,1
48579,2025,0,0.8036208445477667,1
48580,2025,0,0.8036208445477667,1
48581,2025,1,0.137675632128375,0
48582,2025,0,0.9234328548836105,1
48583,2025,0,0.9234328548836105,1
48584,2025,0,0.8109797629182405,1
48585,2025,0,0.8109797629182405,1
48586,2025,0,0.8109797629182405,1
48587,2025,0,0.8109797629182405,1
48588,2025,0,0.8274105022238745,1
48589,2025,0,0.8340620282590482,1
48590,2025,0,0.8340620282590482,1
48591,2025,0,0.904614985249368,1
48592,2025,0,0.904614985249368,1
48593,2025,0,0.904614985249368,1
48594,2025,0,0.904614985249368,1
48595,2025,0,0.9646586137867117,1
48596,2025,0,0.9646586137867117,1
48597,2025,0,0.920540077853091,1
48598,2025,0,0.920540077853091,1
48599,2025,1,0.9339021052157651,1
48600,2025,1,0.9339021052157651,1
48601,2025,1,0.9533425573781527,1
48602,2025,0,0.9533425573781527,1
48603,2025,0,0.9672276446438148,1
48604,2025,0,0.9384528687029174,1
48605,2025,0,0.9286067247873692,1
48606,2025,0,0.9306577670383597,1
48607,2025,0,0.9374352255450684,1
48608,2025,0,0.9374352255450684,1
48609,2025,1,0.8200518947304165,1
48610,2025,0,0.9558349695508893,1
48611,2025,0,0.9051054390959212,1
48612,2025,0,0.8001521127732744,1
48613,2025,0,0.8001521127732744,1
48614,2025,1,0.8966431329719078,1
48615,2025,0,0.8866324974563112,1
48616,2025,0,0.8866324974563112,1
48617,2025,0,0.9165766641370412,1
48618,2025,0,0.9165766641370412,1
48619,2025,0,0.9165766641370412,1
48620,2025,0,0.8096659942524899,1
48621,2025,0,0.8678175104746626,1
48622,2025,0,0.8678175104746626,1
48623,2025,0,0.8678175104746626,1
48624,2025,0,0.8678175104746626,1
48625,2025,0,0.9198092210637154,1
48626,2025,0,0.9198092210637154,1
48627,2025,0,0.9198092210637154,1
48628,2025,0,0.9198092210637154,1
48629,2025,0,0.8644661217754076,1
48630,2025,0,0.9077818486254626,1
48631,2025,0,0.9077818486254626,1
48632,2025,0,0.9077818486254626,1
48633,2025,0,0.9077818486254626,1
48634,2025,0,0.9128872349829783,1
48635,2025,0,0.9450496219261215,1
48636,2025,0,0.9450496219261215,1
48637,2025,0,0.9450496219261215,1
48638,2025,0,0.9450496219261215,1
48639,2025,1,0.9314379971099725,1
48640,2025,1,0.9314379971099725,1
48641,2025,1,0.9314379971099725,1
48642,2025,1,0.9314379971099725,1
48643,2025,1,0.9314379971099725,1
48644,2025,1,0.9314379971099725,1
48645,2025,1,0.9314379971099725,1
48646,2025,1,0.9314379971099725,1
48647,2025,1,0.9314379971099725,1
48648,2025,0,0.8866324974563112,1
48649,2025,0,0.9165766641370412,1
48650,2025,0,0.9165766641370412,1
48651,2025,0,0.9165766641370412,1
48652,2025,1,0.30284781873577943,0
48653,2025,1,0.9389310849060998,1
48654,2025,1,0.7843837956527199,1
48655,2025,1,0.9398012698012189,1
48656,2025,1,0.7291569570499352,1
48657,2025,1,0.4285224331983235,0
48658,2025,1,0.8036208445477667,1
48659,2025,1,0.8036208445477667,1
48660,2025,1,0.8853373611070886,1
48661,2025,1,0.8853373611070886,1
48662,2025,1,0.8853373611070886,1
48663,2025,1,0.9533425573781527,1
48664,2025,1,0.755552926209539,1
48665,2025,1,0.755552926209539,1
48666,2025,1,0.9441634030286971,1
48667,2025,1,0.9253715237401652,1
48668,2025,1,0.9314379971099725,1
48669,2025,1,0.9314379971099725,1
48670,2025,1,0.9825387559690645,1
48671,2025,1,0.7436523116811107,1
48672,2025,1,0.8001521127732744,1
48673,2025,1,0.8001521127732744,1
48674,2025,1,0.9424248116875856,1
48675,2025,1,0.9424248116875856,1
48676,2025,1,0.8291779259885498,1
48677,2025,1,0.8989308653967562,1
48678,2025,1,0.8846792505221797,1
48679,2025,1,0.9115356490974127,1
48680,2025,1,0.9115356490974127,1
48681,2025,1,0.9389310849060998,1
48682,2025,1,0.9389310849060998,1
48683,2025,1,0.8906935367606857,1
48684,2025,1,0.8906935367606857,1
48685,2025,1,0.8906935367606857,1
48686,2025,1,0.9389310849060998,1
48687,2025,1,0.9389310849060998,1
48688,2025,1,0.9299296630495613,1
48689,2025,1,0.9299296630495613,1
48690,2025,1,0.9389310849060998,1
48691,2025,1,0.8096659942524899,1
48692,2025,1,0.8892138085827037,1
48693,2025,1,0.8892138085827037,1
48694,2025,1,0.8678175104746626,1
48695,2025,1,0.9253037520617687,1
48696,2025,1,0.9253037520617687,1
48697,2025,1,0.9441116659801857,1
48698,2025,1,0.8614577172897059,1
48699,2025,1,0.8614577172897059,1
48700,2025,1,0.8614577172897059,1
48701,2025,1,0.8614577172897059,1
48702,2025,1,0.8614577172897059,1
48703,2025,1,0.9315217946543976,1
48704,2025,1,0.9315217946543976,1
48705,2025,1,0.904438867531555,1
48706,2025,1,0.904438867531555,1
48707,2025,1,0.904438867531555,1
48708,2025,1,0.904438867531555,1
48709,2025,1,0.9157079684009706,1
48710,2025,1,0.9179062073305675,1
48711,2025,1,0.9179062073305675,1
48712,2025,1,0.9179062073305675,1
48713,2025,1,0.8556151763659671,1
48714,2025,1,0.8556151763659671,1
48715,2025,1,0.5979673748892292,1
48716,2025,1,0.5979673748892292,1
48717,2025,1,0.9286092240850128,1
48718,2025,1,0.9077645830561873,1
48719,2025,1,0.9077645830561873,1
48720,2025,1,0.9306577670383597,1
48721,2025,1,0.9306577670383597,1
48722,2025,1,0.9077645830561873,1
48723,2025,1,0.9077645830561873,1
48724,2025,1,0.9823641459091337,1
48725,2025,1,0.9823641459091337,1
48726,2025,1,0.9823641459091337,1
48727,2025,1,0.9165766641370412,1
48728,2025,1,0.9165766641370412,1
48729,2025,1,0.9165766641370412,1
48730,2025,1,0.904614985249368,1
48731,2025,1,0.904614985249368,1
48732,2025,1,0.904614985249368,1
48733,2025,1,0.904614985249368,1
48734,2025,1,0.904614985249368,1
48735,2025,1,0.904614985249368,1
48736,2025,1,0.904614985249368,1
48737,2025,1,0.904614985249368,1
48738,2025,1,0.904614985249368,1
48739,2025,1,0.904614985249368,1
48740,2025,1,0.904614985249368,1
48741,2025,1,0.904614985249368,1
48742,2025,1,0.9970134156211248,1
48743,2025,1,0.9970134156211248,1
48744,2025,1,0.9970134156211248,1
48745,2025,1,0.9970134156211248,1
48746,2025,1,0.9970134156211248,1
48747,2025,1,0.9970134156211248,1
48748,2025,1,0.9970134156211248,1
48749,2025,1,0.9970134156211248,1
48750,2025,1,0.9970134156211248,1
48751,2025,1,0.9970134156211248,1
48752,2025,1,0.9952801025291677,1
48753,2025,1,0.9952801025291677,1
48754,2025,1,0.9952801025291677,1
48755,2025,1,0.9952801025291677,1
48756,2025,1,0.9952801025291677,1
48757,2025,1,0.9952801025291677,1
48758,2025,1,0.9952801025291677,1
48759,2025,1,0.9952801025291677,1
48760,2025,1,0.9952801025291677,1
48761,2025,1,0.9952801025291677,1
48762,2025,1,0.7345074612135679,1
48763,2025,1,0.7345074612135679,1
48764,2025,1,0.9994349834445867,1
48765,2025,1,0.9989344479472732,1
48766,2025,1,0.9994349834445867,1
48767,2025,1,0.9994349834445867,1
48768,2025,1,0.9995122501663851,1
48769,2025,1,0.9995122501663851,1
48770,2025,1,0.9995122501663851,1
48771,2025,1,0.9990801005237299,1
48772,2025,1,0.9995122501663851,1
48773,2025,1,0.8568276501224911,1
48774,2025,1,0.8568276501224911,1
48775,2025,1,0.9115356490974127,1
48776,2025,1,0.9115356490974127,1
48777,2025,1,0.9115356490974127,1
48778,2025,1,0.9115356490974127,1
48779,2025,1,0.9115356490974127,1
48780,2025,1,0.9115356490974127,1
48781,2024,1,0.8918363571790224,1
48782,2024,1,0.3462644142000368,0
48783,2024,1,0.3462644142000368,0
48784,2024,1,0.3462644142000368,0
48785,2024,1,0.3462644142000368,0
48786,2024,1,0.3462644142000368,0
48787,2024,1,0.9179464380475237,1
48788,2024,1,0.9179464380475237,1
48789,2024,1,0.9465543693098046,1
48790,2024,1,0.9465543693098046,1
48791,2024,1,0.7609341276880748,1
48792,2024,1,0.7609341276880748,1
48793,2024,1,0.8999103800434531,1
48794,2024,1,0.8999103800434531,1
48795,2024,1,0.9986982038826571,1
48796,2024,1,0.9993096366547973,1
48797,2024,0,0.9258032198627769,1
48798,2024,0,0.9258032198627769,1
48799,2024,0,0.9221078436902513,1
48800,2024,0,0.9221078436902513,1
48801,2025,0,0.14496341850902314,0
48802,2025,0,0.6630155832120811,1
48803,2025,0,0.6630155832120811,1
48804,2025,0,0.9234328548836105,1
48805,2025,0,0.7935260751060476,1
48806,2025,0,0.7935260751060476,1
48807,2025,0,0.7935260751060476,1
48808,2025,0,0.8109797629182405,1
48809,2025,0,0.8109797629182405,1
48810,2025,0,0.8109797629182405,1
48811,2025,0,0.8109797629182405,1
48812,2025,0,0.8109797629182405,1
48813,2025,0,0.8109797629182405,1
48814,2025,0,0.8109797629182405,1
48815,2025,0,0.8109797629182405,1
48816,2025,0,0.8109797629182405,1
48817,2025,0,0.962605933358859,1
48818,2025,0,0.7208819768711995,1
48819,2025,0,0.7208819768711995,1
48820,2025,0,0.7208819768711995,1
48821,2025,0,0.9353435099618169,1
48822,2025,0,0.9353435099618169,1
48823,2025,0,0.8726862221296274,1
48824,2025,0,0.8726862221296274,1
48825,2025,0,0.8726862221296274,1
48826,2025,0,0.8726862221296274,1
48827,2025,0,0.8726862221296274,1
48828,2025,0,0.8726862221296274,1
48829,2025,0,0.962605933358859,1
48830,2025,1,0.962605933358859,1
48831,2025,0,0.9798269079066217,1
48832,2025,0,0.962605933358859,1
48833,2025,0,0.9798269079066217,1
48834,2025,0,0.962605933358859,1
48835,2025,0,0.962605933358859,1
48836,2025,0,0.5979673748892292,1
48837,2025,0,0.5979673748892292,1
48838,2025,0,0.5979673748892292,1
48839,2025,0,0.5979673748892292,1
48840,2025,0,0.7208819768711995,1
48841,2025,0,0.9309186743561181,1
48842,2025,0,0.9309186743561181,1
48843,2025,0,0.9798269079066217,1
48844,2025,0,0.962605933358859,1
48845,2025,0,0.9798269079066217,1
48846,2025,0,0.962605933358859,1
48847,2025,0,0.962605933358859,1
48848,2025,0,0.9339021052157651,1
48849,2025,0,0.7208819768711995,1
48850,2025,0,0.837814767206471,1
48851,2025,0,0.8756922665997294,1
48852,2025,0,0.9358805458798699,1
48853,2025,1,0.9798269079066217,1
48854,2025,0,0.962605933358859,1
48855,2025,0,0.9798269079066217,1
48856,2025,0,0.7048463389800437,1
48857,2025,0,0.7048463389800437,1
48858,2025,1,0.8924940303562601,1
48859,2025,1,0.8924940303562601,1
48860,2025,1,0.9738374693833497,1
48861,2025,1,0.9738374693833497,1
48862,2025,0,0.12228873323630915,0
48863,2025,0,0.12228873323630915,0
48864,2025,0,0.20816227127439652,0
48865,2025,0,0.20816227127439652,0
48866,2025,0,0.20816227127439652,0
48867,2025,1,0.9241657327837152,1
48868,2025,1,0.9241657327837152,1
48869,2025,1,0.9280921190360895,1
48870,2025,0,0.9136909839982994,1
48871,2025,0,0.9136909839982994,1
48872,2025,0,0.9136909839982994,1
48873,2025,1,0.7421746949741188,1
48874,2025,0,0.7421746949741188,1
48875,2025,0,0.8826433325555286,1
48876,2025,0,0.8826433325555286,1
48877,2025,0,0.8586602112138543,1
48878,2025,0,0.8586602112138543,1
48879,2025,0,0.8586602112138543,1
48880,2025,0,0.8586602112138543,1
48881,2025,0,0.8586602112138543,1
48882,2025,0,0.8057145850300258,1
48883,2025,0,0.8337795788230695,1
48884,2025,0,0.8337795788230695,1
48885,2025,0,0.8337795788230695,1
48886,2025,0,0.8337795788230695,1
48887,2025,0,0.8787196437730399,1
48888,2025,0,0.8614577172897059,1
48889,2025,0,0.8614577172897059,1
48890,2025,0,0.8614577172897059,1
48891,2025,0,0.8614577172897059,1
48892,2025,0,0.7421746949741188,1
48893,2025,0,0.7421746949741188,1
48894,2025,0,0.7421746949741188,1
48895,2025,0,0.7421746949741188,1
48896,2025,0,0.7421746949741188,1
48897,2025,1,0.7421746949741188,1
48898,2025,0,0.7421746949741188,1
48899,2025,0,0.9157079684009706,1
48900,2025,0,0.9157079684009706,1
48901,2025,0,0.9157079684009706,1
48902,2025,1,0.8586602112138543,1
48903,2025,1,0.9407330437251449,1
48904,2025,1,0.9175386478438724,1
48905,2025,1,0.8908223248414887,1
48906,2025,0,0.9871357138388445,1
48907,2025,0,0.8687565373958619,1
48908,2025,0,0.8687565373958619,1
48909,2025,0,0.9306577670383597,1
48910,2025,0,0.977335847683446,1
48911,2025,0,0.977335847683446,1
48912,2025,0,0.977335847683446,1
48913,2025,0,0.977335847683446,1
48914,2025,0,0.8908433142847353,1
48915,2025,0,0.30284781873577943,0
48916,2025,0,0.8200518947304165,1
48917,2025,0,0.9225207824125391,1
48918,2025,0,0.755552926209539,1
48919,2025,0,0.755552926209539,1
48920,2025,1,0.9825387559690645,1
48921,2025,0,0.9825387559690645,1
48922,2025,1,0.9825387559690645,1
48923,2025,0,0.6327732537256906,1
48924,2025,1,0.8001521127732744,1
48925,2025,0,0.7941242591805799,1
48926,2025,0,0.7941242591805799,1
48927,2025,0,0.7941242591805799,1
48928,2025,0,0.7941242591805799,1
48929,2025,0,0.7941242591805799,1
48930,2025,0,0.9077645830561873,1
48931,2025,0,0.7345074612135679,1
48932,2025,1,0.7345074612135679,1
48933,2025,0,0.9693457273142235,1
48934,2025,0,0.9693457273142235,1
48935,2025,0,0.9693457273142235,1
48936,2025,1,0.9693457273142235,1
48937,2025,1,0.9693457273142235,1
48938,2025,0,0.9693457273142235,1
48939,2025,1,0.9693457273142235,1
48940,2025,0,0.9693457273142235,1
48941,2025,0,0.8568276501224911,1
48942,2025,0,0.8678175104746626,1
48943,2025,0,0.8881568618822804,1
48944,2025,0,0.9198092210637154,1
48945,2025,0,0.9198092210637154,1
48946,2025,0,0.9871357138388445,1
48947,2025,0,0.8391269784076967,1
48948,2025,1,0.977335847683446,1
48949,2025,0,0.977335847683446,1
48950,2025,0,0.977335847683446,1
48951,2025,0,0.9436915666788775,1
48952,2025,0,0.9436915666788775,1
48953,2025,0,0.9077818486254626,1
48954,2025,0,0.9077818486254626,1
48955,2025,0,0.9077818486254626,1
48956,2025,0,0.8200518947304165,1
48957,2025,0,0.8200518947304165,1
48958,2025,0,0.8200518947304165,1
48959,2025,0,0.9450496219261215,1
48960,2025,0,0.9450496219261215,1
48961,2025,1,0.9314379971099725,1
48962,2025,1,0.9825387559690645,1
48963,2025,0,0.9825387559690645,1
48964,2025,0,0.9781253821799816,1
48965,2025,0,0.9825387559690645,1
48966,2025,1,0.9825387559690645,1
48967,2025,0,0.7436523116811107,1
48968,2025,0,0.8866324974563112,1
48969,2025,0,0.8866324974563112,1
48970,2025,0,0.9165766641370412,1
48971,2025,0,0.9165766641370412,1
48972,2025,1,0.9693457273142235,1
48973,2025,1,0.9693457273142235,1
48974,2025,0,0.9693457273142235,1
48975,2025,0,0.9693457273142235,1
48976,2025,0,0.9058174733174512,1
48977,2025,1,0.9617276718691704,1
48979,2025,1,0.9693457273142235,1
48981,2025,1,0.9693457273142235,1
48982,2025,0,0.9617276718691704,1
48983,2026,0,0.9867104959054032,1
48984,2026,0,0.9867104959054032,1
48985,2026,0,0.8334657345196439,1
48986,2026,1,0.799078742793751,1
48987,2026,0,0.8334657345196439,1
48988,2026,0,0.9543193977651458,1
48989,2026,0,0.9543193977651458,1
48990,2026,0,0.9543193977651458,1
48991,2026,1,0.9431859381346087,1
48992,2026,1,0.9431859381346087,1
48993,2025,1,0.9299296630495613,1
48994,2025,1,0.3929301873894373,0
48995,2025,1,0.3929301873894373,0
48996,2025,1,0.9994349834445867,1
48997,2025,1,0.977335847683446,1
48998,2025,1,0.7584625222772342,1
48999,2025,1,0.7584625222772342,1
49000,2025,1,0.7584625222772342,1
49001,2025,1,0.7584625222772342,1
49002,2025,1,0.7584625222772342,1
49003,2025,1,0.7584625222772342,1
49004,2025,1,0.17809661528189258,0
49005,2025,1,0.9309186743561181,1
49006,2025,1,0.9309186743561181,1
49007,2025,1,0.9207801141700521,1
49008,2025,1,0.9309186743561181,1
49009,2025,1,0.9398012698012189,1
49010,2025,1,0.9398012698012189,1
49011,2025,1,0.9179062073305675,1
49012,2025,1,0.9253715237401652,1
49013,2025,1,0.9825387559690645,1
49014,2025,1,0.9738374693833497,1
49015,2025,1,0.9738374693833497,1
49016,2025,1,0.9234328548836105,1
49017,2025,1,0.9339021052157651,1
49018,2025,1,0.9339021052157651,1
49019,2025,1,0.9339021052157651,1
49020,2025,1,0.9339021052157651,1
49021,2025,1,0.9339021052157651,1
49022,2025,1,0.9241657327837152,1
49023,2025,1,0.9165766641370412,1
49024,2025,1,0.9165766641370412,1
49025,2025,1,0.9165766641370412,1
49026,2025,1,0.9165766641370412,1
49027,2025,1,0.9165766641370412,1
49028,2025,1,0.9165766641370412,1
49029,2025,1,0.8989308653967562,1
49030,2024,1,0.7661605362964962,1
49031,2025,0,0.8286888959037508,1
49032,2025,0,0.8109797629182405,1
49033,2025,0,0.8340620282590482,1
49034,2025,0,0.8340620282590482,1
49035,2025,0,0.8340620282590482,1
49037,2025,0,0.904614985249368,1
49038,2025,0,0.904614985249368,1
49039,2025,0,0.904614985249368,1
49040,2025,0,0.9299296630495613,1
49041,2025,0,0.9299296630495613,1
49042,2025,0,0.920540077853091,1
49043,2025,0,0.904614985249368,1
49044,2025,0,0.8823736508127703,1
49045,2025,0,0.9109507398383434,1
49046,2025,0,0.7421746949741188,1
49047,2025,0,0.8908433142847353,1
49048,2025,0,0.8908433142847353,1
49049,2025,0,0.9389310849060998,1
49050,2025,0,0.9389310849060998,1
49051,2025,0,0.9389310849060998,1
49052,2025,0,0.9389310849060998,1
49053,2025,0,0.8200518947304165,1
49054,2025,0,0.8200518947304165,1
49055,2025,0,0.8200518947304165,1
49056,2025,0,0.8200518947304165,1
49057,2025,0,0.9225207824125391,1
49058,2025,0,0.8200518947304165,1
49059,2025,0,0.9165766641370412,1
49060,2025,0,0.8568276501224911,1
49061,2025,0,0.8678175104746626,1
49062,2025,1,0.9058174733174512,1
49063,2025,1,0.9617276718691704,1
49064,2025,0,0.9353435099618169,1
49065,2025,0,0.9384528687029174,1
49066,2025,0,0.9384528687029174,1
49067,2025,1,0.8566465689781556,1
49068,2025,1,0.9253037520617687,1
49069,2025,1,0.9441116659801857,1
49070,2025,1,0.9441116659801857,1
49071,2025,1,0.8614577172897059,1
49072,2025,1,0.3929301873894373,0
49073,2025,1,0.3929301873894373,0
49074,2025,1,0.3929301873894373,0
49075,2025,1,0.3929301873894373,0
49076,2025,1,0.3929301873894373,0
49077,2025,1,0.8826433325555286,1
49078,2025,1,0.9374352255450684,1
49079,2025,1,0.9374352255450684,1
49080,2025,1,0.9374352255450684,1
49081,2025,1,0.9374352255450684,1
49082,2025,1,0.8881568618822804,1
49083,2025,1,0.8881568618822804,1
49084,2025,1,0.912982916496784,1
49085,2025,1,0.884975633622801,1
49086,2025,1,0.884975633622801,1
49087,2025,1,0.884975633622801,1
49088,2025,1,0.884975633622801,1
49089,2025,1,0.9838080034878579,1
49090,2025,1,0.9838080034878579,1
49091,2025,1,0.9880748668052339,1
49092,2025,1,0.8556151763659671,1
49093,2025,1,0.795482630252878,1
49094,2025,1,0.9253715237401652,1
49095,2025,1,0.9253715237401652,1
49096,2025,1,0.9253715237401652,1
49097,2025,1,0.8679299947843797,1
49098,2025,1,0.8679299947843797,1
49099,2025,1,0.9871357138388445,1
49100,2025,1,0.9871357138388445,1
49101,2025,1,0.9825387559690645,1
49102,2025,1,0.9825387559690645,1
49110,2025,1,0.993514617834123,1
49111,2025,1,0.993514617834123,1
49112,2025,1,0.993514617834123,1
49113,2025,1,0.993514617834123,1
49114,2025,1,0.993514617834123,1
49115,2025,1,0.993514617834123,1
49116,2025,1,0.9571215492264021,1
49117,2025,1,0.9424248116875856,1
49118,2025,1,0.9424248116875856,1
49119,2025,1,0.8534378837553273,1
49120,2025,1,0.904614985249368,1
49121,2025,1,0.904614985249368,1
49122,2025,1,0.904614985249368,1
49123,2025,1,0.9992280537124424,1
49124,2025,1,0.9994349834445867,1
49125,2025,1,0.9995122501663851,1
49126,2025,1,0.977335847683446,1
49127,2025,1,0.9693457273142235,1
49128,2025,1,0.9693457273142235,1
49129,2025,1,0.9693457273142235,1
49130,2025,0,0.41457574337232417,0
49131,2025,0,0.41457574337232417,0
49132,2025,0,0.40222664239295775,0
49133,2025,0,0.8340620282590482,1
49134,2025,0,0.8340620282590482,1
49135,2025,0,0.8340620282590482,1
49136,2025,0,0.9299296630495613,1
49137,2025,0,0.5979673748892292,1
49138,2025,0,0.5979673748892292,1
49139,2025,1,0.9738374693833497,1
49140,2025,1,0.9646586137867117,1
49141,2025,1,0.9798269079066217,1
49142,2025,0,0.7421746949741188,1
49143,2025,0,0.7421746949741188,1
49144,2025,0,0.7421746949741188,1
49145,2025,1,0.8966431329719078,1
49146,2025,0,0.8200518947304165,1
49147,2025,0,0.8200518947304165,1
49148,2025,0,0.8200518947304165,1
49149,2025,1,0.6327732537256906,1
49150,2025,1,0.8587575408622855,1
49151,2025,1,0.795482630252878,1
49152,2025,1,0.9985444707756435,1
49153,2025,1,0.9985444707756435,1
49154,2025,1,0.9989344479472732,1
49155,2025,1,0.7602942548908977,1
49156,2025,1,0.7602942548908977,1
49157,2025,1,0.7602942548908977,1
49158,2025,1,0.7602942548908977,1
49159,2025,1,0.9825387559690645,1
49160,2025,1,0.9693457273142235,1
49161,2025,1,0.9339021052157651,1
49162,2025,1,0.9241657327837152,1
49163,2025,1,0.904614985249368,1
49164,2025,1,0.904614985249368,1
49165,2026,0,0.17162211351662998,0
49166,2026,0,0.17162211351662998,0
49167,2026,0,0.8816529406916044,1
49168,2026,0,0.8816529406916044,1
49169,2026,0,0.8816529406916044,1
49170,2026,0,0.8553077189937411,1
49171,2026,0,0.8553077189937411,1
49172,2026,0,0.8553077189937411,1
49173,2026,0,0.8553077189937411,1
49174,2026,0,0.936458886070857,1
49175,2026,0,0.936458886070857,1
49176,2026,0,0.936458886070857,1
49177,2026,0,0.9378482453867596,1
49178,2026,0,0.9378482453867596,1
49179,2026,0,0.9378482453867596,1
49180,2026,0,0.9691899747914675,1
49181,2026,1,0.901484499541934,1
49182,2026,0,0.9452526438833029,1
49183,2026,0,0.9452526438833029,1
49184,2026,0,0.9452526438833029,1
49185,2026,0,0.7593883630964435,1
49186,2026,0,0.7593883630964435,1
49187,2026,0,0.7593883630964435,1
49188,2026,0,0.8599870194706257,1
49189,2026,0,0.8599870194706257,1
49190,2026,0,0.8599870194706257,1
49191,2026,0,0.8599870194706257,1
49192,2026,0,0.8599870194706257,1
49193,2026,0,0.8599870194706257,1
49194,2026,0,0.8971989164877401,1
49195,2026,0,0.942750130780957,1
49196,2026,0,0.8971989164877401,1
49197,2026,0,0.942750130780957,1
49198,2026,0,0.8971989164877401,1
49199,2026,0,0.8971989164877401,1
49200,2026,0,0.8971989164877401,1
49201,2026,1,0.8971989164877401,1
49202,2026,1,0.942750130780957,1
49203,2026,1,0.8971989164877401,1
49204,2026,1,0.942750130780957,1
49205,2026,1,0.8971989164877401,1
49206,2026,1,0.942750130780957,1
49207,2026,1,0.8971989164877401,1
49208,2026,1,0.942750130780957,1
49209,2026,0,0.8971989164877401,1
49210,2026,0,0.8971989164877401,1
49211,2026,0,0.942750130780957,1
49212,2026,0,0.942750130780957,1
49213,2026,0,0.8971989164877401,1
49214,2026,0,0.942750130780957,1
49215,2026,0,0.8971989164877401,1
49216,2026,0,0.942750130780957,1
49217,2026,0,0.942750130780957,1
49218,2026,0,0.942750130780957,1
49219,2026,0,0.9691899747914675,1
49220,2026,1,0.9452526438833029,1
49221,2026,1,0.9452526438833029,1
49222,2026,1,0.9452526438833029,1
49223,2026,1,0.9452526438833029,1
49224,2026,1,0.9452526438833029,1
49225,2026,1,0.9452526438833029,1
49226,2026,1,0.901484499541934,1
49227,2026,0,0.7593883630964435,1
49228,2026,0,0.7593883630964435,1
49229,2026,0,0.7593883630964435,1
49230,2026,0,0.942750130780957,1
49231,2026,0,0.9573675833743868,1
49232,2026,0,0.942750130780957,1
49233,2026,1,0.8971989164877401,1
49234,2026,1,0.942750130780957,1
49235,2026,1,0.8971989164877401,1
49236,2026,1,0.942750130780957,1
49237,2026,0,0.8971989164877401,1
49238,2026,0,0.8971989164877401,1
49239,2026,0,0.942750130780957,1
49240,2026,1,0.8971989164877401,1
49241,2026,1,0.942750130780957,1
49242,2026,1,0.8971989164877401,1
49243,2026,1,0.942750130780957,1
49244,2026,0,0.8177533977588138,1
49245,2026,0,0.8177533977588138,1
49246,2026,0,0.8943621746914922,1
49247,2026,0,0.8943621746914922,1
49248,2026,0,0.8177533977588138,1
49249,2026,0,0.8177533977588138,1
49250,2026,0,0.8177533977588138,1
49251,2026,0,0.8943621746914922,1
49252,2026,0,0.7327991556999784,1
49253,2026,0,0.592419573724154,1
49254,2026,0,0.7327991556999784,1
49255,2026,0,0.592419573724154,1
49256,2026,0,0.8787499821621904,1
49257,2026,0,0.8085481785303975,1
49258,2026,0,0.8085481785303975,1
49259,2026,1,0.901484499541934,1
49260,2026,1,0.9452526438833029,1
49261,2026,0,0.9452526438833029,1
49262,2026,1,0.9452526438833029,1
49263,2026,1,0.9592587495026504,1
49264,2026,1,0.9452526438833029,1
49265,2026,0,0.9372530568899928,1
49266,2026,0,0.7593883630964435,1
49267,2026,0,0.8959248183231131,1
49268,2026,0,0.8959248183231131,1
49269,2026,0,0.8959248183231131,1
49270,2026,0,0.8959248183231131,1
49271,2026,1,0.9419199379451663,1
49272,2026,1,0.8971989164877401,1
49273,2026,1,0.942750130780957,1
49274,2026,1,0.942750130780957,1
49275,2026,0,0.8971989164877401,1
49276,2026,0,0.942750130780957,1
49277,2026,0,0.942750130780957,1
49278,2026,0,0.8177533977588138,1
49279,2026,0,0.8177533977588138,1
49280,2026,0,0.8943621746914922,1
49281,2026,0,0.8943621746914922,1
49282,2026,0,0.8177533977588138,1
49283,2026,0,0.8177533977588138,1
49284,2026,0,0.8177533977588138,1
49285,2026,0,0.8943621746914922,1
49286,2026,0,0.9886874888829403,1
49287,2026,0,0.9886874888829403,1
49288,2026,0,0.9886874888829403,1
49289,2026,1,0.9886874888829403,1
49290,2026,0,0.8787499821621904,1
49291,2026,0,0.8787499821621904,1
49292,2026,0,0.8085481785303975,1
49293,2026,0,0.8085481785303975,1
49294,2026,1,0.901484499541934,1
49295,2026,1,0.9452526438833029,1
49296,2026,1,0.9452526438833029,1
49297,2026,1,0.9708921648394545,1
49298,2026,1,0.9708921648394545,1
49299,2026,1,0.9708921648394545,1
49300,2026,1,0.9784881472974871,1
49301,2026,1,0.9784881472974871,1
49302,2026,0,0.8632495850142226,1
49303,2026,0,0.8959248183231131,1
49304,2026,1,0.9367953141427435,1
49305,2026,0,0.9354556485587254,1
49306,2026,0,0.9354556485587254,1
49307,2026,0,0.9354556485587254,1
49308,2026,0,0.9354556485587254,1
49309,2026,1,0.8971989164877401,1
49310,2026,1,0.942750130780957,1
49311,2026,1,0.942750130780957,1
49312,2026,0,0.7327991556999784,1
49313,2026,0,0.7327991556999784,1
49314,2026,0,0.7327991556999784,1
49315,2026,0,0.9886874888829403,1
49316,2026,1,0.9886874888829403,1
49317,2026,0,0.9218384063009549,1
49318,2026,0,0.9414636675902289,1
49319,2026,0,0.9414636675902289,1
49320,2026,0,0.9414636675902289,1
49321,2026,1,0.9414636675902289,1
49322,2026,1,0.9414636675902289,1
49323,2026,0,0.9289738115830053,1
49324,2026,0,0.9469106538481971,1
49325,2026,0,0.9469106538481971,1
49326,2026,0,0.9469106538481971,1
49327,2026,1,0.9452526438833029,1
49328,2026,1,0.9452526438833029,1
49329,2026,1,0.9452526438833029,1
49330,2026,0,0.9452526438833029,1
49331,2026,0,0.14548708057925844,0
49332,2026,0,0.14548708057925844,0
49333,2026,0,0.24313830131213093,0
49334,2026,0,0.24313830131213093,0
49335,2026,0,0.24313830131213093,0
49336,2026,0,0.905696492932108,1
49337,2026,0,0.905696492932108,1
49338,2026,0,0.9389089970307145,1
49339,2026,0,0.9389089970307145,1
49340,2026,0,0.9822311344513924,1
49341,2026,0,0.9869079995967288,1
49342,2026,1,0.9370755786949879,1
49343,2026,1,0.9370755786949879,1
49344,2026,1,0.9370755786949879,1
49345,2026,1,0.9370755786949879,1
49346,2026,0,0.9370755786949879,1
49347,2026,1,0.9370755786949879,1
49348,2026,0,0.7156689734370427,1
49349,2026,0,0.7156689734370427,1
49350,2026,1,0.9036100721623834,1
49351,2026,1,0.9332802346277912,1
49352,2026,0,0.9869079995967288,1
49353,2026,1,0.9869079995967288,1
49354,2026,1,0.9370755786949879,1
49355,2026,1,0.9370755786949879,1
49356,2026,1,0.9036100721623834,1
49357,2026,0,0.8351932716726976,1
49358,2026,0,0.8351932716726976,1
49359,2026,0,0.8351932716726976,1
49360,2026,0,0.8351932716726976,1
49361,2026,0,0.8351932716726976,1
49362,2026,0,0.8351932716726976,1
49363,2026,0,0.8985165576061186,1
49364,2026,0,0.8985165576061186,1
49365,2026,0,0.8985165576061186,1
49366,2026,0,0.8985165576061186,1
49367,2026,0,0.8985165576061186,1
49368,2026,0,0.9339499180834628,1
49369,2026,0,0.9282455747062421,1
49370,2026,0,0.9282455747062421,1
49371,2026,1,0.9282455747062421,1
49372,2026,0,0.9282455747062421,1
49373,2026,1,0.9282455747062421,1
49374,2026,0,0.8836994106386125,1
49375,2026,0,0.8836994106386125,1
49376,2026,0,0.8836994106386125,1
49377,2026,0,0.8836994106386125,1
49378,2026,0,0.8836994106386125,1
49379,2026,0,0.8836994106386125,1
49380,2026,0,0.8836994106386125,1
49381,2026,0,0.8836994106386125,1
49382,2026,0,0.8836994106386125,1
49383,2026,0,0.8836994106386125,1
49384,2026,0,0.8836994106386125,1
49385,2026,0,0.8836994106386125,1
49386,2026,0,0.8836994106386125,1
49389,2026,0,0.8836994106386125,1
49390,2026,0,0.8836994106386125,1
49391,2026,0,0.8836994106386125,1
49392,2026,0,0.8836994106386125,1
49393,2026,0,0.8836994106386125,1
49394,2026,0,0.8836994106386125,1
49395,2026,0,0.8836994106386125,1
49396,2026,0,0.8836994106386125,1
49397,2026,0,0.8836994106386125,1
49398,2026,0,0.9299485053959445,1
49399,2026,0,0.9299485053959445,1
49400,2026,0,0.9299485053959445,1
49401,2026,0,0.9299485053959445,1
49402,2026,0,0.9299485053959445,1
49403,2026,0,0.9299485053959445,1
49404,2026,0,0.9299485053959445,1
49405,2026,0,0.9299485053959445,1
49406,2026,0,0.9299485053959445,1
49407,2026,0,0.9299485053959445,1
49408,2026,0,0.9299485053959445,1
49411,2026,0,0.9299485053959445,1
49412,2026,0,0.9299485053959445,1
49413,2026,0,0.9299485053959445,1
49414,2026,0,0.9299485053959445,1
49415,2026,0,0.9299485053959445,1
49416,2026,0,0.9299485053959445,1
49417,2026,0,0.9299485053959445,1
49418,2026,0,0.954957427889959,1
49419,2026,0,0.954957427889959,1
49420,2026,0,0.954957427889959,1
49421,2026,1,0.954957427889959,1
49422,2026,0,0.881289129572144,1
49423,2026,0,0.881289129572144,1
49424,2026,1,0.881289129572144,1
49425,2026,1,0.881289129572144,1
49426,2026,0,0.881289129572144,1
49427,2026,1,0.881289129572144,1
49428,2026,1,0.881289129572144,1
49429,2026,1,0.3663017713624013,0
49430,2026,0,0.1453088900647544,0
49431,2026,0,0.20313261208644065,0
49432,2026,0,0.22900843167788618,0
49433,2026,0,0.30813145329470154,0
49434,2026,0,0.7668909022602516,1
49435,2026,0,0.7668909022602516,1
49436,2026,0,0.9631345320356551,1
49437,2026,0,0.8420654832630263,1
49438,2026,1,0.8420654832630263,1
49439,2026,0,0.9437900967171409,1
49440,2026,0,0.9280563408729121,1
49441,2026,0,0.9280563408729121,1
49442,2026,0,0.953795726175041,1
49443,2026,0,0.953795726175041,1
49444,2026,0,0.953795726175041,1
49445,2026,0,0.6274064774256654,1
49446,2026,0,0.9730207402665011,1
49447,2026,1,0.949064557736741,1
49448,2026,0,0.949064557736741,1
49449,2026,0,0.949064557736741,1
49450,2026,0,0.949064557736741,1
49451,2026,0,0.949064557736741,1
49452,2026,0,0.949064557736741,1
49453,2026,0,0.949064557736741,1
49454,2026,0,0.949064557736741,1
49455,2026,0,0.9538389367971404,1
49456,2026,1,0.9538389367971404,1
49457,2026,1,0.9538389367971404,1
49458,2026,1,0.9538389367971404,1
49459,2026,1,0.9538389367971404,1
49460,2026,0,0.9538389367971404,1
49461,2026,0,0.9538389367971404,1
49462,2026,1,0.9894480962311742,1
49463,2026,1,0.9138013467515387,1
49464,2026,0,0.9425311500998929,1
49465,2026,0,0.9088664925230646,1
49466,2026,0,0.9088664925230646,1
49467,2026,0,0.9088664925230646,1
49468,2026,0,0.9088664925230646,1
49469,2026,0,0.9088664925230646,1
49470,2026,1,0.9449669515840128,1
49471,2026,0,0.9248825763331812,1
49472,2026,0,0.9501928122437284,1
49473,2026,0,0.9501928122437284,1
49474,2026,0,0.9501928122437284,1
49475,2026,0,0.9501928122437284,1
49476,2026,1,0.9501928122437284,1
49477,2026,1,0.9501928122437284,1
49478,2026,0,0.9043925329267672,1
49479,2026,0,0.9043925329267672,1
49480,2026,0,0.9380328544976098,1
49481,2026,0,0.9380328544976098,1
49482,2026,0,0.7606052729894378,1
49483,2026,0,0.7606052729894378,1
49484,2026,0,0.7606052729894378,1
49485,2026,0,0.9635660639215852,1
49486,2026,0,0.9635660639215852,1
49487,2026,0,0.9867104959054032,1
49488,2026,1,0.9867104959054032,1
49489,2026,1,0.9867104959054032,1
49490,2026,1,0.9318030256836913,1
49491,2026,0,0.9318030256836913,1
49492,2026,0,0.9318030256836913,1
49493,2026,0,0.9318030256836913,1
49494,2026,0,0.9318030256836913,1
49495,2026,0,0.9318030256836913,1
49496,2026,0,0.9318030256836913,1
49497,2026,0,0.9318030256836913,1
49498,2026,1,0.9318030256836913,1
49499,2026,1,0.9318030256836913,1
49500,2026,0,0.9318030256836913,1
49501,2026,0,0.9318030256836913,1
49502,2026,0,0.8261788735469134,1
49503,2026,0,0.9380898498247662,1
49504,2026,1,0.9380898498247662,1
49505,2026,0,0.9380898498247662,1
49506,2026,0,0.9380898498247662,1
49507,2026,1,0.9380898498247662,1
49508,2026,0,0.9380898498247662,1
49509,2026,0,0.9380898498247662,1
49510,2026,0,0.9380898498247662,1
49511,2026,1,0.985665451989068,1
49512,2026,0,0.985665451989068,1
49513,2026,0,0.985665451989068,1
49514,2026,0,0.9209826313973587,1
49515,2026,1,0.7799761446427329,1
49516,2026,1,0.952386421025118,1
49517,2026,1,0.952386421025118,1
49518,2026,1,0.9138013467515387,1
49519,2026,1,0.952386421025118,1
49520,2026,1,0.952386421025118,1
49521,2026,1,0.952386421025118,1
49522,2026,0,0.7283490195789454,1
49523,2026,0,0.7283490195789454,1
49524,2026,0,0.9232345979130855,1
49525,2026,0,0.9232345979130855,1
49526,2026,0,0.9306815508133292,1
49527,2026,0,0.9306815508133292,1
49528,2026,0,0.9306815508133292,1
49529,2026,0,0.9306815508133292,1
49530,2026,0,0.7717293387478547,1
49531,2026,0,0.7717293387478547,1
49532,2026,0,0.7717293387478547,1
49533,2026,0,0.7717293387478547,1
49534,2026,0,0.7717293387478547,1
49535,2026,0,0.7717293387478547,1
49536,2026,0,0.7717293387478547,1
49537,2026,0,0.7717293387478547,1
49538,2026,1,0.7717293387478547,1
49539,2026,0,0.879708864256658,1
49540,2026,0,0.879708864256658,1
49541,2026,0,0.879708864256658,1
49542,2026,0,0.879708864256658,1
49543,2026,0,0.8531884920533132,1
49544,2026,0,0.879708864256658,1
49545,2026,0,0.879708864256658,1
49546,2026,1,0.9264244334668152,1
49547,2026,1,0.9264244334668152,1
49548,2026,1,0.909998073219251,1
49549,2026,0,0.9280563408729121,1
49550,2026,0,0.953795726175041,1
49551,2026,0,0.3268893675272681,0
49552,2026,0,0.9730207402665011,1
49553,2026,0,0.949064557736741,1
49554,2026,1,0.949064557736741,1
49555,2026,0,0.9717724867968451,1
49556,2026,0,0.9304572049491716,1
49557,2026,0,0.8643893171447812,1
49558,2026,1,0.9534448301580469,1
49559,2026,1,0.9534448301580469,1
49560,2026,0,0.9248825763331812,1
49561,2026,0,0.9494647619780433,1
49562,2026,0,0.8163613140103929,1
49563,2026,0,0.8163613140103929,1
49564,2026,1,0.9501928122437284,1
49565,2026,1,0.9501928122437284,1
49566,2026,1,0.9501928122437284,1
49567,2026,1,0.9501928122437284,1
49568,2026,1,0.9501928122437284,1
49569,2026,1,0.9501928122437284,1
49570,2026,1,0.9501928122437284,1
49571,2026,1,0.9501928122437284,1
49572,2026,1,0.9501928122437284,1
49573,2026,0,0.9043925329267672,1
49574,2026,0,0.9380328544976098,1
49575,2026,0,0.4781654702078121,0
49576,2026,0,0.4781654702078121,0
49577,2026,0,0.7606052729894378,1
49578,2026,0,0.7606052729894378,1
49579,2026,1,0.7606052729894378,1
49580,2026,0,0.9635660639215852,1
49581,2026,0,0.9318030256836913,1
49582,2026,0,0.9318030256836913,1
49583,2026,1,0.9318030256836913,1
49584,2026,0,0.9618974992600494,1
49585,2026,0,0.952519111632323,1
49586,2026,0,0.9431859381346087,1
49587,2026,0,0.9431859381346087,1
49588,2026,0,0.9431859381346087,1
49589,2026,0,0.9431859381346087,1
49590,2026,0,0.9431859381346087,1
49591,2026,1,0.9431859381346087,1
49592,2026,1,0.952386421025118,1
49593,2026,1,0.952386421025118,1
49594,2026,1,0.952386421025118,1
49595,2026,1,0.952386421025118,1
49596,2026,1,0.952386421025118,1
49597,2026,1,0.952386421025118,1
49598,2026,1,0.952386421025118,1
49599,2026,1,0.952386421025118,1
49600,2026,1,0.952386421025118,1
49601,2026,1,0.952386421025118,1
49602,2026,0,0.9052770091984793,1
49603,2026,0,0.9052770091984793,1
49604,2026,0,0.9306815508133292,1
49605,2026,0,0.9306815508133292,1
49606,2026,0,0.2712241879137328,0
49607,2026,0,0.2712241879137328,0
49608,2026,1,0.9215858534567651,1
49609,2026,1,0.9215858534567651,1
49610,2026,1,0.9264244334668152,1
49611,2026,1,0.9264244334668152,1
49612,2026,1,0.9087389117541139,1
49613,2026,1,0.8971989164877401,1
49614,2026,1,0.8971989164877401,1
49615,2026,1,0.8971989164877401,1
49616,2026,1,0.942750130780957,1
49617,2026,1,0.942750130780957,1
49618,2026,1,0.942750130780957,1
49619,2026,1,0.9501928122437284,1
49620,2026,1,0.9501928122437284,1
49621,2026,1,0.9501928122437284,1
49622,2026,1,0.9501928122437284,1
49623,2026,1,0.9501928122437284,1
49624,2026,1,0.9501928122437284,1
49625,2026,1,0.9501928122437284,1
49626,2026,1,0.9501928122437284,1
49627,2026,1,0.9501928122437284,1
49628,2026,1,0.9501928122437284,1
49629,2026,1,0.9501928122437284,1
49630,2026,1,0.8813730292704166,1
49631,2026,1,0.8386651897230111,1
49632,2026,1,0.8386651897230111,1
49633,2026,1,0.9074780957939244,1
49634,2026,1,0.9074780957939244,1
49635,2026,1,0.9074780957939244,1
49636,2026,1,0.9074780957939244,1
49637,2026,1,0.9074780957939244,1
49638,2026,1,0.8836994106386125,1
49639,2026,1,0.8836994106386125,1
49640,2026,1,0.8836994106386125,1
49641,2026,1,0.8836994106386125,1
49642,2026,1,0.8836994106386125,1
49643,2026,1,0.8836994106386125,1
49644,2026,1,0.953795726175041,1
49645,2026,1,0.953795726175041,1
49646,2026,1,0.9380328544976098,1
49647,2026,1,0.44163641042535895,0
49648,2026,1,0.44163641042535895,0
49649,2026,1,0.44163641042535895,0
49650,2026,1,0.44163641042535895,0
49651,2026,1,0.7327991556999784,1
49652,2026,1,0.6274064774256654,1
49653,2026,1,0.7606052729894378,1
49654,2026,1,0.7606052729894378,1
49655,2026,1,0.7606052729894378,1
49656,2026,1,0.7606052729894378,1
49657,2026,1,0.7606052729894378,1
49658,2026,1,0.9299485053959445,1
49659,2026,1,0.9299485053959445,1
49660,2026,1,0.9299485053959445,1
49661,2026,1,0.8786627224884578,1
49662,2026,1,0.9318030256836913,1
49663,2026,1,0.9318030256836913,1
49664,2026,1,0.9538389367971404,1
49665,2026,1,0.8892661871679076,1
49666,2026,1,0.8892661871679076,1
49667,2026,1,0.9380898498247662,1
49668,2026,1,0.9380898498247662,1
49669,2026,1,0.9380898498247662,1
49670,2026,1,0.9946865507790276,1
49671,2026,1,0.9946865507790276,1
49672,2026,1,0.9946865507790276,1
49673,2026,1,0.9946865507790276,1
49674,2026,1,0.9946865507790276,1
49675,2026,1,0.9946865507790276,1
49676,2026,1,0.9946865507790276,1
49677,2026,1,0.9946865507790276,1
49678,2026,1,0.9452526438833029,1
49679,2026,1,0.901484499541934,1
49680,2026,1,0.9452526438833029,1
49681,2026,1,0.901484499541934,1
49682,2026,1,0.9452526438833029,1
49683,2026,1,0.9452526438833029,1
49684,2026,1,0.8875479241093834,1
49685,2026,1,0.9370755786949879,1
49686,2026,1,0.9370755786949879,1
49687,2026,1,0.9408110679763246,1
49688,2026,1,0.952386421025118,1
49689,2026,1,0.952386421025118,1
49690,2026,1,0.952386421025118,1
49691,2026,1,0.9899623563243397,1
49692,2026,1,0.9899623563243397,1
49693,2026,1,0.9899623563243397,1
49694,2026,1,0.9899623563243397,1
49695,2026,1,0.9899623563243397,1
49696,2026,1,0.9899623563243397,1
49697,2026,1,0.9899623563243397,1
49698,2026,1,0.9899623563243397,1
49699,2026,1,0.9961342470914255,1
49700,2026,1,0.9961342470914255,1
49701,2026,1,0.9961342470914255,1
49702,2026,1,0.9961342470914255,1
49703,2026,1,0.9961342470914255,1
49704,2026,1,0.9961342470914255,1
49705,2026,1,0.9961342470914255,1
49706,2026,1,0.9961342470914255,1
49707,2026,1,0.9961342470914255,1
49708,2026,1,0.9961342470914255,1
49709,2026,1,0.9961342470914255,1
49710,2026,1,0.9961342470914255,1
49711,2026,1,0.9961342470914255,1
49712,2026,1,0.9961342470914255,1
49713,2026,1,0.9961342470914255,1
49714,2026,1,0.9961342470914255,1
49715,2026,1,0.9961342470914255,1
49716,2026,1,0.9936360468101402,1
49717,2026,1,0.9936360468101402,1
49718,2026,1,0.9936360468101402,1
49719,2026,1,0.9936360468101402,1
49720,2026,1,0.9936360468101402,1
49721,2026,1,0.9936360468101402,1
49722,2026,1,0.9936360468101402,1
49723,2026,1,0.9936360468101402,1
49724,2026,1,0.9975546587983057,1
49725,2026,1,0.9975546587983057,1
49726,2026,1,0.9975546587983057,1
49727,2026,1,0.9975546587983057,1
49728,2026,1,0.9975546587983057,1
49729,2026,1,0.9975546587983057,1
49730,2026,1,0.9975546587983057,1
49731,2026,1,0.9975546587983057,1
49732,2026,1,0.9975546587983057,1
49733,2026,1,0.9975546587983057,1
49734,2026,1,0.9975546587983057,1
49735,2026,1,0.9975546587983057,1
49736,2026,1,0.9975546587983057,1
49737,2026,1,0.9975546587983057,1
49738,2026,1,0.9975546587983057,1
49739,2026,1,0.9975546587983057,1
49740,2026,1,0.9975546587983057,1
49741,2026,1,0.9995375819998804,1
49742,2026,1,0.9995375819998804,1
49743,2026,1,0.9992470919634309,1
49744,2026,1,0.9996008238445078,1
49745,2026,1,0.9996008238445078,1
49746,2026,1,0.9996008238445078,1
49747,2026,1,0.8696791962759921,1
49748,2026,1,0.8696791962759921,1
49749,2026,1,0.9264244334668152,1
49750,2026,1,0.9264244334668152,1
49751,2026,1,0.8163613140103929,1
49752,2026,1,0.7932711691886918,1
49753,2026,1,0.7932711691886918,1
49754,2026,1,0.7932711691886918,1
49755,2026,1,0.20935656687685786,0
49756,2026,1,0.942750130780957,1
49757,2026,1,0.942750130780957,1
49758,2026,1,0.9342252991120306,1
49759,2026,1,0.942750130780957,1
49760,2026,1,0.9501928122437284,1
49761,2026,1,0.9501928122437284,1
49762,2026,1,0.7668909022602516,1
49763,2026,1,0.961492371769555,1
49764,2026,1,0.9318030256836913,1
49765,2026,1,0.9538389367971404,1
49766,2026,1,0.9380898498247662,1
49767,2026,1,0.9380898498247662,1
49768,2026,1,0.7799761446427329,1
49769,2026,1,0.9452526438833029,1
49770,2026,1,0.9370755786949879,1
49771,2026,1,0.9264244334668152,1
49772,2026,1,0.9264244334668152,1
49773,2026,0,0.17162211351662998,0
49774,2026,1,0.9177186384246663,1
49775,2026,0,0.8333515049581095,1
49776,2026,0,0.8333515049581095,1
49777,2026,0,0.824451174103687,1
49778,2026,0,0.824451174103687,1
49779,2026,0,0.824451174103687,1
49780,2026,0,0.1953099031369925,0
49781,2026,0,0.8541930152729165,1
49782,2026,0,0.8599870194706257,1
49783,2026,0,0.8599870194706257,1
49784,2026,0,0.9205670357131246,1
49785,2026,0,0.9205670357131246,1
49786,2026,0,0.9205670357131246,1
49787,2026,0,0.6073240864042072,1
49788,2026,0,0.6073240864042072,1
49789,2026,0,0.9419199379451663,1
49790,2026,0,0.9419199379451663,1
49791,2026,0,0.9419199379451663,1
49792,2026,0,0.8933484544420991,1
49793,2026,0,0.8933484544420991,1
49794,2026,0,0.8933484544420991,1
49795,2026,0,0.8933484544420991,1
49796,2026,0,0.8933484544420991,1
49797,2026,0,0.6450821668850688,1
49798,2026,0,0.6450821668850688,1
49799,2026,0,0.6450821668850688,1
49800,2026,0,0.6450821668850688,1
49801,2026,0,0.9170381089727876,1
49802,2026,1,0.9452526438833029,1
49803,2026,1,0.9784881472974871,1
49804,2026,1,0.9784881472974871,1
49805,2026,1,0.9708921648394545,1
49806,2026,1,0.9708921648394545,1
49807,2026,0,0.9784881472974871,1
49808,2026,0,0.9784881472974871,1
49809,2026,0,0.9784881472974871,1
49810,2026,0,0.9784881472974871,1
49811,2026,0,0.9784881472974871,1
49812,2026,0,0.9784881472974871,1
49813,2026,0,0.9414636675902289,1
49814,2026,0,0.9414636675902289,1
49815,2026,0,0.9414636675902289,1
49816,2026,1,0.9414636675902289,1
49817,2026,1,0.9414636675902289,1
49818,2026,0,0.9414636675902289,1
49819,2026,0,0.9414636675902289,1
49820,2026,1,0.9708921648394545,1
49821,2026,1,0.9708921648394545,1
49822,2026,1,0.9708921648394545,1
49823,2026,1,0.9784881472974871,1
49824,2026,1,0.9784881472974871,1
49825,2026,1,0.9708921648394545,1
49826,2026,1,0.9419199379451663,1
49827,2026,1,0.9419199379451663,1
49828,2026,1,0.7327991556999784,1
49829,2026,0,0.8599870194706257,1
49830,2026,0,0.9205670357131246,1
49831,2026,1,0.9332802346277912,1
49832,2026,0,0.8985165576061186,1
49833,2026,0,0.8010449913109536,1
49834,2026,1,0.9339499180834628,1
49835,2026,0,0.9791229226040695,1
49836,2026,0,0.9791229226040695,1
49837,2026,0,0.7046505439972174,1
49838,2026,0,0.6979355767464583,1
49839,2026,0,0.6979355767464583,1
49840,2026,1,0.954957427889959,1
49841,2026,1,0.3663017713624013,0
49842,2026,0,0.961492371769555,1
49843,2026,0,0.9894480962311742,1
49844,2026,0,0.9408089686207347,1
49845,2026,0,0.9425311500998929,1
49846,2026,0,0.9813765429392777,1
49847,2026,0,0.9248825763331812,1
49848,2026,0,0.9248825763331812,1
49849,2026,0,0.9482126897899077,1
49850,2026,0,0.9482126897899077,1
49851,2026,1,0.8477662213505371,1
49852,2026,0,0.7906651540760404,1
49853,2026,0,0.7906651540760404,1
49854,2026,0,0.7906651540760404,1
49855,2026,0,0.7906651540760404,1
49856,2026,0,0.7906651540760404,1
49857,2026,1,0.985665451989068,1
49858,2026,0,0.985665451989068,1
49859,2026,1,0.985665451989068,1
49860,2026,0,0.9209826313973587,1
49861,2026,0,0.6780055346148898,1
49862,2026,0,0.6780055346148898,1
49863,2026,0,0.8302970223912619,1
49864,2026,0,0.8302970223912619,1
49865,2026,0,0.8249795247816822,1
49866,2026,0,0.8249795247816822,1
49867,2026,0,0.9232345979130855,1
49868,2026,0,0.9232345979130855,1
49869,2026,0,0.9747741790043409,1
49870,2026,1,0.9747741790043409,1
49871,2026,0,0.889169554452956,1
49872,2026,0,0.889169554452956,1
49873,2026,0,0.889169554452956,1
49874,2026,0,0.889169554452956,1
49875,2026,0,0.889169554452956,1
49876,2026,0,0.889169554452956,1
49877,2026,0,0.9065770910407217,1
49878,2026,0,0.9065770910407217,1
49879,2026,0,0.9334072685931566,1
49880,2026,0,0.9334072685931566,1
49881,2026,0,0.9334072685931566,1
49882,2026,0,0.9334072685931566,1
49883,2026,0,0.9334072685931566,1
49884,2026,0,0.9334072685931566,1
49885,2026,1,0.949064557736741,1
49886,2026,0,0.9894480962311742,1
49887,2026,0,0.8606716000780574,1
49888,2026,1,0.9813765429392777,1
49889,2026,0,0.9813765429392777,1
49890,2026,0,0.9813765429392777,1
49891,2026,0,0.2965687968880957,0
49892,2026,0,0.2965687968880957,0
49893,2026,0,0.9494647619780433,1
49894,2026,0,0.9494647619780433,1
49895,2026,1,0.9494647619780433,1
49896,2026,1,0.9494647619780433,1
49897,2026,1,0.9494647619780433,1
49898,2026,0,0.8862885950687471,1
49899,2026,0,0.8862885950687471,1
49900,2026,0,0.9232492124873105,1
49901,2026,0,0.9232492124873105,1
49902,2026,0,0.9232492124873105,1
49903,2026,0,0.9232492124873105,1
49904,2026,0,0.9232492124873105,1
49905,2026,0,0.9232492124873105,1
49906,2026,0,0.8477662213505371,1
49907,2026,0,0.8477662213505371,1
49908,2026,0,0.8477662213505371,1
49909,2026,0,0.9545789766711354,1
49910,2026,0,0.9545789766711354,1
49911,2026,0,0.9545789766711354,1
49912,2026,0,0.9545789766711354,1
49913,2026,0,0.9545789766711354,1
49914,2026,0,0.9545789766711354,1
49915,2026,1,0.9431859381346087,1
49916,2026,1,0.9431859381346087,1
49917,2026,1,0.9431859381346087,1
49918,2026,1,0.9431859381346087,1
49919,2026,1,0.9431859381346087,1
49920,2026,1,0.9431859381346087,1
49921,2026,1,0.9431859381346087,1
49922,2026,1,0.9431859381346087,1
49923,2026,1,0.985665451989068,1
49924,2026,0,0.985665451989068,1
49925,2026,0,0.7799761446427329,1
49926,2026,1,0.8302970223912619,1
49927,2026,1,0.8302970223912619,1
49928,2026,1,0.952386421025118,1
49929,2026,1,0.9408110679763246,1
49930,2026,0,0.9306815508133292,1
49931,2026,0,0.9306815508133292,1
49932,2026,0,0.9306815508133292,1
49933,2026,0,0.9306815508133292,1
49934,2026,0,0.9306815508133292,1
49935,2026,1,0.9747741790043409,1
49936,2026,1,0.9684612838890191,1
49937,2026,1,0.9747741790043409,1
49938,2026,0,0.9747741790043409,1
49939,2026,0,0.9747741790043409,1
49940,2026,1,0.8971989164877401,1
49941,2026,1,0.8971989164877401,1
49942,2026,1,0.8971989164877401,1
49943,2026,1,0.942750130780957,1
49944,2026,1,0.942750130780957,1
49945,2026,1,0.942750130780957,1
49946,2026,1,0.942750130780957,1
49947,2026,1,0.942750130780957,1
49948,2026,1,0.9074780957939244,1
49949,2026,1,0.8386651897230111,1
49950,2026,1,0.8386651897230111,1
49951,2026,1,0.9074780957939244,1
49952,2026,1,0.9074780957939244,1
49953,2026,1,0.953795726175041,1
49954,2026,1,0.9380328544976098,1
49955,2026,1,0.9380328544976098,1
49956,2026,1,0.9380328544976098,1
49957,2026,1,0.44163641042535895,0
49958,2026,1,0.44163641042535895,0
49959,2026,1,0.44163641042535895,0
49960,2026,1,0.8786627224884578,1
49961,2026,1,0.8786627224884578,1
49962,2026,1,0.9318030256836913,1
49963,2026,1,0.9318030256836913,1
49964,2026,1,0.9318030256836913,1
49965,2026,1,0.9318030256836913,1
49966,2026,1,0.993849526646406,1
49967,2026,1,0.993849526646406,1
49968,2026,1,0.993849526646406,1
49969,2026,1,0.9884581021656269,1
49970,2026,1,0.9884581021656269,1
49971,2026,1,0.993849526646406,1
49972,2026,1,0.993849526646406,1
49973,2026,1,0.993849526646406,1
49974,2026,1,0.9243030860495268,1
49975,2026,1,0.9243030860495268,1
49976,2026,1,0.9243030860495268,1
49977,2026,1,0.24313830131213093,0
49978,2026,1,0.24313830131213093,0
49979,2026,1,0.24313830131213093,0
49980,2026,1,0.24313830131213093,0
49981,2026,1,0.7717293387478547,1
49982,2026,1,0.7717293387478547,1
49983,2026,1,0.9813765429392777,1
49984,2026,1,0.9813765429392777,1
49985,2026,1,0.9747741790043409,1
49986,2026,1,0.9747741790043409,1
49987,2026,1,0.7949103052995409,1
49988,2026,1,0.879708864256658,1
49989,2026,1,0.8696791962759921,1
49990,2026,1,0.9264244334668152,1
49991,2026,1,0.9264244334668152,1
49992,2026,1,0.9264244334668152,1
49995,2026,0,0.9205670357131246,1
49996,2026,0,0.9205670357131246,1
49997,2026,0,0.9205670357131246,1
49998,2026,0,0.3142305467449989,0
49999,2026,0,0.9419199379451663,1
50000,2026,0,0.9304369379818457,1
50001,2026,0,0.9304369379818457,1
50002,2026,0,0.953795726175041,1
50003,2026,0,0.953795726175041,1
50004,2026,0,0.34676608068639314,0
50005,2026,0,0.9074780957939244,1
50006,2026,0,0.9074780957939244,1
50007,2026,0,0.9380328544976098,1
50008,2026,0,0.9380328544976098,1
50009,2026,0,0.8302970223912619,1
50010,2026,1,0.8302970223912619,1
50011,2026,0,0.8302970223912619,1
50012,2026,0,0.8477662213505371,1
50013,2026,1,0.9431859381346087,1
50014,2026,1,0.9431859381346087,1
50015,2026,1,0.9431859381346087,1
50016,2026,1,0.9431859381346087,1
50017,2026,1,0.9431859381346087,1
50018,2026,1,0.9431859381346087,1
50019,2026,1,0.9431859381346087,1
50020,2026,1,0.9408110679763246,1
50021,2026,0,0.7717293387478547,1
50022,2026,0,0.7717293387478547,1
50023,2026,1,0.8671187465858141,1
50024,2026,1,0.9248825763331812,1
50025,2026,1,0.9248825763331812,1
50026,2026,1,0.9074780957939244,1
50027,2026,1,0.9074780957939244,1
50028,2026,1,0.8786627224884578,1
50029,2026,1,0.9946865507790276,1
50030,2026,1,0.901484499541934,1
50031,2026,1,0.901484499541934,1
50032,2026,1,0.9452526438833029,1
50033,2026,1,0.985521647730233,1
50034,2026,1,0.9922740207438555,1
50035,2026,1,0.9922740207438555,1
50036,2026,1,0.9995375819998804,1
50037,2026,1,0.9995375819998804,1
50038,2026,1,0.9991278569484916,1
50039,2026,1,0.9993682038585875,1
50040,2026,1,0.9992470919634309,1
50041,2026,1,0.9992470919634309,1
50042,2026,1,0.9813765429392777,1
50043,2026,1,0.9813765429392777,1
50044,2026,1,0.904171850857904,1
50045,2026,0,0.4639146784413965,0
50046,2026,1,0.9886874888829403,1
50047,2026,0,0.9708921648394545,1
50048,2026,0,0.9691899747914675,1
50049,2026,0,0.9834310119097046,1
50050,2026,1,0.9877959865012965,1
50051,2026,1,0.9877959865012965,1
50052,2026,1,0.9834310119097046,1
50053,2026,1,0.9834310119097046,1
50054,2026,0,0.19539807402022516,0
50055,2026,0,0.9886874888829403,1
50056,2026,1,0.9886874888829403,1
50057,2026,0,0.9469106538481971,1
50058,2026,0,0.9469106538481971,1
50059,2026,0,0.9469106538481971,1
50060,2026,0,0.9834310119097046,1
50061,2026,0,0.9340230826387123,1
50062,2026,0,0.9340230826387123,1
50063,2026,0,0.9340230826387123,1
50064,2026,0,0.9340230826387123,1
50065,2026,0,0.9121360550977526,1
50066,2026,0,0.7447817486813527,1
50067,2026,0,0.7447817486813527,1
50068,2026,0,0.44163641042535895,0
50069,2026,0,0.9886874888829403,1
50070,2026,0,0.9886874888829403,1
50071,2026,1,0.9886874888829403,1
50072,2026,0,0.9469106538481971,1
50073,2026,0,0.9469106538481971,1
50074,2026,0,0.901640875147956,1
50075,2026,0,0.9259299667514018,1
50076,2026,1,0.9664085288119708,1
50077,2026,0,0.9403766698523118,1
50078,2026,1,0.9403766698523118,1
50079,2026,0,0.9282455747062421,1
50080,2026,0,0.9282455747062421,1
50081,2026,0,0.9282455747062421,1
50082,2026,0,0.7786455804309742,1
50083,2026,1,0.7786455804309742,1
50084,2026,0,0.9018712955360613,1
50085,2026,0,0.9018712955360613,1
50086,2026,1,0.7786455804309742,1
50087,2026,0,0.881289129572144,1
50088,2026,0,0.881289129572144,1
50089,2026,0,0.881289129572144,1
50090,2026,0,0.881289129572144,1
50091,2026,0,0.881289129572144,1
50092,2026,0,0.8597412772607632,1
50093,2026,0,0.8597412772607632,1
50094,2026,0,0.8597412772607632,1
50095,2026,0,0.8597412772607632,1
50096,2026,1,0.9339499180834628,1
50097,2026,1,0.7786455804309742,1
50098,2026,0,0.7786455804309742,1
50099,2026,0,0.7786455804309742,1
50100,2026,0,0.7786455804309742,1
50101,2026,0,0.7786455804309742,1
50102,2026,0,0.7786455804309742,1
50103,2026,0,0.7786455804309742,1
50104,2026,0,0.7786455804309742,1
50105,2026,0,0.7786455804309742,1
50106,2026,0,0.7786455804309742,1
50107,2026,0,0.7786455804309742,1
50108,2026,0,0.9638724680763353,1
50109,2026,1,0.881289129572144,1
50110,2026,1,0.9509721337024015,1
50111,2026,1,0.9314930428298802,1
50112,2026,1,0.9088486141036872,1
50113,2026,0,0.9902201069894497,1
50114,2026,1,0.8899761270572586,1
50115,2026,0,0.34676608068639314,0
50116,2026,0,0.9494647619780433,1
50117,2026,0,0.9356911744898344,1
50118,2026,0,0.8477662213505371,1
50119,2026,0,0.9356911744898344,1
50120,2026,0,0.8477662213505371,1
50121,2026,0,0.8477662213505371,1
50122,2026,0,0.8477662213505371,1
50123,2026,0,0.8477662213505371,1
50124,2026,0,0.8477662213505371,1
50125,2026,0,0.8477662213505371,1
50126,2026,0,0.8477662213505371,1
50127,2026,0,0.7906651540760404,1
50128,2026,0,0.8249795247816822,1
50129,2026,0,0.8249795247816822,1
50130,2026,1,0.8249795247816822,1
50131,2026,1,0.7717293387478547,1
50132,2026,0,0.9747741790043409,1
50133,2026,1,0.9747741790043409,1
50134,2026,1,0.9747741790043409,1
50135,2026,1,0.9747741790043409,1
50136,2026,1,0.9747741790043409,1
50137,2026,1,0.9747741790043409,1
50138,2026,0,0.8386651897230111,1
50139,2026,0,0.9065770910407217,1
50140,2026,0,0.7158341231868343,1
50141,2026,0,0.7158341231868343,1
50142,2026,0,0.7158341231868343,1
50143,2026,0,0.7158341231868343,1
50144,2026,0,0.7158341231868343,1
50145,2026,0,0.7158341231868343,1
50146,2026,0,0.9425311500998929,1
50147,2026,0,0.9534448301580469,1
50148,2026,0,0.9534448301580469,1
50149,2026,0,0.4781654702078121,0
50150,2026,0,0.4781654702078121,0
50151,2026,0,0.8477662213505371,1
50152,2026,0,0.8477662213505371,1
50153,2026,0,0.8477662213505371,1
50154,2026,0,0.9867104959054032,1
50155,2026,0,0.9867104959054032,1
50156,2026,0,0.9867104959054032,1
50157,2026,0,0.8261788735469134,1
50158,2026,0,0.8261788735469134,1
50159,2026,0,0.7906651540760404,1
50160,2026,0,0.7906651540760404,1
50161,2026,1,0.8261788735469134,1
50162,2026,0,0.8261788735469134,1
50163,2026,0,0.8261788735469134,1
50164,2026,0,0.9431859381346087,1
50165,2026,1,0.9431859381346087,1
50166,2026,1,0.9431859381346087,1
50167,2026,0,0.9820279031578548,1
50168,2026,0,0.985665451989068,1
50169,2026,1,0.985665451989068,1
50170,2026,0,0.7799761446427329,1
50171,2026,1,0.8302970223912619,1
50172,2026,1,0.8302970223912619,1
50173,2026,0,0.9052770091984793,1
50174,2026,0,0.9052770091984793,1
50175,2026,0,0.9052770091984793,1
50176,2026,0,0.9215858534567651,1
50177,2026,0,0.9684612838890191,1
50178,2026,1,0.9215858534567651,1
50179,2026,1,0.9684612838890191,1
50180,2026,1,0.9747741790043409,1
50181,2026,1,0.9747741790043409,1
50182,2026,1,0.9494647619780433,1
50183,2026,1,0.9494647619780433,1
50184,2026,1,0.9419199379451663,1
50185,2026,1,0.9419199379451663,1
50186,2026,1,0.9419199379451663,1
50187,2026,1,0.8971989164877401,1
50188,2026,1,0.8971989164877401,1
50189,2026,1,0.8971989164877401,1
50190,2026,1,0.942750130780957,1
50191,2026,1,0.942750130780957,1
50192,2026,1,0.942750130780957,1
50193,2026,1,0.942750130780957,1
50194,2026,1,0.942750130780957,1
50195,2026,1,0.942750130780957,1
50196,2026,1,0.942750130780957,1
50197,2026,1,0.8795526546040665,1
50198,2026,1,0.9432562518923113,1
50199,2026,1,0.9432562518923113,1
50200,2026,1,0.9482126897899077,1
50201,2026,1,0.9482126897899077,1
50202,2026,1,0.9482126897899077,1
50203,2026,1,0.9482126897899077,1
50204,2026,1,0.9065770910407217,1
50205,2026,1,0.9065770910407217,1
50206,2026,1,0.9867104959054032,1
50207,2026,1,0.9867104959054032,1
50208,2026,1,0.9902201069894497,1
50209,2026,1,0.8261788735469134,1
50210,2026,1,0.8261788735469134,1
50211,2026,1,0.9380898498247662,1
50212,2026,1,0.9380898498247662,1
50213,2026,1,0.9380898498247662,1
50214,2026,1,0.8892661871679076,1
50215,2026,1,0.8892661871679076,1
50216,2026,1,0.9894480962311742,1
50217,2026,1,0.985665451989068,1
50218,2026,1,0.985665451989068,1
50219,2026,1,0.985665451989068,1
50220,2026,1,0.985665451989068,1
50221,2026,1,0.9946865507790276,1
50222,2026,1,0.7283490195789454,1
50223,2026,1,0.7283490195789454,1
50224,2026,1,0.9232345979130855,1
50225,2026,1,0.9232345979130855,1
50226,2026,1,0.9425311500998929,1
50227,2026,1,0.9425311500998929,1
50228,2026,1,0.9232345979130855,1
50229,2026,1,0.9922740207438555,1
50230,2026,1,0.9922740207438555,1
50231,2026,1,0.9922740207438555,1
50232,2026,1,0.985521647730233,1
50233,2026,1,0.985521647730233,1
50234,2026,1,0.9205670357131246,1
50235,2026,1,0.9205670357131246,1
50236,2026,1,0.9205670357131246,1
50237,2026,1,0.9205670357131246,1
50238,2026,1,0.9205670357131246,1
50239,2026,1,0.9205670357131246,1
50240,2026,1,0.9205670357131246,1
50241,2026,1,0.9205670357131246,1
50242,2026,1,0.8599870194706257,1
50243,2026,1,0.9205670357131246,1
50244,2026,1,0.9205670357131246,1
50245,2026,1,0.9205670357131246,1
50246,2026,1,0.9205670357131246,1
50247,2026,1,0.9205670357131246,1
50248,2026,1,0.9205670357131246,1
50249,2026,1,0.9988085803458987,1
50250,2026,1,0.9995375819998804,1
50251,2026,1,0.9991278569484916,1
50252,2026,1,0.9995375819998804,1
50253,2026,1,0.9996008238445078,1
50254,2026,1,0.8696791962759921,1
50255,2026,1,0.8696791962759921,1
50256,2026,1,0.9264244334668152,1
50257,2026,1,0.9264244334668152,1
50258,2026,1,0.9264244334668152,1
50259,2026,1,0.9264244334668152,1
50260,2026,1,0.8333515049581095,1
50261,2026,1,0.8333515049581095,1
50262,2026,1,0.8333515049581095,1
50263,2026,1,0.8333515049581095,1
50264,2026,1,0.7906651540760404,1
50265,2026,1,0.7906651540760404,1
50266,2026,1,0.8302970223912619,1
50267,2026,1,0.8302970223912619,1
50268,2026,0,0.949064557736741,1
50269,2026,0,0.949064557736741,1
50270,2025,0,0.9880748668052339,1
50271,2026,1,0.9177186384246663,1
50272,2026,0,0.451228687019678,0
50273,2026,0,0.451228687019678,0
50274,2026,0,0.451228687019678,0
50275,2026,0,0.7062520804405139,1
50276,2026,0,0.7062520804405139,1
50277,2026,0,0.9205670357131246,1
50278,2026,0,0.9205670357131246,1
50279,2026,0,0.8933484544420991,1
50280,2026,0,0.9708921648394545,1
50281,2026,0,0.9419199379451663,1
50282,2026,0,0.9419199379451663,1
50283,2026,0,0.44163641042535895,0
50284,2026,0,0.9299485053959445,1
50285,2026,1,0.9813765429392777,1
50286,2026,0,0.9494647619780433,1
50287,2026,0,0.9494647619780433,1
50288,2026,0,0.9494647619780433,1
50289,2026,0,0.9494647619780433,1
50290,2026,0,0.8302970223912619,1
50291,2026,1,0.9894480962311742,1
50292,2026,1,0.6780055346148898,1
50293,2026,1,0.6780055346148898,1
50294,2026,1,0.9306815508133292,1
50295,2026,1,0.9306815508133292,1
50296,2026,1,0.8767829310483793,1
50297,2026,1,0.9306815508133292,1
50298,2026,1,0.9306815508133292,1
50299,2026,1,0.7717293387478547,1
50300,2026,1,0.7717293387478547,1
50301,2026,1,0.8217572190271876,1
50302,2026,1,0.7717293387478547,1
50303,2026,1,0.7717293387478547,1
50304,2026,1,0.9996008238445078,1
50305,2026,1,0.9747741790043409,1
50306,2026,1,0.9747741790043409,1
50307,2026,1,0.9747741790043409,1
50308,2026,1,0.9747741790043409,1
50309,2026,1,0.28104576686467553,0
50310,2026,1,0.8557339906706761,1
50311,2026,0,0.9464607161842987,1
50392,2026,0,0.9869079995967288,1
50440,2026,0,0.8398183932431746,1
50441,2026,0,0.8398183932431746,1
50442,2026,0,0.8398183932431746,1
50443,2026,0,0.8398183932431746,1
50444,2026,0,0.1953099031369925,0
50445,2026,1,0.9877959865012965,1
50446,2026,1,0.9834310119097046,1
50447,2026,1,0.8597412772607632,1
50448,2026,1,0.954957427889959,1
50449,2026,1,0.8261788735469134,1
50450,2026,1,0.9877959865012965,1
50451,2026,1,0.9877959865012965,1
50452,2026,1,0.9834310119097046,1
50453,2026,1,0.9834310119097046,1
50454,2026,1,0.6450821668850688,1
50455,2026,1,0.6780055346148898,1
50456,2026,1,0.9205670357131246,1
50457,2026,1,0.9205670357131246,1
50458,2026,1,0.8767829310483793,1
50459,2026,1,0.9306815508133292,1
50460,2026,1,0.9993682038585875,1
