year,segment,make,records,make_mpg,segment_mpg,mpg_above_segment,efficiency_rank
2027,Car,BMW,9,18.666666666666668,21.4390243902439,-2.772357723577233,1
2027,Car,Rolls-Royce,5,13.0,21.4390243902439,-8.439024390243901,2
2027,SUV,Volkswagen,5,26.4,22.151162790697676,4.248837209302323,1
2027,SUV,Kia,9,24.77777777777778,22.151162790697676,2.626614987080103,2
2027,SUV,Hyundai,14,24.357142857142858,22.151162790697676,2.205980066445182,3
2027,SUV,GMC,5,23.8,22.151162790697676,1.6488372093023251,4
2027,SUV,Subaru,5,23.4,22.151162790697676,1.248837209302323,5
2027,SUV,Genesis,5,21.0,22.151162790697676,-1.1511627906976756,6
2027,SUV,Infiniti,5,21.0,22.151162790697676,-1.1511627906976756,6
2027,SUV,Jeep,14,20.642857142857142,22.151162790697676,-1.5083056478405332,7
2027,SUV,Dodge,5,17.0,22.151162790697676,-5.151162790697676,8
2027,Sports/Two-Seater,Chevrolet,5,15.6,17.5,-1.9000000000000004,1
2027,Truck/Pickup,Ram,6,17.0,17.285714285714285,-0.2857142857142847,1
2026,Car,Honda,7,31.714285714285715,24.13294797687861,7.581337737407104,1
2026,Car,Toyota,8,31.25,24.13294797687861,7.1170520231213885,2
2026,Car,Nissan,5,31.2,24.13294797687861,7.067052023121388,3
2026,Car,MINI,7,30.857142857142858,24.13294797687861,6.724194880264246,4
2026,Car,Volkswagen,6,29.5,24.13294797687861,5.3670520231213885,5
2026,Car,Kia,9,29.444444444444443,24.13294797687861,5.311496467565831,6
2026,Car,Hyundai,9,29.11111111111111,24.13294797687861,4.978163134232499,7
2026,Car,Mazda,7,28.142857142857142,24.13294797687861,4.009909165978531,8
2026,Car,Audi,6,24.833333333333332,24.13294797687861,0.7003853564547207,9
2026,Car,BMW,26,22.53846153846154,24.13294797687861,-1.5944864384170714,10
2026,Car,Cadillac,16,21.6875,24.13294797687861,-2.4454479768786115,11
2026,Car,Genesis,7,21.142857142857142,24.13294797687861,-2.990090834021469,12
2026,Car,Lexus,5,20.2,24.13294797687861,-3.932947976878612,13
2026,Car,Porsche,18,19.72222222222222,24.13294797687861,-4.41072575465639,14
2026,Car,Ford,6,18.166666666666668,24.13294797687861,-5.966281310211944,15
2026,Car,Mercedes-Benz,5,17.2,24.13294797687861,-6.932947976878612,16
2026,Car,Rolls-Royce,5,14.0,24.13294797687861,-10.132947976878611,17
2026,SUV,Mazda,5,25.8,22.101960784313725,3.6980392156862756,1
2026,SUV,Subaru,10,25.5,22.101960784313725,3.398039215686275,2
2026,SUV,Kia,9,25.444444444444443,22.101960784313725,3.3424836601307177,3
2026,SUV,Buick,5,25.0,22.101960784313725,2.898039215686275,4
2026,SUV,Hyundai,19,24.894736842105264,22.101960784313725,2.7927760577915386,5
2026,SUV,Volkswagen,12,24.833333333333332,22.101960784313725,2.731372549019607,6
2026,SUV,Nissan,13,24.307692307692307,22.101960784313725,2.2057315233785815,7
2026,SUV,Toyota,11,24.09090909090909,22.101960784313725,1.9889483065953648,8
2026,SUV,Lexus,8,22.375,22.101960784313725,0.27303921568627487,9
2026,SUV,Honda,7,22.0,22.101960784313725,-0.10196078431372513,10
2026,SUV,Lincoln,6,21.833333333333332,22.101960784313725,-0.268627450980393,11
2026,SUV,Audi,8,21.625,22.101960784313725,-0.47696078431372513,12
2026,SUV,Acura,5,21.6,22.101960784313725,-0.5019607843137237,13
2026,SUV,Genesis,6,21.333333333333332,22.101960784313725,-0.768627450980393,14
2026,SUV,Ford,23,21.08695652173913,22.101960784313725,-1.015004262574596,15
2026,SUV,Chevrolet,18,21.0,22.101960784313725,-1.1019607843137251,16
2026,SUV,Jeep,19,20.57894736842105,22.101960784313725,-1.5230134158926738,17
2026,SUV,GMC,13,19.384615384615383,22.101960784313725,-2.717345399698342,18
2026,SUV,Cadillac,7,19.285714285714285,22.101960784313725,-2.8162464985994404,19
2026,SUV,Land Rover,9,19.22222222222222,22.101960784313725,-2.8797385620915037,20
2026,SUV,Porsche,11,18.818181818181817,22.101960784313725,-3.2837789661319086,21
2026,SUV,Dodge,5,16.8,22.101960784313725,-5.301960784313724,22
2026,Truck/Pickup,Toyota,14,20.642857142857142,18.634146341463413,2.008710801393729,1
2026,Truck/Pickup,Ford,18,20.0,18.634146341463413,1.3658536585365866,2
2026,Truck/Pickup,Chevrolet,20,17.45,18.634146341463413,-1.1841463414634141,3
2026,Truck/Pickup,GMC,19,17.210526315789473,18.634146341463413,-1.4236200256739409,4
2026,Truck/Pickup,Ram,5,17.0,18.634146341463413,-1.6341463414634134,5
2025,Car,Honda,6,31.833333333333332,24.096938775510203,7.736394557823129,1
2025,Car,Nissan,8,31.75,24.096938775510203,7.653061224489797,2
2025,Car,MINI,8,31.0,24.096938775510203,6.903061224489797,3
2025,Car,Kia,7,29.857142857142858,24.096938775510203,5.760204081632654,4
2025,Car,Toyota,10,29.7,24.096938775510203,5.603061224489796,5
2025,Car,Volkswagen,6,29.5,24.096938775510203,5.403061224489797,6
2025,Car,Hyundai,9,29.333333333333332,24.096938775510203,5.236394557823129,7
2025,Car,Mazda,7,29.0,24.096938775510203,4.903061224489797,8
2025,Car,Acura,7,27.0,24.096938775510203,2.9030612244897966,9
2025,Car,Subaru,6,24.333333333333332,24.096938775510203,0.2363945578231288,10
2025,Car,Audi,8,24.0,24.096938775510203,-0.09693877551020336,11
2025,Car,Lexus,17,22.352941176470587,24.096938775510203,-1.7439975990396164,12
2025,Car,Cadillac,16,21.75,24.096938775510203,-2.3469387755102034,13
2025,Car,BMW,29,21.517241379310345,24.096938775510203,-2.579697396199858,14
2025,Car,Genesis,7,21.428571428571427,24.096938775510203,-2.6683673469387763,15
2025,Car,Maserati,6,20.5,24.096938775510203,-3.5969387755102034,16
2025,Car,Porsche,18,19.0,24.096938775510203,-5.096938775510203,17
2025,Car,Ford,6,18.166666666666668,24.096938775510203,-5.9302721088435355,18
2025,Car,Mercedes-Benz,5,17.4,24.096938775510203,-6.696938775510205,19
2025,Car,Rolls-Royce,5,14.0,24.096938775510203,-10.096938775510203,20
2025,SUV,Mazda,7,26.285714285714285,22.4375,3.8482142857142847,1
2025,SUV,Subaru,11,26.09090909090909,22.4375,3.65340909090909,2
2025,SUV,Mitsubishi,7,25.857142857142858,22.4375,3.4196428571428577,3
2025,SUV,Hyundai,18,25.555555555555557,22.4375,3.118055555555557,4
2025,SUV,Toyota,17,25.352941176470587,22.4375,2.915441176470587,5
2025,SUV,Kia,12,25.25,22.4375,2.8125,6
2025,SUV,Nissan,16,25.1875,22.4375,2.75,7
2025,SUV,Buick,5,25.0,22.4375,2.5625,8
2025,SUV,Volkswagen,11,24.454545454545453,22.4375,2.0170454545454533,9
2025,SUV,BMW,7,23.714285714285715,22.4375,1.2767857142857153,10
2025,SUV,Lexus,10,23.5,22.4375,1.0625,11
2025,SUV,Honda,7,23.285714285714285,22.4375,0.8482142857142847,12
2025,SUV,Infiniti,7,22.714285714285715,22.4375,0.2767857142857153,13
2025,SUV,Lincoln,6,21.833333333333332,22.4375,-0.6041666666666679,14
2025,SUV,Audi,11,21.818181818181817,22.4375,-0.6193181818181834,15
2025,SUV,Acura,5,21.6,22.4375,-0.8374999999999986,16
2025,SUV,Genesis,5,21.2,22.4375,-1.2375000000000007,17
2025,SUV,Ford,24,21.083333333333332,22.4375,-1.3541666666666679,18
2025,SUV,Cadillac,13,21.0,22.4375,-1.4375,19
2025,SUV,Chevrolet,19,20.789473684210527,22.4375,-1.6480263157894726,20
2025,SUV,Jeep,17,19.941176470588236,22.4375,-2.4963235294117645,21
2025,SUV,Land Rover,9,19.11111111111111,22.4375,-3.3263888888888893,22
2025,SUV,GMC,12,19.0,22.4375,-3.4375,23
2025,SUV,Porsche,11,18.818181818181817,22.4375,-3.6193181818181834,24
2025,SUV,Dodge,6,18.5,22.4375,-3.9375,25
2025,Sports/Two-Seater,Porsche,14,20.714285714285715,19.642857142857142,1.071428571428573,1
2025,Truck/Pickup,Toyota,12,20.833333333333332,18.419753086419753,2.413580246913579,1
2025,Truck/Pickup,Ford,17,19.705882352941178,18.419753086419753,1.2861292665214243,2
2025,Truck/Pickup,Chevrolet,22,17.136363636363637,18.419753086419753,-1.2833894500561165,3
2025,Truck/Pickup,GMC,20,17.0,18.419753086419753,-1.4197530864197532,4
2024,Car,Honda,13,32.15384615384615,23.99288256227758,8.160963591568574,1
2024,Car,Nissan,10,30.2,23.99288256227758,6.20711743772242,2
2024,Car,Kia,7,29.714285714285715,23.99288256227758,5.721403152008136,3
2024,Car,Hyundai,8,29.0,23.99288256227758,5.007117437722421,4
2024,Car,Mazda,7,29.0,23.99288256227758,5.007117437722421,4
2024,Car,Toyota,14,28.857142857142858,23.99288256227758,4.864260294865279,5
2024,Car,Volkswagen,10,28.6,23.99288256227758,4.607117437722422,6
2024,Car,MINI,24,28.583333333333332,23.99288256227758,4.590450771055753,7
2024,Car,Acura,7,27.0,23.99288256227758,3.007117437722421,8
2024,Car,Subaru,6,24.333333333333332,23.99288256227758,0.34045077105575317,9
2024,Car,BMW,38,22.894736842105264,23.99288256227758,-1.0981457201723153,10
2024,Car,Audi,7,22.428571428571427,23.99288256227758,-1.564311133706152,11
2024,Car,Lexus,17,22.41176470588235,23.99288256227758,-1.5811178563952275,12
2024,Car,Genesis,5,22.4,23.99288256227758,-1.5928825622775804,13
2024,Car,Cadillac,16,21.9375,23.99288256227758,-2.055382562277579,14
2024,Car,Chevrolet,7,20.571428571428573,23.99288256227758,-3.421453990849006,15
2024,Car,Ford,8,19.5,23.99288256227758,-4.492882562277579,16
2024,Car,Porsche,34,19.38235294117647,23.99288256227758,-4.610529621101108,17
2024,Car,Maserati,11,19.272727272727273,23.99288256227758,-4.720155289550306,18
2024,Car,Mercedes-Benz,7,17.0,23.99288256227758,-6.992882562277579,19
2024,Car,Bentley,6,15.666666666666666,23.99288256227758,-8.326215895610913,20
2024,Car,Rolls-Royce,5,14.0,23.99288256227758,-9.992882562277579,21
2024,SUV,Mazda,7,26.142857142857142,21.97,4.1728571428571435,1
2024,SUV,Mitsubishi,8,26.0,21.97,4.030000000000001,2
2024,SUV,Subaru,10,25.9,21.97,3.9299999999999997,3
2024,SUV,Hyundai,17,25.58823529411765,21.97,3.6182352941176497,4
2024,SUV,Buick,6,25.333333333333332,21.97,3.3633333333333333,5
2024,SUV,Kia,12,25.333333333333332,21.97,3.3633333333333333,5
2024,SUV,Toyota,17,24.941176470588236,21.97,2.9711764705882366,6
2024,SUV,Nissan,10,24.7,21.97,2.7300000000000004,7
2024,SUV,Volkswagen,12,24.25,21.97,2.280000000000001,8
2024,SUV,Lexus,10,23.5,21.97,1.5300000000000011,9
2024,SUV,Honda,7,23.428571428571427,21.97,1.4585714285714282,10
2024,SUV,BMW,11,22.636363636363637,21.97,0.6663636363636378,11
2024,SUV,Lincoln,6,22.0,21.97,0.030000000000001137,12
2024,SUV,Infiniti,7,21.714285714285715,21.97,-0.25571428571428356,13
2024,SUV,Acura,5,21.6,21.97,-0.36999999999999744,14
2024,SUV,Genesis,5,21.6,21.97,-0.36999999999999744,14
2024,SUV,Cadillac,13,21.0,21.97,-0.9699999999999989,15
2024,SUV,Chevrolet,21,20.761904761904763,21.97,-1.2080952380952361,16
2024,SUV,Audi,7,20.714285714285715,21.97,-1.2557142857142836,17
2024,SUV,Ford,30,20.566666666666666,21.97,-1.4033333333333324,18
2024,SUV,Land Rover,8,19.5,21.97,-2.469999999999999,19
2024,SUV,Jeep,22,19.363636363636363,21.97,-2.6063636363636355,20
2024,SUV,Porsche,8,19.0,21.97,-2.969999999999999,21
2024,SUV,GMC,12,18.833333333333332,21.97,-3.1366666666666667,22
2024,SUV,Dodge,7,18.285714285714285,21.97,-3.684285714285714,23
2024,SUV,Maserati,5,17.6,21.97,-4.369999999999997,24
2024,Sports/Two-Seater,Porsche,20,19.15,19.07843137254902,0.07156862745097925,1
2024,Sports/Two-Seater,Jaguar,6,18.333333333333332,19.07843137254902,-0.7450980392156872,2
2024,Truck/Pickup,Toyota,15,20.6,18.425531914893618,2.1744680851063833,1
2024,Truck/Pickup,Ford,17,19.647058823529413,18.425531914893618,1.221526908635795,2
2024,Truck/Pickup,Nissan,6,18.333333333333332,18.425531914893618,-0.09219858156028593,3
2024,Truck/Pickup,Chevrolet,25,17.6,18.425531914893618,-0.8255319148936167,4
2024,Truck/Pickup,GMC,22,17.09090909090909,18.425531914893618,-1.3346228239845281,5
2024,Truck/Pickup,Ram,5,17.0,18.425531914893618,-1.425531914893618,6
2023,Car,Honda,13,32.15384615384615,23.710027100271002,8.443819053575151,1
2023,Car,Hyundai,10,30.2,23.710027100271002,6.489972899728997,2
2023,Car,Nissan,11,29.454545454545453,23.710027100271002,5.744518354274451,3
2023,Car,Mazda,8,29.25,23.710027100271002,5.539972899728998,4
2023,Car,Toyota,15,29.133333333333333,23.710027100271002,5.4233062330623305,5
2023,Car,Volkswagen,11,29.0,23.710027100271002,5.289972899728998,6
2023,Car,MINI,24,28.5,23.710027100271002,4.789972899728998,7
2023,Car,Kia,12,27.75,23.710027100271002,4.039972899728998,8
2023,Car,Acura,9,26.11111111111111,23.710027100271002,2.4010840108401084,9
2023,Car,Subaru,9,26.0,23.710027100271002,2.2899728997289976,10
2023,Car,Audi,10,23.7,23.710027100271002,-0.010027100271003064,11
2023,Car,BMW,46,23.0,23.710027100271002,-0.7100271002710024,12
2023,Car,Genesis,8,22.5,23.710027100271002,-1.2100271002710024,13
2023,Car,Lexus,17,22.470588235294116,23.710027100271002,-1.2394388649768864,14
2023,Car,Cadillac,16,22.0625,23.710027100271002,-1.6475271002710024,15
2023,Car,Mercedes-Benz,20,21.6,23.710027100271002,-2.110027100271001,16
2023,Car,Ford,15,21.333333333333332,23.710027100271002,-2.37669376693767,17
2023,Car,Chevrolet,9,21.11111111111111,23.710027100271002,-2.5989159891598916,18
2023,Car,Porsche,45,19.08888888888889,23.710027100271002,-4.621138211382114,19
2023,Car,Maserati,8,18.75,23.710027100271002,-4.960027100271002,20
2023,Car,Dodge,18,18.22222222222222,23.710027100271002,-5.487804878048781,21
2023,Car,Bentley,6,16.166666666666668,23.710027100271002,-7.5433604336043345,22
2023,Car,Rolls-Royce,5,14.0,23.710027100271002,-9.710027100271002,23
2023,SUV,Mitsubishi,10,26.0,21.804034582132566,4.195965417867434,1
2023,SUV,Nissan,15,25.933333333333334,21.804034582132566,4.129298751200768,2
2023,SUV,Subaru,10,25.8,21.804034582132566,3.995965417867435,3
2023,SUV,Toyota,14,25.785714285714285,21.804034582132566,3.981679703581719,4
2023,SUV,Kia,11,25.727272727272727,21.804034582132566,3.923238145140161,5
2023,SUV,Buick,7,25.571428571428573,21.804034582132566,3.767393989296007,6
2023,SUV,Mazda,7,25.571428571428573,21.804034582132566,3.767393989296007,6
2023,SUV,Hyundai,16,25.5625,21.804034582132566,3.758465417867434,7
2023,SUV,Lexus,8,23.75,21.804034582132566,1.9459654178674342,8
2023,SUV,Volkswagen,14,23.642857142857142,21.804034582132566,1.8388225607245765,9
2023,SUV,Honda,7,23.428571428571427,21.804034582132566,1.6245368464388612,10
2023,SUV,Acura,7,22.285714285714285,21.804034582132566,0.48167970358171885,11
2023,SUV,Genesis,5,21.8,21.804034582132566,-0.004034582132565134,12
2023,SUV,Chevrolet,20,21.15,21.804034582132566,-0.6540345821325673,13
2023,SUV,Lincoln,14,20.928571428571427,21.804034582132566,-0.8754631535611388,14
2023,SUV,Cadillac,13,20.923076923076923,21.804034582132566,-0.8809576590556425,15
2023,SUV,Infiniti,8,20.875,21.804034582132566,-0.9290345821325658,16
2023,SUV,Audi,7,20.857142857142858,21.804034582132566,-0.9468917249897082,17
2023,SUV,Ford,39,20.333333333333332,21.804034582132566,-1.4707012487992337,18
2023,SUV,Jeep,25,20.28,21.804034582132566,-1.5240345821325647,19
2023,SUV,GMC,14,19.642857142857142,21.804034582132566,-2.1611774392754235,20
2023,SUV,Mercedes-Benz,9,19.444444444444443,21.804034582132566,-2.359590137688123,21
2023,SUV,BMW,14,18.928571428571427,21.804034582132566,-2.875463153561139,22
2023,SUV,Land Rover,13,18.846153846153847,21.804034582132566,-2.957880735978719,23
2023,SUV,Dodge,7,18.285714285714285,21.804034582132566,-3.518320296418281,24
2023,SUV,Porsche,13,18.23076923076923,21.804034582132566,-3.573265351363336,25
2023,SUV,Maserati,5,17.6,21.804034582132566,-4.204034582132564,26
2023,Special Purpose,Mercedes-Benz,7,22.285714285714285,20.88235294117647,1.4033613445378137,1
2023,Sports/Two-Seater,Porsche,26,20.076923076923077,18.577464788732396,1.4994582881906808,1
2023,Sports/Two-Seater,Jaguar,6,18.333333333333332,18.577464788732396,-0.24413145539906367,2
2023,Sports/Two-Seater,Audi,6,17.666666666666668,18.577464788732396,-0.910798122065728,3
2023,Sports/Two-Seater,Ferrari,8,14.0,18.577464788732396,-4.577464788732396,4
2023,Truck/Pickup,Toyota,10,19.6,18.526881720430108,1.0731182795698935,1
2023,Truck/Pickup,Ford,22,19.5,18.526881720430108,0.973118279569892,2
2023,Truck/Pickup,Nissan,9,18.88888888888889,18.526881720430108,0.36200716845878134,3
2023,Truck/Pickup,Chevrolet,22,18.09090909090909,18.526881720430108,-0.435972629521018,4
2023,Truck/Pickup,GMC,20,17.6,18.526881720430108,-0.9268817204301065,5
2023,Truck/Pickup,Ram,7,17.0,18.526881720430108,-1.526881720430108,6
2022,Car,Honda,14,32.357142857142854,24.231552162849873,8.125590694292981,1
2022,Car,Nissan,12,30.75,24.231552162849873,6.518447837150127,2
2022,Car,Toyota,23,29.82608695652174,24.231552162849873,5.5945347936718655,3
2022,Car,Hyundai,14,29.571428571428573,24.231552162849873,5.3398764085787,4
2022,Car,Volkswagen,12,29.0,24.231552162849873,4.768447837150127,5
2022,Car,MINI,24,28.541666666666668,24.231552162849873,4.310114503816795,6
2022,Car,Kia,13,28.23076923076923,24.231552162849873,3.999217067919357,7
2022,Car,Mazda,8,28.125,24.231552162849873,3.893447837150127,8
2022,Car,Subaru,9,26.11111111111111,24.231552162849873,1.8795589482612378,9
2022,Car,Chevrolet,14,24.928571428571427,24.231552162849873,0.6970192657215541,10
2022,Car,Acura,7,24.0,24.231552162849873,-0.2315521628498729,11
2022,Car,Audi,11,23.818181818181817,24.231552162849873,-0.41337034466805633,12
2022,Car,Mercedes-Benz,18,23.5,24.231552162849873,-0.7315521628498729,13
2022,Car,Lexus,18,23.0,24.231552162849873,-1.231552162849873,14
2022,Car,BMW,48,22.791666666666668,24.231552162849873,-1.439885496183205,15
2022,Car,Cadillac,16,22.0625,24.231552162849873,-2.169052162849873,16
2022,Car,Infiniti,8,22.0,24.231552162849873,-2.231552162849873,17
2022,Car,Genesis,11,21.363636363636363,24.231552162849873,-2.8679157992135096,18
2022,Car,Ford,16,20.9375,24.231552162849873,-3.294052162849873,19
2022,Car,Porsche,39,19.205128205128204,24.231552162849873,-5.0264239577216685,20
2022,Car,Maserati,8,18.5,24.231552162849873,-5.731552162849873,21
2022,Car,Dodge,18,18.22222222222222,24.231552162849873,-6.0093299406276515,22
2022,Car,Bentley,6,16.5,24.231552162849873,-7.731552162849873,23
2022,Car,Rolls-Royce,5,14.0,24.231552162849873,-10.231552162849873,24
2022,SUV,Subaru,10,26.3,21.66042780748663,4.63957219251337,1
2022,SUV,Mitsubishi,10,26.0,21.66042780748663,4.339572192513369,2
2022,SUV,Buick,9,25.77777777777778,21.66042780748663,4.117349970291148,3
2022,SUV,Hyundai,16,25.6875,21.66042780748663,4.027072192513369,4
2022,SUV,Kia,13,24.846153846153847,21.66042780748663,3.185726038667216,5
2022,SUV,Mazda,5,24.8,21.66042780748663,3.13957219251337,6
2022,SUV,Volvo,8,24.375,21.66042780748663,2.7145721925133692,7
2022,SUV,Toyota,16,24.1875,21.66042780748663,2.5270721925133692,8
2022,SUV,Nissan,10,24.1,21.66042780748663,2.4395721925133707,9
2022,SUV,Honda,7,24.0,21.66042780748663,2.3395721925133692,10
2022,SUV,Volkswagen,13,23.307692307692307,21.66042780748663,1.6472645002056758,11
2022,SUV,Lexus,10,22.9,21.66042780748663,1.2395721925133678,12
2022,SUV,Acura,7,22.285714285714285,21.66042780748663,0.6252864782276539,13
2022,SUV,Genesis,6,22.0,21.66042780748663,0.33957219251336923,14
2022,SUV,Lincoln,12,21.833333333333332,21.66042780748663,0.17290552584670138,15
2022,SUV,Mercedes-Benz,11,21.454545454545453,21.66042780748663,-0.20588235294117752,16
2022,SUV,Jeep,31,21.161290322580644,21.66042780748663,-0.49913748490598664,17
2022,SUV,Audi,7,21.142857142857142,21.66042780748663,-0.5175706646294884,18
2022,SUV,Infiniti,8,20.875,21.66042780748663,-0.7854278074866308,19
2022,SUV,Cadillac,14,20.785714285714285,21.66042780748663,-0.8747135217723461,20
2022,SUV,Ford,37,20.56756756756757,21.66042780748663,-1.0928602399190623,21
2022,SUV,Chevrolet,29,20.379310344827587,21.66042780748663,-1.2811174626590436,22
2022,SUV,GMC,22,18.454545454545453,21.66042780748663,-3.2058823529411775,23
2022,SUV,Land Rover,16,18.3125,21.66042780748663,-3.3479278074866308,24
2022,SUV,Dodge,5,18.2,21.66042780748663,-3.4604278074866315,25
2022,SUV,BMW,15,18.066666666666666,21.66042780748663,-3.5937611408199643,26
2022,SUV,Porsche,12,18.0,21.66042780748663,-3.6604278074866308,27
2022,Special Purpose,Ford,5,23.4,20.037037037037038,3.3629629629629605,1
2022,Special Purpose,Mercedes-Benz,7,22.857142857142858,20.037037037037038,2.8201058201058196,2
2022,Special Purpose,Chevrolet,5,15.6,20.037037037037038,-4.4370370370370384,3
2022,Special Purpose,GMC,5,15.6,20.037037037037038,-4.4370370370370384,3
2022,Sports/Two-Seater,Porsche,24,20.416666666666668,18.682539682539684,1.7341269841269842,1
2022,Sports/Two-Seater,Jaguar,6,18.333333333333332,18.682539682539684,-0.3492063492063515,2
2022,Sports/Two-Seater,Audi,5,18.0,18.682539682539684,-0.6825396825396837,3
2022,Sports/Two-Seater,Lamborghini,7,13.285714285714286,18.682539682539684,-5.396825396825397,4
2022,Truck/Pickup,Ford,20,19.85,18.16504854368932,1.6849514563106816,1
2022,Truck/Pickup,Toyota,10,19.6,18.16504854368932,1.4349514563106816,2
2022,Truck/Pickup,Nissan,5,18.4,18.16504854368932,0.2349514563106787,3
2022,Truck/Pickup,GMC,27,17.48148148148148,18.16504854368932,-0.6835670622078389,4
2022,Truck/Pickup,Chevrolet,31,17.29032258064516,18.16504854368932,-0.8747259630441597,5
2022,Truck/Pickup,Ram,7,17.0,18.16504854368932,-1.1650485436893199,6
2021,Car,Honda,11,31.636363636363637,24.270334928229666,7.366028708133971,1
2021,Car,Hyundai,17,30.294117647058822,24.270334928229666,6.023782718829157,2
2021,Car,Toyota,23,30.08695652173913,24.270334928229666,5.816621593509463,3
2021,Car,Nissan,13,29.692307692307693,24.270334928229666,5.421972764078028,4
2021,Car,Mazda,16,29.1875,24.270334928229666,4.917165071770334,5
2021,Car,Volkswagen,11,28.90909090909091,24.270334928229666,4.638755980861244,6
2021,Car,Kia,14,28.642857142857142,24.270334928229666,4.372522214627477,7
2021,Car,MINI,25,28.2,24.270334928229666,3.9296650717703336,8
2021,Car,Jaguar,6,26.666666666666668,24.270334928229666,2.396331738437002,9
2021,Car,Subaru,8,25.875,24.270334928229666,1.6046650717703344,10
2021,Car,Chevrolet,14,24.928571428571427,24.270334928229666,0.6582365003417614,11
2021,Car,Acura,7,24.0,24.270334928229666,-0.27033492822966565,12
2021,Car,Cadillac,12,23.666666666666668,24.270334928229666,-0.6036682615629978,13
2021,Car,Lexus,17,23.176470588235293,24.270334928229666,-1.0938643399943722,14
2021,Car,Audi,9,23.0,24.270334928229666,-1.2703349282296656,15
2021,Car,BMW,53,22.943396226415093,24.270334928229666,-1.3269387018145729,16
2021,Car,Mercedes-Benz,31,22.93548387096774,24.270334928229666,-1.3348510572619254,17
2021,Car,Infiniti,8,22.0,24.270334928229666,-2.2703349282296656,18
2021,Car,Genesis,13,21.53846153846154,24.270334928229666,-2.7318733897681255,19
2021,Car,Ford,16,20.9375,24.270334928229666,-3.3328349282296656,20
2021,Car,Porsche,31,19.06451612903226,24.270334928229666,-5.205818799197406,21
2021,Car,Maserati,7,18.428571428571427,24.270334928229666,-5.841763499658239,22
2021,Car,Dodge,18,18.22222222222222,24.270334928229666,-6.048112706007444,23
2021,Car,Bentley,6,16.666666666666668,24.270334928229666,-7.603668261562998,24
2021,Car,Rolls-Royce,8,14.0,24.270334928229666,-10.270334928229666,25
2021,SUV,Subaru,8,26.625,21.722991689750693,4.9020083102493075,1
2021,SUV,Nissan,11,26.545454545454547,21.722991689750693,4.822462855703854,2
2021,SUV,Buick,11,26.0,21.722991689750693,4.2770083102493075,3
2021,SUV,Mazda,11,25.727272727272727,21.722991689750693,4.004281037522034,4
2021,SUV,Hyundai,14,25.142857142857142,21.722991689750693,3.41986545310645,5
2021,SUV,Kia,13,24.846153846153847,21.722991689750693,3.123162156403154,6
2021,SUV,Honda,6,24.5,21.722991689750693,2.7770083102493075,7
2021,SUV,Volvo,8,24.125,21.722991689750693,2.4020083102493075,8
2021,SUV,Toyota,15,22.6,21.722991689750693,0.8770083102493089,9
2021,SUV,Ford,32,21.59375,21.722991689750693,-0.1292416897506925,10
2021,SUV,Jeep,31,21.580645161290324,21.722991689750693,-0.14234652846036866,11
2021,SUV,Lincoln,13,21.384615384615383,21.722991689750693,-0.33837630513530925,12
2021,SUV,Volkswagen,10,21.3,21.722991689750693,-0.4229916897506918,13
2021,SUV,Lexus,9,21.22222222222222,21.722991689750693,-0.5007694675284711,14
2021,SUV,Chevrolet,32,21.0625,21.722991689750693,-0.6604916897506925,15
2021,SUV,Cadillac,14,20.857142857142858,21.722991689750693,-0.8658488326078349,16
2021,SUV,Mercedes-Benz,14,20.857142857142858,21.722991689750693,-0.8658488326078349,16
2021,SUV,Audi,7,20.428571428571427,21.722991689750693,-1.2944202611792655,17
2021,SUV,Infiniti,5,19.4,21.722991689750693,-2.322991689750694,18
2021,SUV,GMC,23,18.91304347826087,21.722991689750693,-2.8099482114898215,19
2021,SUV,Porsche,12,18.833333333333332,21.722991689750693,-2.8896583564173604,20
2021,SUV,BMW,17,18.647058823529413,21.722991689750693,-3.0759328662212795,21
2021,SUV,Land Rover,13,18.615384615384617,21.722991689750693,-3.1076070743660758,22
2021,SUV,Dodge,6,17.333333333333332,21.722991689750693,-4.38965835641736,23
2021,Special Purpose,Mercedes-Benz,5,23.0,19.413793103448278,3.5862068965517224,1
2021,Special Purpose,Ford,6,22.5,19.413793103448278,3.0862068965517224,2
2021,Special Purpose,Chevrolet,6,15.0,19.413793103448278,-4.413793103448278,3
2021,Special Purpose,GMC,6,15.0,19.413793103448278,-4.413793103448278,3
2021,Sports/Two-Seater,Jaguar,8,21.75,19.042857142857144,2.7071428571428555,1
2021,Sports/Two-Seater,Porsche,20,21.3,19.042857142857144,2.2571428571428562,2
2021,Sports/Two-Seater,Audi,5,18.4,19.042857142857144,-0.6428571428571459,3
2021,Sports/Two-Seater,McLaren Automotive,6,17.666666666666668,19.042857142857144,-1.3761904761904766,4
2021,Sports/Two-Seater,Mercedes-Benz,6,16.833333333333332,19.042857142857144,-2.2095238095238123,5
2021,Sports/Two-Seater,Lamborghini,8,12.5,19.042857142857144,-6.5428571428571445,6
2021,Truck/Pickup,Ford,16,18.9375,18.141414141414142,0.7960858585858581,1
2021,Truck/Pickup,Nissan,5,18.4,18.141414141414142,0.2585858585858567,2
2021,Truck/Pickup,Toyota,8,18.375,18.141414141414142,0.23358585858585812,3
2021,Truck/Pickup,Chevrolet,31,17.93548387096774,18.141414141414142,-0.20593027044640166,4
2021,Truck/Pickup,GMC,29,17.93103448275862,18.141414141414142,-0.21037965865552266,5
2021,Truck/Pickup,Ram,7,17.0,18.141414141414142,-1.1414141414141419,6
2021,Wagon,Volvo,5,25.4,25.555555555555557,-0.15555555555555856,1
2020,Car,Honda,22,30.954545454545453,24.15182186234818,6.802723592197275,1
2020,Car,Hyundai,20,30.6,24.15182186234818,6.448178137651823,2
2020,Car,Toyota,24,30.333333333333332,24.15182186234818,6.1815114709851535,3
2020,Car,Mazda,12,29.833333333333332,24.15182186234818,5.6815114709851535,4
2020,Car,Nissan,12,29.666666666666668,24.15182186234818,5.514844804318489,5
2020,Car,Volkswagen,11,28.727272727272727,24.15182186234818,4.575450864924548,6
2020,Car,MINI,16,28.5,24.15182186234818,4.348178137651821,7
2020,Car,Kia,16,27.3125,24.15182186234818,3.1606781376518214,8
2020,Car,Jaguar,9,26.333333333333332,24.15182186234818,2.1815114709851535,9
2020,Car,Subaru,12,25.583333333333332,24.15182186234818,1.4315114709851535,10
2020,Car,Audi,17,25.294117647058822,24.15182186234818,1.1422957847106439,11
2020,Car,Chevrolet,16,25.0625,24.15182186234818,0.9106781376518214,12
2020,Car,Acura,8,24.625,24.15182186234818,0.4731781376518214,13
2020,Car,BMW,80,22.825,24.15182186234818,-1.3268218623481793,14
2020,Car,Cadillac,14,22.714285714285715,24.15182186234818,-1.4375361480624633,15
2020,Car,Lexus,19,22.57894736842105,24.15182186234818,-1.5728744939271273,16
2020,Car,Mercedes-Benz,44,22.181818181818183,24.15182186234818,-1.9700036805299952,17
2020,Car,Infiniti,8,22.0,24.15182186234818,-2.1518218623481786,18
2020,Car,Ford,18,21.5,24.15182186234818,-2.6518218623481786,19
2020,Car,Lincoln,10,20.6,24.15182186234818,-3.551821862348177,20
2020,Car,Porsche,24,20.375,24.15182186234818,-3.7768218623481786,21
2020,Car,Genesis,15,20.333333333333332,24.15182186234818,-3.8184885290148465,22
2020,Car,Maserati,6,18.5,24.15182186234818,-5.651821862348179,23
2020,Car,Dodge,18,18.22222222222222,24.15182186234818,-5.929599640125957,24
2020,Car,Bentley,6,15.833333333333334,24.15182186234818,-8.318488529014845,25
2020,Car,Rolls-Royce,9,14.0,24.15182186234818,-10.151821862348179,26
2020,SUV,Subaru,7,26.285714285714285,21.890577507598785,4.3951367781155,1
2020,SUV,Mazda,9,26.0,21.890577507598785,4.109422492401215,2
2020,SUV,Mitsubishi,11,25.636363636363637,21.890577507598785,3.745786128764852,3
2020,SUV,Buick,10,25.2,21.890577507598785,3.3094224924012146,4
2020,SUV,Hyundai,14,24.857142857142858,21.890577507598785,2.966565349544073,5
2020,SUV,Volvo,8,23.875,21.890577507598785,1.9844224924012153,6
2020,SUV,Honda,8,23.75,21.890577507598785,1.8594224924012153,7
2020,SUV,Ford,16,23.125,21.890577507598785,1.2344224924012153,8
2020,SUV,Acura,7,22.857142857142858,21.890577507598785,0.9665653495440729,9
2020,SUV,Kia,10,22.7,21.890577507598785,0.8094224924012146,10
2020,SUV,Toyota,15,22.533333333333335,21.890577507598785,0.6427558257345503,11
2020,SUV,Jeep,30,22.266666666666666,21.890577507598785,0.376089159067881,12
2020,SUV,Jaguar,6,22.166666666666668,21.890577507598785,0.2760891590678831,13
2020,SUV,Nissan,7,21.857142857142858,21.890577507598785,-0.033434650455927084,14
2020,SUV,Mercedes-Benz,16,21.5625,21.890577507598785,-0.32807750759878473,15
2020,SUV,Lincoln,11,21.363636363636363,21.890577507598785,-0.5269411439624214,16
2020,SUV,Chevrolet,21,21.285714285714285,21.890577507598785,-0.6048632218845,17
2020,SUV,Lexus,9,21.22222222222222,21.890577507598785,-0.6683552853765633,18
2020,SUV,Cadillac,10,21.2,21.890577507598785,-0.6905775075987854,19
2020,SUV,Infiniti,6,21.0,21.890577507598785,-0.8905775075987847,20
2020,SUV,Volkswagen,9,20.88888888888889,21.890577507598785,-1.0016886187098955,21
2020,SUV,GMC,17,20.529411764705884,21.890577507598785,-1.3611657428929007,22
2020,SUV,Audi,6,20.166666666666668,21.890577507598785,-1.7239108409321169,23
2020,SUV,BMW,23,19.47826086956522,21.890577507598785,-2.412316638033566,24
2020,SUV,Porsche,10,19.2,21.890577507598785,-2.6905775075987854,25
2020,SUV,Land Rover,16,18.9375,21.890577507598785,-2.9530775075987847,26
2020,SUV,Dodge,6,18.666666666666668,21.890577507598785,-3.223910840932117,27
2020,Special Purpose,Ford,6,22.5,19.90909090909091,2.59090909090909,1
2020,Special Purpose,Mercedes-Benz,6,21.666666666666668,19.90909090909091,1.7575757575757578,2
2020,Sports/Two-Seater,Porsche,14,21.857142857142858,19.666666666666668,2.19047619047619,1
2020,Sports/Two-Seater,Jaguar,12,21.333333333333332,19.666666666666668,1.6666666666666643,2
2020,Sports/Two-Seater,Mercedes-Benz,10,19.6,19.666666666666668,-0.06666666666666643,3
2020,Sports/Two-Seater,McLaren Automotive,8,18.0,19.666666666666668,-1.6666666666666679,4
2020,Sports/Two-Seater,Lamborghini,8,12.75,19.666666666666668,-6.916666666666668,5
2020,Truck/Pickup,Ford,9,19.77777777777778,18.544303797468356,1.233473980309423,1
2020,Truck/Pickup,GMC,21,18.714285714285715,18.544303797468356,0.16998191681735975,2
2020,Truck/Pickup,Nissan,5,18.4,18.544303797468356,-0.14430379746835698,3
2020,Truck/Pickup,Chevrolet,24,18.375,18.544303797468356,-0.16930379746835555,4
2020,Truck/Pickup,Toyota,8,18.375,18.544303797468356,-0.16930379746835555,4
2020,Truck/Pickup,Ram,6,17.833333333333332,18.544303797468356,-0.7109704641350234,5
2020,Wagon,Honda,7,31.0,26.235294117647058,4.764705882352942,1
2020,Wagon,Volvo,5,25.4,26.235294117647058,-0.8352941176470594,2
2019,Car,Honda,22,31.181818181818183,24.285714285714285,6.896103896103899,1
2019,Car,Toyota,21,30.571428571428573,24.285714285714285,6.285714285714288,2
2019,Car,Mazda,13,29.615384615384617,24.285714285714285,5.329670329670332,3
2019,Car,Hyundai,20,29.15,24.285714285714285,4.864285714285714,4
2019,Car,Nissan,15,29.0,24.285714285714285,4.714285714285715,5
2019,Car,Volkswagen,15,28.466666666666665,24.285714285714285,4.18095238095238,6
2019,Car,Kia,15,27.2,24.285714285714285,2.9142857142857146,7
2019,Car,MINI,35,26.97142857142857,24.285714285714285,2.685714285714287,8
2019,Car,Chevrolet,23,26.82608695652174,24.285714285714285,2.5403726708074537,9
2019,Car,Volvo,5,26.2,24.285714285714285,1.9142857142857146,10
2019,Car,Subaru,11,25.545454545454547,24.285714285714285,1.259740259740262,11
2019,Car,Audi,21,25.047619047619047,24.285714285714285,0.7619047619047628,12
2019,Car,Acura,8,24.625,24.285714285714285,0.3392857142857153,13
2019,Car,Buick,6,23.833333333333332,24.285714285714285,-0.45238095238095255,14
2019,Car,BMW,72,22.86111111111111,24.285714285714285,-1.424603174603174,15
2019,Car,Lexus,21,22.80952380952381,24.285714285714285,-1.4761904761904745,16
2019,Car,Ford,22,22.681818181818183,24.285714285714285,-1.6038961038961013,17
2019,Car,Jaguar,15,22.666666666666668,24.285714285714285,-1.6190476190476168,18
2019,Car,Infiniti,18,22.444444444444443,24.285714285714285,-1.8412698412698418,19
2019,Car,Porsche,49,21.93877551020408,24.285714285714285,-2.3469387755102034,20
2019,Car,Mercedes-Benz,44,21.75,24.285714285714285,-2.5357142857142847,21
2019,Car,Cadillac,19,21.42105263157895,24.285714285714285,-2.864661654135336,22
2019,Car,Lincoln,10,20.6,24.285714285714285,-3.6857142857142833,23
2019,Car,Genesis,15,20.333333333333332,24.285714285714285,-3.9523809523809526,24
2019,Car,Dodge,13,18.846153846153847,24.285714285714285,-5.439560439560438,25
2019,Car,Maserati,7,18.0,24.285714285714285,-6.285714285714285,26
2019,Car,Aston Martin,5,17.6,24.285714285714285,-6.685714285714283,27
2019,Car,Rolls-Royce,6,14.0,24.285714285714285,-10.285714285714285,28
2019,SUV,Mitsubishi,12,25.583333333333332,21.745222929936304,3.838110403397028,1
2019,SUV,Subaru,7,25.428571428571427,21.745222929936304,3.683348498635123,2
2019,SUV,Mazda,6,25.0,21.745222929936304,3.254777070063696,3
2019,SUV,Honda,10,24.5,21.745222929936304,2.754777070063696,4
2019,SUV,Buick,9,24.444444444444443,21.745222929936304,2.699221514508139,5
2019,SUV,Hyundai,16,23.875,21.745222929936304,2.129777070063696,6
2019,SUV,Volvo,8,23.875,21.745222929936304,2.129777070063696,6
2019,SUV,Kia,10,23.0,21.745222929936304,1.254777070063696,7
2019,SUV,Acura,7,22.857142857142858,21.745222929936304,1.1119199272065536,8
2019,SUV,Jeep,28,22.285714285714285,21.745222929936304,0.5404913557779807,9
2019,SUV,Nissan,7,21.857142857142858,21.745222929936304,0.11191992720655364,10
2019,SUV,Jaguar,5,21.8,21.745222929936304,0.0547770700636967,11
2019,SUV,Volkswagen,5,21.8,21.745222929936304,0.0547770700636967,11
2019,SUV,Ford,22,21.545454545454547,21.745222929936304,-0.19976838448175727,12
2019,SUV,Toyota,15,21.4,21.745222929936304,-0.34522292993630543,13
2019,SUV,Infiniti,6,21.333333333333332,21.745222929936304,-0.41188959660297186,14
2019,SUV,Lexus,9,21.333333333333332,21.745222929936304,-0.41188959660297186,14
2019,SUV,BMW,13,21.307692307692307,21.745222929936304,-0.4375306222439974,15
2019,SUV,Chevrolet,20,21.2,21.745222929936304,-0.5452229299363047,16
2019,SUV,Cadillac,6,21.166666666666668,21.745222929936304,-0.5785562632696362,17
2019,SUV,Lincoln,13,20.384615384615383,21.745222929936304,-1.3606075453209208,18
2019,SUV,GMC,16,20.1875,21.745222929936304,-1.557722929936304,19
2019,SUV,Porsche,5,19.8,21.745222929936304,-1.9452229299363033,20
2019,SUV,Land Rover,17,19.647058823529413,21.745222929936304,-2.098164106406891,21
2019,SUV,Mercedes-Benz,21,19.0,21.745222929936304,-2.745222929936304,22
2019,SUV,Dodge,7,18.714285714285715,21.745222929936304,-3.0309372156505887,23
2019,Special Purpose,Ford,6,22.5,18.962962962962962,3.537037037037038,1
2019,Special Purpose,Chevrolet,5,15.6,18.962962962962962,-3.3629629629629623,2
2019,Special Purpose,GMC,5,15.6,18.962962962962962,-3.3629629629629623,2
2019,Sports/Two-Seater,Porsche,18,20.833333333333332,19.694117647058825,1.1392156862745075,1
2019,Sports/Two-Seater,Jaguar,16,20.625,19.694117647058825,0.9308823529411754,2
2019,Sports/Two-Seater,Mercedes-Benz,11,19.636363636363637,19.694117647058825,-0.05775401069518793,3
2019,Sports/Two-Seater,McLaren Automotive,7,17.714285714285715,19.694117647058825,-1.9798319327731093,4
2019,Sports/Two-Seater,Ferrari,7,17.0,19.694117647058825,-2.6941176470588246,5
2019,Sports/Two-Seater,Chevrolet,6,16.833333333333332,19.694117647058825,-2.8607843137254925,6
2019,Sports/Two-Seater,Lamborghini,6,13.666666666666666,19.694117647058825,-6.0274509803921585,7
2019,Truck/Pickup,Ford,17,19.88235294117647,18.58888888888889,1.2934640522875824,1
2019,Truck/Pickup,GMC,21,18.666666666666668,18.58888888888889,0.07777777777777928,2
2019,Truck/Pickup,Chevrolet,23,18.47826086956522,18.58888888888889,-0.11062801932366995,3
2019,Truck/Pickup,Nissan,9,18.444444444444443,18.58888888888889,-0.1444444444444457,4
2019,Truck/Pickup,Toyota,12,18.083333333333332,18.58888888888889,-0.5055555555555564,5
2019,Wagon,Honda,7,31.0,26.511627906976745,4.488372093023255,1
2019,Wagon,Volkswagen,6,26.833333333333332,26.511627906976745,0.32170542635658705,2
2019,Wagon,Volvo,7,25.571428571428573,26.511627906976745,-0.9401993355481721,3
2018,Car,Honda,21,31.761904761904763,24.31613976705491,7.445764994849853,1
2018,Car,Toyota,20,30.45,24.31613976705491,6.133860232945089,2
2018,Car,Mazda,15,30.2,24.31613976705491,5.883860232945089,3
2018,Car,Hyundai,16,29.125,24.31613976705491,4.80886023294509,4
2018,Car,Nissan,15,28.6,24.31613976705491,4.283860232945091,5
2018,Car,Volkswagen,16,28.0,24.31613976705491,3.68386023294509,6
2018,Car,Chevrolet,26,27.153846153846153,24.31613976705491,2.8377063867912433,7
2018,Car,MINI,35,27.02857142857143,24.31613976705491,2.7124316615165185,8
2018,Car,Volvo,10,26.1,24.31613976705491,1.7838602329450914,9
2018,Car,Kia,20,26.05,24.31613976705491,1.7338602329450907,10
2018,Car,Subaru,13,24.76923076923077,24.31613976705491,0.45309100217586007,11
2018,Car,Acura,7,24.714285714285715,24.31613976705491,0.3981459472308053,12
2018,Car,Ford,28,24.321428571428573,24.31613976705491,0.00528880437366297,13
2018,Car,Audi,33,24.12121212121212,24.31613976705491,-0.19492764584278888,14
2018,Car,Buick,6,23.833333333333332,24.31613976705491,-0.48280643372157783,15
2018,Car,Jaguar,18,23.61111111111111,24.31613976705491,-0.7050286559437993,16
2018,Car,BMW,77,23.07792207792208,24.31613976705491,-1.2382176891328314,17
2018,Car,Infiniti,18,22.444444444444443,24.31613976705491,-1.8716953226104671,18
2018,Car,Lexus,19,22.42105263157895,24.31613976705491,-1.8950871354759613,19
2018,Car,Porsche,47,22.340425531914892,24.31613976705491,-1.9757142351400176,20
2018,Car,Cadillac,19,21.894736842105264,24.31613976705491,-2.4214029249496463,21
2018,Car,Mercedes-Benz,44,21.454545454545453,24.31613976705491,-2.8615943125094567,22
2018,Car,Lincoln,9,20.77777777777778,24.31613976705491,-3.5383619892771314,23
2018,Car,Genesis,10,19.6,24.31613976705491,-4.716139767054909,24
2018,Car,Dodge,16,18.625,24.31613976705491,-5.69113976705491,25
2018,Car,Maserati,8,17.625,24.31613976705491,-6.69113976705491,26
2018,Car,Bentley,5,14.4,24.31613976705491,-9.91613976705491,27
2018,Car,Rolls-Royce,6,14.0,24.31613976705491,-10.31613976705491,28
2018,SUV,Subaru,7,25.857142857142858,21.5126582278481,4.344484629294758,1
2018,SUV,Mitsubishi,12,25.583333333333332,21.5126582278481,4.070675105485233,2
2018,SUV,Honda,8,25.25,21.5126582278481,3.7373417721519004,3
2018,SUV,Buick,9,25.0,21.5126582278481,3.4873417721519004,4
2018,SUV,Hyundai,20,23.8,21.5126582278481,2.287341772151901,5
2018,SUV,Volvo,5,23.8,21.5126582278481,2.287341772151901,5
2018,SUV,Jaguar,5,23.0,21.5126582278481,1.4873417721519004,6
2018,SUV,Kia,13,22.384615384615383,21.5126582278481,0.8719571567672837,7
2018,SUV,Acura,6,22.166666666666668,21.5126582278481,0.6540084388185683,8
2018,SUV,Volkswagen,7,22.142857142857142,21.5126582278481,0.6301989150090428,9
2018,SUV,Chevrolet,15,21.933333333333334,21.5126582278481,0.420675105485234,10
2018,SUV,Nissan,7,21.857142857142858,21.5126582278481,0.3444846292947581,11
2018,SUV,Jeep,29,21.448275862068964,21.5126582278481,-0.06438236577913514,12
2018,SUV,Ford,25,21.36,21.5126582278481,-0.15265822784810013,13
2018,SUV,Lexus,9,21.333333333333332,21.5126582278481,-0.1793248945147674,14
2018,SUV,Toyota,16,20.8125,21.5126582278481,-0.7001582278480996,15
2018,SUV,GMC,16,20.5625,21.5126582278481,-0.9501582278480996,16
2018,SUV,BMW,12,20.0,21.5126582278481,-1.5126582278480996,17
2018,SUV,Land Rover,16,19.875,21.5126582278481,-1.6376582278480996,18
2018,SUV,Lincoln,13,19.615384615384617,21.5126582278481,-1.8972736124634828,19
2018,SUV,Porsche,11,19.09090909090909,21.5126582278481,-2.4217491369390096,20
2018,SUV,Dodge,7,18.714285714285715,21.5126582278481,-2.7983725135623843,21
2018,SUV,Mercedes-Benz,24,18.333333333333332,21.5126582278481,-3.1793248945147674,22
2018,Sports/Two-Seater,Porsche,16,21.4375,19.583333333333332,1.8541666666666679,1
2018,Sports/Two-Seater,Jaguar,14,21.0,19.583333333333332,1.4166666666666679,2
2018,Sports/Two-Seater,Mercedes-Benz,12,19.416666666666668,19.583333333333332,-0.1666666666666643,3
2018,Sports/Two-Seater,Audi,5,19.2,19.583333333333332,-0.38333333333333286,4
2018,Sports/Two-Seater,McLaren Automotive,5,18.8,19.583333333333332,-0.7833333333333314,5
2018,Sports/Two-Seater,Ferrari,5,17.0,19.583333333333332,-2.583333333333332,6
2018,Sports/Two-Seater,Lamborghini,8,13.875,19.583333333333332,-5.708333333333332,7
2018,Truck/Pickup,Ford,23,19.391304347826086,18.65277777777778,0.7385265700483075,1
2018,Truck/Pickup,GMC,11,19.09090909090909,18.65277777777778,0.4381313131313114,2
2018,Truck/Pickup,Chevrolet,12,18.916666666666668,18.65277777777778,0.2638888888888893,3
2018,Truck/Pickup,Nissan,9,18.444444444444443,18.65277777777778,-0.2083333333333357,4
2018,Truck/Pickup,Toyota,10,17.9,18.65277777777778,-0.75277777777778,5
2018,Wagon,Honda,8,31.0,26.872340425531913,4.127659574468087,1
2018,Wagon,Volkswagen,6,25.833333333333332,26.872340425531913,-1.039007092198581,2
2018,Wagon,Volvo,9,25.666666666666668,26.872340425531913,-1.2056737588652453,3
2017,Car,Mitsubishi,7,33.0,24.130794701986755,8.869205298013245,1
2017,Car,Honda,21,30.904761904761905,24.130794701986755,6.77396720277515,2
2017,Car,Mazda,17,30.529411764705884,24.130794701986755,6.398617062719129,3
2017,Car,Toyota,16,30.0625,24.130794701986755,5.931705298013245,4
2017,Car,Fiat,6,29.5,24.130794701986755,5.369205298013245,5
2017,Car,Hyundai,21,28.523809523809526,24.130794701986755,4.393014821822771,6
2017,Car,Nissan,14,28.285714285714285,24.130794701986755,4.15491958372753,7
2017,Car,MINI,33,27.181818181818183,24.130794701986755,3.0510234798314286,8
2017,Car,Kia,19,27.105263157894736,24.130794701986755,2.9744684559079815,9
2017,Car,Volkswagen,20,27.1,24.130794701986755,2.9692052980132466,10
2017,Car,Chevrolet,28,26.357142857142858,24.130794701986755,2.226348155156103,11
2017,Car,Volvo,9,26.22222222222222,24.130794701986755,2.0914275202354666,12
2017,Car,Acura,5,26.0,24.130794701986755,1.8692052980132452,13
2017,Car,Subaru,11,25.545454545454547,24.130794701986755,1.414659843467792,14
2017,Car,Audi,28,24.142857142857142,24.130794701986755,0.012062440870387547,15
2017,Car,Ford,34,23.941176470588236,24.130794701986755,-0.1896182313985193,16
2017,Car,Buick,7,23.428571428571427,24.130794701986755,-0.7022232734153278,17
2017,Car,BMW,80,22.7375,24.130794701986755,-1.393294701986754,18
2017,Car,Porsche,41,22.5609756097561,24.130794701986755,-1.5698190922306559,19
2017,Car,Infiniti,18,22.5,24.130794701986755,-1.6307947019867548,20
2017,Car,Cadillac,20,22.05,24.130794701986755,-2.080794701986754,21
2017,Car,Lexus,20,21.65,24.130794701986755,-2.4807947019867562,22
2017,Car,Jaguar,11,21.363636363636363,24.130794701986755,-2.7671583383503915,23
2017,Car,Mercedes-Benz,43,21.209302325581394,24.130794701986755,-2.921492376405361,24
2017,Car,Lincoln,9,20.77777777777778,24.130794701986755,-3.3530169242089762,25
2017,Car,Genesis,7,19.428571428571427,24.130794701986755,-4.702223273415328,26
2017,Car,Dodge,16,18.625,24.130794701986755,-5.505794701986755,27
2017,Car,Maserati,8,17.625,24.130794701986755,-6.505794701986755,28
2017,Car,Bentley,10,15.0,24.130794701986755,-9.130794701986755,29
2017,Car,Rolls-Royce,8,14.125,24.130794701986755,-10.005794701986755,30
2017,SUV,Subaru,7,26.0,21.26689189189189,4.733108108108109,1
2017,SUV,Mitsubishi,8,25.375,21.26689189189189,4.108108108108109,2
2017,SUV,Honda,8,25.25,21.26689189189189,3.983108108108109,3
2017,SUV,Buick,9,24.333333333333332,21.26689189189189,3.066441441441441,4
2017,SUV,Volvo,6,23.333333333333332,21.26689189189189,2.066441441441441,5
2017,SUV,Hyundai,16,23.1875,21.26689189189189,1.9206081081081088,6
2017,SUV,Jeep,37,22.513513513513512,21.26689189189189,1.246621621621621,7
2017,SUV,Kia,13,22.384615384615383,21.26689189189189,1.117723492723492,8
2017,SUV,Acura,6,22.166666666666668,21.26689189189189,0.8997747747747766,9
2017,SUV,Nissan,7,21.857142857142858,21.26689189189189,0.5902509652509664,10
2017,SUV,Lexus,7,21.285714285714285,21.26689189189189,0.01882239382239348,11
2017,SUV,Chevrolet,12,20.833333333333332,21.26689189189189,-0.43355855855855907,12
2017,SUV,Toyota,16,20.8125,21.26689189189189,-0.4543918918918912,13
2017,SUV,Ford,23,20.608695652173914,21.26689189189189,-0.6581962397179772,14
2017,SUV,BMW,13,20.076923076923077,21.26689189189189,-1.1899688149688146,15
2017,SUV,GMC,18,19.38888888888889,21.26689189189189,-1.878003003003002,16
2017,SUV,Dodge,6,19.333333333333332,21.26689189189189,-1.933558558558559,17
2017,SUV,Land Rover,9,19.22222222222222,21.26689189189189,-2.04466966966967,18
2017,SUV,Lincoln,14,19.142857142857142,21.26689189189189,-2.124034749034749,19
2017,SUV,Porsche,11,19.09090909090909,21.26689189189189,-2.1759828009828013,20
2017,SUV,Infiniti,6,18.666666666666668,21.26689189189189,-2.6002252252252234,21
2017,SUV,Mercedes-Benz,22,18.5,21.26689189189189,-2.766891891891891,22
2017,Sports/Two-Seater,Porsche,8,23.75,20.37142857142857,3.37857142857143,1
2017,Sports/Two-Seater,Mercedes-Benz,8,20.5,20.37142857142857,0.1285714285714299,2
2017,Sports/Two-Seater,Jaguar,12,20.166666666666668,20.37142857142857,-0.20476190476190226,3
2017,Sports/Two-Seater,Ferrari,8,15.375,20.37142857142857,-4.99642857142857,4
2017,Sports/Two-Seater,Lamborghini,8,14.5,20.37142857142857,-5.87142857142857,5
2017,Truck/Pickup,Ford,13,19.692307692307693,18.682539682539684,1.0097680097680097,1
2017,Truck/Pickup,GMC,11,19.09090909090909,18.682539682539684,0.4083694083694063,2
2017,Truck/Pickup,Chevrolet,12,18.916666666666668,18.682539682539684,0.23412698412698418,3
2017,Truck/Pickup,Nissan,9,18.444444444444443,18.682539682539684,-0.2380952380952408,4
2017,Truck/Pickup,Toyota,11,18.181818181818183,18.682539682539684,-0.5007215007215002,5
2017,Wagon,Honda,8,31.25,27.229166666666668,4.020833333333332,1
2017,Wagon,Nissan,9,27.0,27.229166666666668,-0.22916666666666785,2
2017,Wagon,Volkswagen,6,26.5,27.229166666666668,-0.7291666666666679,3
2017,Wagon,Volvo,6,25.666666666666668,27.229166666666668,-1.5625,4
2016,Car,Mazda,17,31.470588235294116,24.08034188034188,7.390246354952236,1
2016,Car,Toyota,11,30.272727272727273,24.08034188034188,6.192385392385393,2
2016,Car,Honda,12,29.583333333333332,24.08034188034188,5.502991452991452,3
2016,Car,Fiat,6,29.5,24.08034188034188,5.41965811965812,4
2016,Car,Scion,8,29.375,24.08034188034188,5.29465811965812,5
2016,Car,Nissan,11,29.0,24.08034188034188,4.91965811965812,6
2016,Car,MINI,34,27.764705882352942,24.08034188034188,3.684364002011062,7
2016,Car,Chevrolet,32,27.21875,24.08034188034188,3.13840811965812,8
2016,Car,Volkswagen,27,27.037037037037038,24.08034188034188,2.956695156695158,9
2016,Car,Mitsubishi,5,27.0,24.08034188034188,2.91965811965812,10
2016,Car,Kia,21,26.523809523809526,24.08034188034188,2.4434676434676454,11
2016,Car,Hyundai,26,26.076923076923077,24.08034188034188,1.9965811965811966,12
2016,Car,Acura,5,26.0,24.08034188034188,1.91965811965812,13
2016,Car,Ford,29,25.20689655172414,24.08034188034188,1.1265546713822587,14
2016,Car,Subaru,9,25.11111111111111,24.08034188034188,1.0307692307692307,15
2016,Car,Volvo,10,25.1,24.08034188034188,1.0196581196581214,16
2016,Car,Audi,28,23.285714285714285,24.08034188034188,-0.7946275946275954,17
2016,Car,Buick,9,23.22222222222222,24.08034188034188,-0.8581196581196586,18
2016,Car,BMW,79,22.518987341772153,24.08034188034188,-1.5613545385697272,19
2016,Car,Dodge,24,22.333333333333332,24.08034188034188,-1.747008547008548,20
2016,Car,Cadillac,20,22.0,24.08034188034188,-2.08034188034188,21
2016,Car,Infiniti,12,21.75,24.08034188034188,-2.33034188034188,22
2016,Car,Lexus,20,21.65,24.08034188034188,-2.4303418803418815,23
2016,Car,Lincoln,7,21.428571428571427,24.08034188034188,-2.651770451770453,24
2016,Car,Mercedes-Benz,34,21.176470588235293,24.08034188034188,-2.9038712921065866,25
2016,Car,Porsche,45,20.8,24.08034188034188,-3.2803418803418793,26
2016,Car,Jaguar,8,20.5,24.08034188034188,-3.58034188034188,27
2016,Car,Maserati,8,17.625,24.08034188034188,-6.45534188034188,28
2016,Car,Bentley,7,15.571428571428571,24.08034188034188,-8.508913308913309,29
2016,Car,Rolls-Royce,8,14.5,24.08034188034188,-9.58034188034188,30
2016,SUV,Honda,11,26.545454545454547,21.41176470588235,5.133689839572195,1
2016,SUV,Mazda,5,26.2,21.41176470588235,4.788235294117648,2
2016,SUV,Subaru,7,26.0,21.41176470588235,4.5882352941176485,3
2016,SUV,Mitsubishi,8,25.25,21.41176470588235,3.8382352941176485,4
2016,SUV,Nissan,5,24.2,21.41176470588235,2.788235294117648,5
2016,SUV,Buick,7,24.142857142857142,21.41176470588235,2.731092436974791,6
2016,SUV,Hyundai,15,22.933333333333334,21.41176470588235,1.521568627450982,7
2016,SUV,Volvo,10,22.9,21.41176470588235,1.488235294117647,8
2016,SUV,Jeep,33,22.272727272727273,21.41176470588235,0.8609625668449219,9
2016,SUV,Acura,6,22.166666666666668,21.41176470588235,0.7549019607843164,10
2016,SUV,Kia,11,21.636363636363637,21.41176470588235,0.2245989304812852,11
2016,SUV,Lexus,7,21.428571428571427,21.41176470588235,0.01680672268907557,12
2016,SUV,Chevrolet,12,21.0,21.41176470588235,-0.4117647058823515,13
2016,SUV,Ford,23,20.73913043478261,21.41176470588235,-0.6726342710997422,14
2016,SUV,Toyota,13,20.153846153846153,21.41176470588235,-1.2579185520361982,15
2016,SUV,BMW,14,20.142857142857142,21.41176470588235,-1.2689075630252091,16
2016,SUV,Dodge,6,19.333333333333332,21.41176470588235,-2.0784313725490193,17
2016,SUV,Lincoln,13,19.076923076923077,21.41176470588235,-2.334841628959275,18
2016,SUV,Infiniti,6,19.0,21.41176470588235,-2.4117647058823515,19
2016,SUV,Land Rover,10,19.0,21.41176470588235,-2.4117647058823515,19
2016,SUV,GMC,14,18.857142857142858,21.41176470588235,-2.554621848739494,20
2016,SUV,Mercedes-Benz,17,18.41176470588235,21.41176470588235,-3.0,21
2016,SUV,Porsche,7,18.285714285714285,21.41176470588235,-3.126050420168067,22
2016,Special Purpose,Ford,5,23.2,20.318181818181817,2.8818181818181827,1
2016,Sports/Two-Seater,Porsche,16,22.375,19.825581395348838,2.549418604651162,1
2016,Sports/Two-Seater,BMW,5,21.8,19.825581395348838,1.974418604651163,2
2016,Sports/Two-Seater,Mercedes-Benz,8,21.125,19.825581395348838,1.2994186046511622,3
2016,Sports/Two-Seater,Jaguar,13,19.846153846153847,19.825581395348838,0.020572450805008913,4
2016,Sports/Two-Seater,McLaren Automotive,7,18.142857142857142,19.825581395348838,-1.6827242524916954,5
2016,Sports/Two-Seater,Aston Martin,7,15.285714285714286,19.825581395348838,-4.539867109634551,6
2016,Sports/Two-Seater,Ferrari,10,15.0,19.825581395348838,-4.825581395348838,7
2016,Truck/Pickup,Chevrolet,11,19.272727272727273,18.59259259259259,0.6801346801346817,1
2016,Truck/Pickup,GMC,11,19.272727272727273,18.59259259259259,0.6801346801346817,1
2016,Truck/Pickup,Ford,8,19.25,18.59259259259259,0.6574074074074083,2
2016,Truck/Pickup,Nissan,6,18.666666666666668,18.59259259259259,0.07407407407407618,3
2016,Truck/Pickup,Toyota,11,18.363636363636363,18.59259259259259,-0.22895622895622836,4
2016,Truck/Pickup,Ram,5,17.2,18.59259259259259,-1.3925925925925924,5
2016,Wagon,Nissan,7,26.857142857142858,26.657894736842106,0.19924812030075145,1
2016,Wagon,Volvo,6,23.666666666666668,26.657894736842106,-2.9912280701754383,2
2015,Car,Mazda,13,31.153846153846153,23.741767764298093,7.412078389548061,1
2015,Car,Toyota,11,30.272727272727273,23.741767764298093,6.530959508429181,2
2015,Car,Fiat,6,29.5,23.741767764298093,5.758232235701907,3
2015,Car,Nissan,9,29.333333333333332,23.741767764298093,5.5915655690352395,4
2015,Car,Honda,11,28.272727272727273,23.741767764298093,4.530959508429181,5
2015,Car,Scion,5,28.2,23.741767764298093,4.458232235701907,6
2015,Car,MINI,32,28.0,23.741767764298093,4.258232235701907,7
2015,Car,Mitsubishi,10,26.6,23.741767764298093,2.8582322357019088,8
2015,Car,Volkswagen,25,26.52,23.741767764298093,2.778232235701907,9
2015,Car,Kia,18,26.11111111111111,23.741767764298093,2.369343346813018,10
2015,Car,Ford,27,26.037037037037038,23.741767764298093,2.2952692727389454,11
2015,Car,Hyundai,28,25.892857142857142,23.741767764298093,2.1510893785590497,12
2015,Car,Chevrolet,34,25.705882352941178,23.741767764298093,1.9641145886430849,13
2015,Car,Acura,6,25.666666666666668,23.741767764298093,1.9248989023685752,14
2015,Car,Subaru,9,25.22222222222222,23.741767764298093,1.4804544579241288,15
2015,Car,Volvo,7,24.714285714285715,23.741767764298093,0.9725179499876226,16
2015,Car,Buick,8,23.375,23.741767764298093,-0.36676776429809266,17
2015,Car,Chrysler,6,22.5,23.741767764298093,-1.2417677642980927,18
2015,Car,Audi,31,22.483870967741936,23.741767764298093,-1.2578967965561567,19
2015,Car,Lincoln,7,22.285714285714285,23.741767764298093,-1.456053478583808,20
2015,Car,BMW,89,22.247191011235955,23.741767764298093,-1.4945767530621374,21
2015,Car,Dodge,22,22.136363636363637,23.741767764298093,-1.605404127934456,22
2015,Car,Mercedes-Benz,38,21.394736842105264,23.741767764298093,-2.347030922192829,23
2015,Car,Lexus,16,21.25,23.741767764298093,-2.4917677642980927,24
2015,Car,Porsche,40,20.95,23.741767764298093,-2.7917677642980934,25
2015,Car,Cadillac,16,20.9375,23.741767764298093,-2.8042677642980927,26
2015,Car,Infiniti,15,20.733333333333334,23.741767764298093,-3.0084344309647584,27
2015,Car,Jaguar,12,19.0,23.741767764298093,-4.741767764298093,28
2015,Car,Maserati,6,17.0,23.741767764298093,-6.741767764298093,29
2015,Car,Rolls-Royce,7,14.428571428571429,23.741767764298093,-9.313196335726664,30
2015,SUV,Subaru,7,26.0,20.988888888888887,5.011111111111113,1
2015,SUV,Mitsubishi,8,25.75,20.988888888888887,4.761111111111113,2
2015,SUV,Mazda,7,25.0,20.988888888888887,4.011111111111113,3
2015,SUV,Honda,7,23.857142857142858,20.988888888888887,2.8682539682539705,4
2015,SUV,Volvo,10,23.1,20.988888888888887,2.1111111111111143,5
2015,SUV,Jeep,32,22.1875,20.988888888888887,1.1986111111111128,6
2015,SUV,Kia,10,21.7,20.988888888888887,0.7111111111111121,7
2015,SUV,Hyundai,13,21.53846153846154,20.988888888888887,0.549572649572653,8
2015,SUV,Chevrolet,12,21.083333333333332,20.988888888888887,0.094444444444445,9
2015,SUV,Nissan,12,20.916666666666668,20.988888888888887,-0.0722222222222193,10
2015,SUV,Ford,23,20.91304347826087,20.988888888888887,-0.0758454106280162,11
2015,SUV,Lexus,8,20.75,20.988888888888887,-0.23888888888888715,12
2015,SUV,Toyota,17,20.58823529411765,20.988888888888887,-0.40065359477123863,13
2015,SUV,BMW,13,20.384615384615383,20.988888888888887,-0.6042735042735039,14
2015,SUV,Land Rover,8,19.375,20.988888888888887,-1.6138888888888872,15
2015,SUV,Lincoln,11,19.181818181818183,20.988888888888887,-1.8070707070707037,16
2015,SUV,Mercedes-Benz,15,19.133333333333333,20.988888888888887,-1.8555555555555543,17
2015,SUV,Infiniti,7,18.428571428571427,20.988888888888887,-2.56031746031746,18
2015,SUV,GMC,18,18.38888888888889,20.988888888888887,-2.599999999999998,19
2015,SUV,Cadillac,10,17.1,20.988888888888887,-3.8888888888888857,20
2015,Special Purpose,Ford,5,24.0,20.5,3.5,1
2015,Sports/Two-Seater,MINI,12,29.0,20.53191489361702,8.46808510638298,1
2015,Sports/Two-Seater,Porsche,13,23.153846153846153,20.53191489361702,2.6219312602291325,2
2015,Sports/Two-Seater,Jaguar,6,21.0,20.53191489361702,0.4680851063829792,3
2015,Sports/Two-Seater,Mercedes-Benz,10,20.7,20.53191489361702,0.16808510638297847,4
2015,Sports/Two-Seater,Audi,9,16.444444444444443,20.53191489361702,-4.087470449172578,5
2015,Sports/Two-Seater,Aston Martin,7,15.285714285714286,20.53191489361702,-5.246200607902734,6
2015,Sports/Two-Seater,Ferrari,10,14.2,20.53191489361702,-6.3319148936170215,7
2015,Truck/Pickup,Chevrolet,9,19.666666666666668,18.714285714285715,0.9523809523809526,1
2015,Truck/Pickup,GMC,9,19.666666666666668,18.714285714285715,0.9523809523809526,1
2015,Truck/Pickup,Toyota,12,18.0,18.714285714285715,-0.7142857142857153,2
2015,Truck/Pickup,Ram,7,17.857142857142858,18.714285714285715,-0.8571428571428577,3
2015,Truck/Pickup,Nissan,8,17.625,18.714285714285715,-1.0892857142857153,4
2015,Van/Minivan,GMC,5,12.8,16.90909090909091,-4.109090909090909,1
2015,Van/Minivan,Chevrolet,5,12.6,16.90909090909091,-4.30909090909091,2
2015,Wagon,Nissan,7,26.857142857142858,26.194444444444443,0.6626984126984148,1
2014,Car,Mazda,13,31.384615384615383,23.64388489208633,7.740730492529053,1
2014,Car,Toyota,12,29.916666666666668,23.64388489208633,6.272781774580338,2
2014,Car,Nissan,11,29.09090909090909,23.64388489208633,5.44702419882276,3
2014,Car,Scion,7,28.571428571428573,23.64388489208633,4.927543679342243,4
2014,Car,MINI,32,28.40625,23.64388489208633,4.76236510791367,5
2014,Car,Honda,11,28.272727272727273,23.64388489208633,4.628842380640943,6
2014,Car,Kia,19,26.894736842105264,23.64388489208633,3.2508519500189337,7
2014,Car,Mitsubishi,10,26.5,23.64388489208633,2.85611510791367,8
2014,Car,Chevrolet,33,25.939393939393938,23.64388489208633,2.2955090473076076,9
2014,Car,Volkswagen,28,25.892857142857142,23.64388489208633,2.2489722507708123,10
2014,Car,Ford,25,25.88,23.64388489208633,2.236115107913669,11
2014,Car,Hyundai,24,25.5,23.64388489208633,1.85611510791367,12
2014,Car,Subaru,9,24.555555555555557,23.64388489208633,0.9116706634692271,13
2014,Car,Acura,9,23.333333333333332,23.64388489208633,-0.3105515587529979,14
2014,Car,Buick,8,23.25,23.64388489208633,-0.39388489208633004,15
2014,Car,Dodge,21,23.047619047619047,23.64388489208633,-0.5962658444672826,16
2014,Car,Lincoln,7,22.428571428571427,23.64388489208633,-1.215313463514903,17
2014,Car,Volvo,5,22.4,23.64388489208633,-1.2438848920863315,18
2014,Car,BMW,72,22.09722222222222,23.64388489208633,-1.5466626698641086,19
2014,Car,Audi,25,21.44,23.64388489208633,-2.2038848920863288,20
2014,Car,Lexus,14,21.142857142857142,23.64388489208633,-2.5010277492291877,21
2014,Car,Porsche,34,20.91176470588235,23.64388489208633,-2.7321201862039786,22
2014,Car,Mercedes-Benz,42,20.857142857142858,23.64388489208633,-2.7867420349434724,23
2014,Car,Chrysler,8,20.75,23.64388489208633,-2.89388489208633,24
2014,Car,Infiniti,13,20.692307692307693,23.64388489208633,-2.9515771997786366,25
2014,Car,Cadillac,20,20.35,23.64388489208633,-3.2938848920863286,26
2014,Car,Jaguar,11,18.727272727272727,23.64388489208633,-4.916612164813603,27
2014,Car,Maserati,6,17.0,23.64388489208633,-6.64388489208633,28
2014,Car,Rolls-Royce,7,14.428571428571429,23.64388489208633,-9.215313463514901,29
2014,SUV,Mitsubishi,6,25.666666666666668,20.82882882882883,4.837837837837839,1
2014,SUV,Mazda,7,25.0,20.82882882882883,4.171171171171171,2
2014,SUV,Subaru,9,24.11111111111111,20.82882882882883,3.2822822822822815,3
2014,SUV,Honda,7,23.0,20.82882882882883,2.1711711711711708,4
2014,SUV,Jeep,31,21.93548387096774,20.82882882882883,1.106655042138911,5
2014,SUV,Ford,17,21.58823529411765,20.82882882882883,0.7594064652888193,6
2014,SUV,Hyundai,12,21.583333333333332,20.82882882882883,0.7545045045045029,7
2014,SUV,Kia,9,21.555555555555557,20.82882882882883,0.7267267267267279,8
2014,SUV,Chevrolet,6,20.833333333333332,20.82882882882883,0.004504504504502904,9
2014,SUV,GMC,6,20.666666666666668,20.82882882882883,-0.1621621621621614,10
2014,SUV,Nissan,14,20.5,20.82882882882883,-0.32882882882882924,11
2014,SUV,Volvo,8,20.0,20.82882882882883,-0.8288288288288292,12
2014,SUV,Toyota,19,19.789473684210527,20.82882882882883,-1.0393551446183018,13
2014,SUV,BMW,8,19.625,20.82882882882883,-1.2038288288288292,14
2014,SUV,Lexus,5,18.6,20.82882882882883,-2.228828828828828,15
2014,SUV,Land Rover,7,18.428571428571427,20.82882882882883,-2.400257400257402,16
2014,SUV,Infiniti,7,18.285714285714285,20.82882882882883,-2.5431145431145445,17
2014,SUV,Mercedes-Benz,13,17.384615384615383,20.82882882882883,-3.444213444213446,18
2014,SUV,Porsche,6,17.0,20.82882882882883,-3.8288288288288292,19
2014,Special Purpose,Ford,5,23.8,21.272727272727273,2.5272727272727273,1
2014,Sports/Two-Seater,MINI,14,29.428571428571427,20.50574712643678,8.922824302134647,1
2014,Sports/Two-Seater,Porsche,9,23.0,20.50574712643678,2.4942528735632195,2
2014,Sports/Two-Seater,BMW,5,22.2,20.50574712643678,1.6942528735632187,3
2014,Sports/Two-Seater,Mercedes-Benz,12,19.0,20.50574712643678,-1.5057471264367805,4
2014,Sports/Two-Seater,Audi,9,16.444444444444443,20.50574712643678,-4.061302681992338,5
2014,Sports/Two-Seater,Lamborghini,7,14.142857142857142,20.50574712643678,-6.362889983579638,6
2014,Sports/Two-Seater,Ferrari,8,14.125,20.50574712643678,-6.3807471264367805,7
2014,Truck/Pickup,Toyota,13,17.923076923076923,16.75,1.1730769230769234,1
2014,Truck/Pickup,Ram,7,17.857142857142858,16.75,1.1071428571428577,2
2014,Truck/Pickup,Nissan,8,17.625,16.75,0.875,3
2014,Truck/Pickup,Ford,7,15.857142857142858,16.75,-0.8928571428571423,4
2014,Truck/Pickup,Roush Performance,5,11.8,16.75,-4.949999999999999,5
2014,Wagon,Nissan,5,27.6,23.735294117647058,3.8647058823529434,1
2014,Wagon,Cadillac,6,19.0,23.735294117647058,-4.735294117647058,2
2013,Car,Nissan,12,28.916666666666668,23.324770642201834,5.591896024464834,1
2013,Car,MINI,34,28.470588235294116,23.324770642201834,5.145817593092282,2
2013,Car,Scion,7,28.285714285714285,23.324770642201834,4.960943643512451,3
2013,Car,Toyota,8,28.125,23.324770642201834,4.800229357798166,4
2013,Car,Kia,15,28.066666666666666,23.324770642201834,4.7418960244648325,5
2013,Car,Honda,10,27.7,23.324770642201834,4.375229357798165,6
2013,Car,Mazda,14,26.928571428571427,23.324770642201834,3.603800786369593,7
2013,Car,Hyundai,24,26.916666666666668,23.324770642201834,3.591896024464834,8
2013,Car,Chevrolet,28,26.392857142857142,23.324770642201834,3.0680865006553084,9
2013,Car,Ford,23,25.434782608695652,23.324770642201834,2.1100119664938184,10
2013,Car,Suzuki,13,25.23076923076923,23.324770642201834,1.905998588567396,11
2013,Car,Volkswagen,26,24.76923076923077,23.324770642201834,1.4444601270289361,12
2013,Car,Subaru,9,24.555555555555557,23.324770642201834,1.2307849133537232,13
2013,Car,Mitsubishi,8,23.75,23.324770642201834,0.42522935779816606,14
2013,Car,Acura,8,23.375,23.324770642201834,0.05022935779816606,15
2013,Car,Dodge,21,23.238095238095237,23.324770642201834,-0.08667540410659669,16
2013,Car,Buick,6,22.666666666666668,23.324770642201834,-0.6581039755351661,17
2013,Car,Volvo,8,22.625,23.324770642201834,-0.6997706422018339,18
2013,Car,Lincoln,7,22.285714285714285,23.324770642201834,-1.0390563564875492,19
2013,Car,Audi,28,21.785714285714285,23.324770642201834,-1.5390563564875492,20
2013,Car,BMW,83,20.96385542168675,23.324770642201834,-2.3609152205150856,21
2013,Car,Lexus,12,20.916666666666668,23.324770642201834,-2.408103975535166,22
2013,Car,Cadillac,15,20.866666666666667,23.324770642201834,-2.458103975535167,23
2013,Car,Porsche,29,20.655172413793103,23.324770642201834,-2.6695982284087307,24
2013,Car,Chrysler,8,20.625,23.324770642201834,-2.699770642201834,25
2013,Car,Infiniti,12,20.083333333333332,23.324770642201834,-3.241437308868502,26
2013,Car,Mercedes-Benz,35,19.885714285714286,23.324770642201834,-3.439056356487548,27
2013,Car,Jaguar,15,19.133333333333333,23.324770642201834,-4.191437308868501,28
2013,Car,Rolls-Royce,6,14.333333333333334,23.324770642201834,-8.9914373088685,29
2013,SUV,Mitsubishi,7,24.428571428571427,20.39269406392694,4.035877364644488,1
2013,SUV,Mazda,5,24.4,20.39269406392694,4.00730593607306,2
2013,SUV,Subaru,9,23.11111111111111,20.39269406392694,2.7184170471841718,3
2013,SUV,Honda,7,23.0,20.39269406392694,2.607305936073061,4
2013,SUV,Kia,13,22.692307692307693,20.39269406392694,2.2996136283807544,5
2013,SUV,Hyundai,12,22.5,20.39269406392694,2.107305936073061,6
2013,SUV,Ford,18,21.5,20.39269406392694,1.107305936073061,7
2013,SUV,Jeep,21,21.285714285714285,20.39269406392694,0.8930202217873457,8
2013,SUV,Volvo,8,19.875,20.39269406392694,-0.517694063926939,9
2013,SUV,Toyota,19,19.736842105263158,20.39269406392694,-0.6558519586637814,10
2013,SUV,Nissan,12,19.333333333333332,20.39269406392694,-1.0593607305936068,11
2013,SUV,Chevrolet,8,18.75,20.39269406392694,-1.642694063926939,12
2013,SUV,GMC,8,18.625,20.39269406392694,-1.767694063926939,13
2013,SUV,Lexus,5,18.6,20.39269406392694,-1.7926940639269375,14
2013,SUV,Infiniti,7,18.0,20.39269406392694,-2.392694063926939,15
2013,SUV,BMW,8,17.875,20.39269406392694,-2.517694063926939,16
2013,SUV,Mercedes-Benz,14,17.428571428571427,20.39269406392694,-2.964122635355512,17
2013,SUV,Porsche,5,17.4,20.39269406392694,-2.9926940639269404,18
2013,SUV,Land Rover,7,16.571428571428573,20.39269406392694,-3.821265492498366,19
2013,Sports/Two-Seater,MINI,15,29.466666666666665,21.53731343283582,7.929353233830845,1
2013,Sports/Two-Seater,BMW,5,22.2,21.53731343283582,0.6626865671641795,2
2013,Sports/Two-Seater,Mercedes-Benz,11,19.454545454545453,21.53731343283582,-2.0827679782903665,3
2013,Sports/Two-Seater,Lamborghini,6,14.333333333333334,21.53731343283582,-7.203980099502486,4
2013,Sports/Two-Seater,Ferrari,6,14.0,21.53731343283582,-7.53731343283582,5
2013,Truck/Pickup,Toyota,13,18.0,17.307692307692307,0.6923076923076934,1
2013,Truck/Pickup,Ram,6,17.666666666666668,17.307692307692307,0.35897435897436125,2
2013,Truck/Pickup,Nissan,8,17.625,17.307692307692307,0.3173076923076934,3
2013,Truck/Pickup,Ford,7,15.857142857142858,17.307692307692307,-1.450549450549449,4
2013,Wagon,Nissan,5,27.6,24.40909090909091,3.1909090909090914,1
2013,Wagon,Kia,6,26.5,24.40909090909091,2.09090909090909,2
2013,Wagon,Toyota,5,25.2,24.40909090909091,0.7909090909090892,3
2013,Wagon,Cadillac,6,19.0,24.40909090909091,-5.40909090909091,4
2012,Car,Scion,5,29.0,22.466257668711656,6.5337423312883445,1
2012,Car,MINI,21,28.857142857142858,22.466257668711656,6.390885188431202,2
2012,Car,Toyota,7,28.0,22.466257668711656,5.5337423312883445,3
2012,Car,Kia,14,27.785714285714285,22.466257668711656,5.319456617002629,4
2012,Car,Mazda,14,27.0,22.466257668711656,4.5337423312883445,5
2012,Car,Honda,11,26.454545454545453,22.466257668711656,3.9882877858337977,6
2012,Car,Nissan,17,25.764705882352942,22.466257668711656,3.2984482136412865,7
2012,Car,Chevrolet,24,25.583333333333332,22.466257668711656,3.1170756646216766,8
2012,Car,Suzuki,10,25.4,22.466257668711656,2.933742331288343,9
2012,Car,Hyundai,19,25.05263157894737,22.466257668711656,2.5863739102357144,10
2012,Car,Volkswagen,22,25.045454545454547,22.466257668711656,2.579196876742891,11
2012,Car,Ford,23,24.608695652173914,22.466257668711656,2.1424379834622584,12
2012,Car,Subaru,8,23.25,22.466257668711656,0.7837423312883445,13
2012,Car,Mitsubishi,14,23.0,22.466257668711656,0.5337423312883445,14
2012,Car,Volvo,7,22.428571428571427,22.466257668711656,-0.03768624014022848,15
2012,Car,Audi,20,22.3,22.466257668711656,-0.16625766871165482,16
2012,Car,Acura,7,22.142857142857142,22.466257668711656,-0.3234005258545132,17
2012,Car,Porsche,48,20.645833333333332,22.466257668711656,-1.8204243353783234,18
2012,Car,Chrysler,7,20.571428571428573,22.466257668711656,-1.8948290972830826,19
2012,Car,Lexus,11,20.454545454545453,22.466257668711656,-2.0117122141662023,20
2012,Car,Infiniti,14,20.285714285714285,22.466257668711656,-2.180543382997371,21
2012,Car,BMW,64,20.015625,22.466257668711656,-2.4506326687116555,22
2012,Car,Lincoln,5,19.8,22.466257668711656,-2.666257668711655,23
2012,Car,Dodge,11,19.454545454545453,22.466257668711656,-3.0117122141662023,24
2012,Car,Mercedes-Benz,30,19.3,22.466257668711656,-3.166257668711655,25
2012,Car,Cadillac,7,19.0,22.466257668711656,-3.4662576687116555,26
2012,Car,Jaguar,10,17.8,22.466257668711656,-4.666257668711655,27
2012,Car,Rolls-Royce,6,14.333333333333334,22.466257668711656,-8.132924335378322,28
2012,Car,Aston Martin,6,14.166666666666666,22.466257668711656,-8.29959100204499,29
2012,Car,Maybach,5,12.0,22.466257668711656,-10.466257668711656,30
2012,SUV,Mitsubishi,7,24.285714285714285,19.91549295774648,4.370221327967805,1
2012,SUV,Kia,13,22.692307692307693,19.91549295774648,2.7768147345612135,2
2012,SUV,Honda,7,22.428571428571427,19.91549295774648,2.513078470824947,3
2012,SUV,Hyundai,13,22.0,19.91549295774648,2.08450704225352,4
2012,SUV,Subaru,7,21.571428571428573,19.91549295774648,1.655935613682093,5
2012,SUV,Ford,14,21.0,19.91549295774648,1.0845070422535201,6
2012,SUV,Jeep,23,20.956521739130434,19.91549295774648,1.0410287813839538,7
2012,SUV,Volvo,8,19.875,19.91549295774648,-0.040492957746479874,8
2012,SUV,Mazda,5,19.8,19.91549295774648,-0.11549295774647916,9
2012,SUV,Toyota,21,19.476190476190474,19.91549295774648,-0.4393024815560054,10
2012,SUV,Chevrolet,11,19.09090909090909,19.91549295774648,-0.8245838668373899,11
2012,SUV,GMC,8,18.75,19.91549295774648,-1.1654929577464799,12
2012,SUV,Nissan,13,18.153846153846153,19.91549295774648,-1.7616468039003266,13
2012,SUV,BMW,8,17.5,19.91549295774648,-2.41549295774648,14
2012,SUV,Infiniti,5,17.0,19.91549295774648,-2.91549295774648,15
2012,SUV,Mercedes-Benz,9,16.333333333333332,19.91549295774648,-3.5821596244131477,16
2012,SUV,Land Rover,7,16.0,19.91549295774648,-3.91549295774648,17
2012,Sports/Two-Seater,MINI,10,29.4,20.441558441558442,8.958441558441557,1
2012,Sports/Two-Seater,BMW,5,22.4,20.441558441558442,1.9584415584415567,2
2012,Sports/Two-Seater,Porsche,13,22.23076923076923,20.441558441558442,1.789210789210788,3
2012,Sports/Two-Seater,Mercedes-Benz,8,20.0,20.441558441558442,-0.4415584415584419,4
2012,Sports/Two-Seater,Audi,9,16.0,20.441558441558442,-4.441558441558442,5
2012,Sports/Two-Seater,Aston Martin,5,15.2,20.441558441558442,-5.241558441558443,6
2012,Sports/Two-Seater,Lamborghini,5,14.8,20.441558441558442,-5.641558441558441,7
2012,Sports/Two-Seater,Ferrari,6,14.333333333333334,20.441558441558442,-6.108225108225108,8
2012,Truck/Pickup,Chevrolet,18,18.38888888888889,17.791666666666668,0.5972222222222214,1
2012,Truck/Pickup,GMC,18,18.38888888888889,17.791666666666668,0.5972222222222214,1
2012,Truck/Pickup,Toyota,13,18.0,17.791666666666668,0.20833333333333215,2
2012,Truck/Pickup,Nissan,8,17.0,17.791666666666668,-0.7916666666666679,3
2012,Truck/Pickup,Ford,7,16.0,17.791666666666668,-1.7916666666666679,4
2012,Wagon,Nissan,5,27.6,24.114754098360656,3.4852459016393453,1
2012,Wagon,Kia,8,25.25,24.114754098360656,1.135245901639344,2
2012,Wagon,Toyota,5,25.2,24.114754098360656,1.0852459016393432,3
2012,Wagon,Cadillac,6,19.0,24.114754098360656,-5.114754098360656,4
2011,Car,MINI,21,28.904761904761905,21.965065502183407,6.939696402578498,1
2011,Car,Scion,5,28.8,21.965065502183407,6.834934497816594,2
2011,Car,Kia,14,27.571428571428573,21.965065502183407,5.606363069245166,3
2011,Car,Toyota,10,26.7,21.965065502183407,4.734934497816592,4
2011,Car,Suzuki,12,25.916666666666668,21.965065502183407,3.951601164483261,5
2011,Car,Volkswagen,13,25.46153846153846,21.965065502183407,3.496472959355053,6
2011,Car,Chevrolet,16,25.4375,21.965065502183407,3.472434497816593,7
2011,Car,Honda,10,25.3,21.965065502183407,3.334934497816594,8
2011,Car,Nissan,17,25.235294117647058,21.965065502183407,3.270228615463651,9
2011,Car,Hyundai,17,24.823529411764707,21.965065502183407,2.8584639095812996,10
2011,Car,Mazda,12,24.25,21.965065502183407,2.284934497816593,11
2011,Car,Ford,21,23.80952380952381,21.965065502183407,1.8444583073404033,12
2011,Car,Mitsubishi,13,22.76923076923077,21.965065502183407,0.8041652670473631,13
2011,Car,Volvo,8,22.75,21.965065502183407,0.7849344978165931,14
2011,Car,Audi,19,22.0,21.965065502183407,0.03493449781659308,15
2011,Car,Saab,7,21.857142857142858,21.965065502183407,-0.10792264504054927,16
2011,Car,Acura,7,21.714285714285715,21.965065502183407,-0.2507797878976916,17
2011,Car,Subaru,8,21.5,21.965065502183407,-0.4650655021834069,18
2011,Car,Chrysler,7,21.428571428571427,21.965065502183407,-0.5364940736119799,19
2011,Car,Buick,5,20.8,21.965065502183407,-1.1650655021834062,20
2011,Car,Porsche,35,20.37142857142857,21.965065502183407,-1.5936369307548368,21
2011,Car,Lexus,14,20.357142857142858,21.965065502183407,-1.6079226450405493,22
2011,Car,Infiniti,11,20.272727272727273,21.965065502183407,-1.6923382294561335,23
2011,Car,BMW,61,19.852459016393443,21.965065502183407,-2.1126064857899642,24
2011,Car,Dodge,10,19.6,21.965065502183407,-2.3650655021834055,25
2011,Car,Lincoln,5,19.6,21.965065502183407,-2.3650655021834055,25
2011,Car,Cadillac,13,18.46153846153846,21.965065502183407,-3.503527040644947,26
2011,Car,Jaguar,10,17.8,21.965065502183407,-4.165065502183406,27
2011,Car,Mercedes-Benz,25,17.44,21.965065502183407,-4.525065502183406,28
2011,Car,Maserati,5,14.8,21.965065502183407,-7.165065502183406,29
2011,Car,Rolls-Royce,5,14.2,21.965065502183407,-7.765065502183408,30
2011,Car,Aston Martin,5,14.0,21.965065502183407,-7.965065502183407,31
2011,SUV,Mitsubishi,9,22.88888888888889,19.610169491525422,3.278719397363467,1
2011,SUV,Hyundai,13,22.23076923076923,19.610169491525422,2.620599739243808,2
2011,SUV,Subaru,7,21.571428571428573,19.610169491525422,1.9612590799031508,3
2011,SUV,Kia,15,21.466666666666665,19.610169491525422,1.856497175141243,4
2011,SUV,Mazda,8,21.25,19.610169491525422,1.639830508474578,5
2011,SUV,Jeep,22,21.181818181818183,19.610169491525422,1.5716486902927613,6
2011,SUV,Honda,9,21.0,19.610169491525422,1.389830508474578,7
2011,SUV,Ford,16,20.3125,19.610169491525422,0.7023305084745779,8
2011,SUV,Toyota,23,19.391304347826086,19.610169491525422,-0.21886514369933607,9
2011,SUV,Volvo,9,19.11111111111111,19.610169491525422,-0.4990583804143114,10
2011,SUV,Chevrolet,8,18.625,19.610169491525422,-0.9851694915254221,11
2011,SUV,GMC,8,18.625,19.610169491525422,-0.9851694915254221,11
2011,SUV,Lincoln,6,18.5,19.610169491525422,-1.110169491525422,12
2011,SUV,Nissan,13,18.153846153846153,19.610169491525422,-1.4563233376792688,13
2011,SUV,Dodge,8,17.75,19.610169491525422,-1.860169491525422,14
2011,SUV,BMW,8,17.5,19.610169491525422,-2.110169491525422,15
2011,SUV,Infiniti,5,17.0,19.610169491525422,-2.610169491525422,16
2011,SUV,Mercedes-Benz,11,15.181818181818182,19.610169491525422,-4.4283513097072404,17
2011,SUV,Land Rover,6,15.0,19.610169491525422,-4.610169491525422,18
2011,Sports/Two-Seater,Porsche,15,20.8,18.73134328358209,2.0686567164179124,1
2011,Sports/Two-Seater,BMW,5,20.6,18.73134328358209,1.868656716417913,2
2011,Sports/Two-Seater,Mercedes-Benz,8,17.875,18.73134328358209,-0.8563432835820883,3
2011,Sports/Two-Seater,Audi,9,16.0,18.73134328358209,-2.7313432835820883,4
2011,Sports/Two-Seater,Ferrari,5,12.6,18.73134328358209,-6.131343283582089,5
2011,Truck/Pickup,Chevrolet,18,18.38888888888889,17.7375,0.6513888888888886,1
2011,Truck/Pickup,GMC,18,18.38888888888889,17.7375,0.6513888888888886,1
2011,Truck/Pickup,Toyota,13,17.76923076923077,17.7375,0.03173076923076934,2
2011,Truck/Pickup,Ford,13,17.0,17.7375,-0.7375000000000007,3
2011,Truck/Pickup,Nissan,8,17.0,17.7375,-0.7375000000000007,3
2011,Truck/Pickup,Dodge,5,15.8,17.7375,-1.9375,4
2011,Wagon,Nissan,5,27.6,23.803030303030305,3.796969696969697,1
2011,Wagon,Toyota,5,25.2,23.803030303030305,1.3969696969696948,2
2011,Wagon,Kia,6,25.0,23.803030303030305,1.1969696969696955,3
2011,Wagon,Mitsubishi,5,24.8,23.803030303030305,0.9969696969696962,4
2011,Wagon,Audi,5,23.4,23.803030303030305,-0.40303030303030596,5
2011,Wagon,Cadillac,6,19.0,23.803030303030305,-4.8030303030303045,6
2010,Car,MINI,15,28.666666666666668,21.45945945945946,7.207207207207208,1
2010,Car,Kia,10,27.2,21.45945945945946,5.74054054054054,2
2010,Car,Toyota,10,27.0,21.45945945945946,5.54054054054054,3
2010,Car,Pontiac,14,26.285714285714285,21.45945945945946,4.826254826254825,4
2010,Car,Suzuki,12,26.083333333333332,21.45945945945946,4.6238738738738725,5
2010,Car,Chevrolet,20,25.45,21.45945945945946,3.9905405405405396,6
2010,Car,Nissan,18,25.22222222222222,21.45945945945946,3.762762762762762,7
2010,Car,Honda,10,24.7,21.45945945945946,3.2405405405405396,8
2010,Car,Hyundai,17,24.647058823529413,21.45945945945946,3.1875993640699534,9
2010,Car,Volkswagen,18,24.444444444444443,21.45945945945946,2.984984984984983,10
2010,Car,Mazda,10,22.9,21.45945945945946,1.440540540540539,11
2010,Car,Volvo,15,22.6,21.45945945945946,1.1405405405405418,12
2010,Car,Saab,8,22.125,21.45945945945946,0.6655405405405403,13
2010,Car,Ford,17,22.058823529411764,21.45945945945946,0.5993640699523048,14
2010,Car,Subaru,8,21.875,21.45945945945946,0.41554054054054035,15
2010,Car,Mitsubishi,14,21.785714285714285,21.45945945945946,0.32625482625482505,16
2010,Car,Audi,20,21.35,21.45945945945946,-0.10945945945945823,17
2010,Car,Acura,7,21.142857142857142,21.45945945945946,-0.3166023166023173,18
2010,Car,Porsche,29,20.379310344827587,21.45945945945946,-1.0801491146318725,19
2010,Car,Buick,6,20.166666666666668,21.45945945945946,-1.2927927927927918,20
2010,Car,Lexus,14,20.142857142857142,21.45945945945946,-1.3166023166023173,21
2010,Car,Chrysler,10,19.9,21.45945945945946,-1.559459459459461,22
2010,Car,Lincoln,5,19.6,21.45945945945946,-1.8594594594594582,23
2010,Car,Infiniti,12,19.5,21.45945945945946,-1.9594594594594597,24
2010,Car,Dodge,13,18.76923076923077,21.45945945945946,-2.6902286902286896,25
2010,Car,BMW,62,18.629032258064516,21.45945945945946,-2.8304272013949436,26
2010,Car,Cadillac,16,18.375,21.45945945945946,-3.0844594594594597,27
2010,Car,Jaguar,9,18.11111111111111,21.45945945945946,-3.348348348348349,28
2010,Car,Mercedes-Benz,23,16.91304347826087,21.45945945945946,-4.546415981198589,29
2010,Car,Maserati,5,14.6,21.45945945945946,-6.85945945945946,30
2010,Car,Rolls-Royce,5,14.2,21.45945945945946,-7.25945945945946,31
2010,Car,Aston Martin,5,14.0,21.45945945945946,-7.45945945945946,32
2010,Car,Bentley,5,11.8,21.45945945945946,-9.659459459459459,33
2010,SUV,Hyundai,11,22.636363636363637,18.987654320987655,3.6487093153759815,1
2010,SUV,Chevrolet,8,21.75,18.987654320987655,2.762345679012345,2
2010,SUV,Subaru,7,21.285714285714285,18.987654320987655,2.2980599647266295,3
2010,SUV,GMC,6,21.166666666666668,18.987654320987655,2.1790123456790127,4
2010,SUV,Mazda,8,21.0,18.987654320987655,2.012345679012345,5
2010,SUV,Honda,10,20.8,18.987654320987655,1.8123456790123456,6
2010,SUV,Suzuki,6,20.5,18.987654320987655,1.5123456790123448,7
2010,SUV,Mitsubishi,6,20.333333333333332,18.987654320987655,1.345679012345677,8
2010,SUV,Jeep,27,19.962962962962962,18.987654320987655,0.9753086419753068,9
2010,SUV,Kia,9,19.555555555555557,18.987654320987655,0.567901234567902,10
2010,SUV,Toyota,23,19.52173913043478,18.987654320987655,0.5340848094471262,11
2010,SUV,Saturn,8,19.375,18.987654320987655,0.38734567901234485,12
2010,SUV,Ford,12,19.0,18.987654320987655,0.012345679012344846,13
2010,SUV,Lincoln,5,18.8,18.987654320987655,-0.18765432098765444,14
2010,SUV,Dodge,7,18.285714285714285,18.987654320987655,-0.7019400352733705,15
2010,SUV,Mercury,6,18.166666666666668,18.987654320987655,-0.8209876543209873,16
2010,SUV,Volvo,8,17.875,18.987654320987655,-1.1126543209876552,17
2010,SUV,Nissan,14,17.785714285714285,18.987654320987655,-1.2019400352733705,18
2010,SUV,BMW,8,16.625,18.987654320987655,-2.362654320987655,19
2010,SUV,Infiniti,5,16.2,18.987654320987655,-2.787654320987656,20
2010,SUV,Mercedes-Benz,11,15.181818181818182,18.987654320987655,-3.8058361391694735,21
2010,SUV,Land Rover,6,14.666666666666666,18.987654320987655,-4.320987654320989,22
2010,SUV,Porsche,9,14.444444444444445,18.987654320987655,-4.5432098765432105,23
2010,Sports/Two-Seater,Porsche,10,21.4,19.03030303030303,2.3696969696969674,1
2010,Sports/Two-Seater,Mercedes-Benz,5,19.8,19.03030303030303,0.7696969696969695,2
2010,Sports/Two-Seater,Audi,5,17.0,19.03030303030303,-2.030303030303031,3
2010,Sports/Two-Seater,Lamborghini,9,12.666666666666666,19.03030303030303,-6.363636363636365,4
2010,Truck/Pickup,Chevrolet,18,18.444444444444443,17.662650602409638,0.781793842034805,1
2010,Truck/Pickup,GMC,18,18.444444444444443,17.662650602409638,0.781793842034805,1
2010,Truck/Pickup,Toyota,12,17.333333333333332,17.662650602409638,-0.32931726907630576,2
2010,Truck/Pickup,Ford,14,17.214285714285715,17.662650602409638,-0.4483648881239226,3
2010,Truck/Pickup,Nissan,8,17.0,17.662650602409638,-0.6626506024096379,4
2010,Truck/Pickup,Dodge,5,15.8,17.662650602409638,-1.8626506024096372,5
2010,Wagon,Pontiac,5,25.2,23.61111111111111,1.5888888888888886,1
2010,Wagon,Toyota,5,25.2,23.61111111111111,1.5888888888888886,1
2010,Wagon,Kia,6,25.166666666666668,23.61111111111111,1.5555555555555571,2
2010,Wagon,Audi,5,23.2,23.61111111111111,-0.4111111111111114,3
2010,Wagon,Volvo,6,22.833333333333332,23.61111111111111,-0.7777777777777786,4
2010,Wagon,Saab,5,22.4,23.61111111111111,-1.2111111111111121,5
2010,Wagon,Subaru,5,21.0,23.61111111111111,-2.6111111111111107,6
2010,Wagon,BMW,6,19.666666666666668,23.61111111111111,-3.944444444444443,7
2009,Car,MINI,15,29.066666666666666,21.0042194092827,8.062447257383965,1
2009,Car,Toyota,10,26.9,21.0042194092827,5.8957805907172975,2
2009,Car,Chevrolet,14,25.785714285714285,21.0042194092827,4.781494876431584,3
2009,Car,Saturn,6,25.666666666666668,21.0042194092827,4.662447257383967,4
2009,Car,Kia,8,25.625,21.0042194092827,4.620780590717299,5
2009,Car,Nissan,21,25.476190476190474,21.0042194092827,4.4719710669077735,6
2009,Car,Honda,10,24.4,21.0042194092827,3.3957805907172975,7
2009,Car,Hyundai,11,24.181818181818183,21.0042194092827,3.1775987725354824,8
2009,Car,Pontiac,19,24.0,21.0042194092827,2.995780590717299,9
2009,Car,Volkswagen,19,23.68421052631579,21.0042194092827,2.67999111703309,10
2009,Car,Mazda,10,22.5,21.0042194092827,1.495780590717299,11
2009,Car,Volvo,20,21.6,21.0042194092827,0.5957805907173004,12
2009,Car,Acura,5,21.4,21.0042194092827,0.39578059071729754,13
2009,Car,Mercury,6,21.166666666666668,21.0042194092827,0.16244725738396681,14
2009,Car,Mitsubishi,17,21.11764705882353,21.0042194092827,0.11342764954082796,15
2009,Car,Subaru,10,21.1,21.0042194092827,0.09578059071730038,16
2009,Car,Ford,13,21.0,21.0042194092827,-0.0042194092827010365,17
2009,Car,Porsche,24,20.541666666666668,21.0042194092827,-0.4625527426160332,18
2009,Car,Lexus,14,20.142857142857142,21.0042194092827,-0.8613622664255587,19
2009,Car,Saab,14,20.142857142857142,21.0042194092827,-0.8613622664255587,19
2009,Car,Audi,25,20.0,21.0042194092827,-1.004219409282701,20
2009,Car,Chrysler,10,19.9,21.0042194092827,-1.1042194092827025,21
2009,Car,Infiniti,12,19.333333333333332,21.0042194092827,-1.6708860759493689,22
2009,Car,Dodge,15,18.933333333333334,21.0042194092827,-2.0708860759493675,23
2009,Car,BMW,56,18.660714285714285,21.0042194092827,-2.3435051235684163,24
2009,Car,Jaguar,11,18.454545454545453,21.0042194092827,-2.549673954737248,25
2009,Car,Cadillac,15,18.2,21.0042194092827,-2.8042194092827017,26
2009,Car,Mercedes-Benz,22,16.09090909090909,21.0042194092827,-4.913310318373611,27
2009,Car,Bentley,7,11.571428571428571,21.0042194092827,-9.43279083785413,28
2009,SUV,Subaru,9,20.77777777777778,18.31118881118881,2.4665889665889686,1
2009,SUV,Honda,8,20.625,18.31118881118881,2.31381118881119,2
2009,SUV,Mazda,9,20.22222222222222,18.31118881118881,1.9110334110334115,3
2009,SUV,Suzuki,8,20.0,18.31118881118881,1.68881118881119,4
2009,SUV,Hyundai,13,19.846153846153847,18.31118881118881,1.5349650349650368,5
2009,SUV,Mitsubishi,6,19.666666666666668,18.31118881118881,1.355477855477858,6
2009,SUV,Chrysler,5,19.2,18.31118881118881,0.8888111888111894,7
2009,SUV,Jeep,31,19.193548387096776,18.31118881118881,0.8823595759079659,8
2009,SUV,Saturn,8,19.0,18.31118881118881,0.6888111888111901,9
2009,SUV,Ford,15,18.933333333333334,18.31118881118881,0.6221445221445236,10
2009,SUV,Toyota,23,18.869565217391305,18.31118881118881,0.5583764062024947,11
2009,SUV,Kia,13,18.846153846153847,18.31118881118881,0.5349650349650368,12
2009,SUV,Mercury,8,18.625,18.31118881118881,0.3138111888111901,13
2009,SUV,Volkswagen,5,18.6,18.31118881118881,0.2888111888111915,14
2009,SUV,Chevrolet,22,18.09090909090909,18.31118881118881,-0.22027972027971998,15
2009,SUV,Lexus,6,17.833333333333332,18.31118881118881,-0.4778554778554778,16
2009,SUV,Nissan,15,17.6,18.31118881118881,-0.7111888111888085,17
2009,SUV,BMW,6,17.5,18.31118881118881,-0.8111888111888099,18
2009,SUV,Dodge,10,17.3,18.31118881118881,-1.0111888111888092,19
2009,SUV,Volvo,6,17.0,18.31118881118881,-1.31118881118881,20
2009,SUV,GMC,10,16.7,18.31118881118881,-1.6111888111888106,21
2009,SUV,Infiniti,5,16.2,18.31118881118881,-2.1111888111888106,22
2009,SUV,Mercedes-Benz,8,14.875,18.31118881118881,-3.43618881118881,23
2009,SUV,Porsche,7,14.714285714285714,18.31118881118881,-3.5969030969030964,24
2009,SUV,Land Rover,6,14.666666666666666,18.31118881118881,-3.644522144522144,25
2009,Sports/Two-Seater,Porsche,9,22.333333333333332,18.87837837837838,3.454954954954953,1
2009,Sports/Two-Seater,Audi,6,19.833333333333332,18.87837837837838,0.9549549549549532,2
2009,Sports/Two-Seater,Mercedes-Benz,10,17.1,18.87837837837838,-1.7783783783783775,3
2009,Sports/Two-Seater,Lamborghini,8,12.875,18.87837837837838,-6.003378378378379,4
2009,Truck/Pickup,Chevrolet,26,17.46153846153846,17.207207207207208,0.2543312543312517,1
2009,Truck/Pickup,GMC,26,17.423076923076923,17.207207207207208,0.21586971586971515,2
2009,Truck/Pickup,Toyota,12,17.25,17.207207207207208,0.0427927927927918,3
2009,Truck/Pickup,Ford,15,17.0,17.207207207207208,-0.2072072072072082,4
2009,Truck/Pickup,Nissan,9,16.77777777777778,17.207207207207208,-0.42942942942942963,5
2009,Truck/Pickup,Dodge,7,16.142857142857142,17.207207207207208,-1.0643500643500658,6
2009,Van/Minivan,Chevrolet,7,14.714285714285714,17.137931034482758,-2.4236453201970445,1
2009,Van/Minivan,GMC,7,14.714285714285714,17.137931034482758,-2.4236453201970445,1
2009,Wagon,Pontiac,5,25.2,22.736842105263158,2.4631578947368418,1
2009,Wagon,Toyota,5,25.2,22.736842105263158,2.4631578947368418,1
2009,Wagon,Dodge,5,24.2,22.736842105263158,1.4631578947368418,2
2009,Wagon,Volkswagen,5,24.0,22.736842105263158,1.2631578947368425,3
2009,Wagon,Audi,6,22.833333333333332,22.736842105263158,0.09649122807017463,4
2009,Wagon,Volvo,7,22.0,22.736842105263158,-0.7368421052631575,5
2009,Wagon,Subaru,5,21.0,22.736842105263158,-1.7368421052631575,6
2009,Wagon,Saab,10,20.1,22.736842105263158,-2.636842105263156,7
2009,Wagon,BMW,6,19.666666666666668,22.736842105263158,-3.0701754385964897,8
2008,Car,MINI,12,27.666666666666668,20.57377049180328,7.092896174863387,1
2008,Car,Toyota,12,25.75,20.57377049180328,5.17622950819672,2
2008,Car,Kia,8,25.375,20.57377049180328,4.80122950819672,3
2008,Car,Nissan,16,25.125,20.57377049180328,4.55122950819672,4
2008,Car,Saturn,7,25.0,20.57377049180328,4.42622950819672,5
2008,Car,Chevrolet,18,24.666666666666668,20.57377049180328,4.092896174863387,6
2008,Car,Honda,10,24.4,20.57377049180328,3.826229508196718,7
2008,Car,Suzuki,6,23.5,20.57377049180328,2.9262295081967196,8
2008,Car,Hyundai,14,23.428571428571427,20.57377049180328,2.8548009367681466,9
2008,Car,Volkswagen,20,23.05,20.57377049180328,2.4762295081967203,10
2008,Car,Pontiac,14,22.571428571428573,20.57377049180328,1.9976580796252925,11
2008,Car,Mazda,11,22.454545454545453,20.57377049180328,1.8807749627421728,12
2008,Car,Mercury,6,21.333333333333332,20.57377049180328,0.7595628415300517,13
2008,Car,Volvo,22,21.227272727272727,20.57377049180328,0.6535022354694462,14
2008,Car,Subaru,10,21.2,20.57377049180328,0.6262295081967189,15
2008,Car,Ford,13,21.153846153846153,20.57377049180328,0.5800756620428729,16
2008,Car,Acura,6,21.0,20.57377049180328,0.42622950819671956,17
2008,Car,Mitsubishi,14,21.0,20.57377049180328,0.42622950819671956,17
2008,Car,Lexus,12,20.5,20.57377049180328,-0.07377049180328044,18
2008,Car,Chrysler,18,20.166666666666668,20.57377049180328,-0.4071038251366126,19
2008,Car,Saab,12,19.833333333333332,20.57377049180328,-0.7404371584699483,20
2008,Car,Porsche,24,19.375,20.57377049180328,-1.1987704918032804,21
2008,Car,Buick,6,19.166666666666668,20.57377049180328,-1.4071038251366126,22
2008,Car,Audi,31,19.096774193548388,20.57377049180328,-1.4769962982548925,23
2008,Car,Dodge,12,19.0,20.57377049180328,-1.5737704918032804,24
2008,Car,Infiniti,9,18.88888888888889,20.57377049180328,-1.6848816029143912,25
2008,Car,BMW,57,18.649122807017545,20.57377049180328,-1.924647684785736,26
2008,Car,Jaguar,14,18.5,20.57377049180328,-2.0737704918032804,27
2008,Car,Cadillac,15,18.266666666666666,20.57377049180328,-2.3071038251366147,28
2008,Car,Mercedes-Benz,26,16.192307692307693,20.57377049180328,-4.381462799495587,29
2008,Car,Bentley,6,11.666666666666666,20.57377049180328,-8.907103825136614,30
2008,SUV,Subaru,10,20.7,17.866894197952217,2.8331058020477826,1
2008,SUV,Honda,8,20.375,17.866894197952217,2.5081058020477833,2
2008,SUV,Mitsubishi,6,19.833333333333332,17.866894197952217,1.9664391353811155,3
2008,SUV,Mazda,9,19.77777777777778,17.866894197952217,1.910883579825562,4
2008,SUV,Hyundai,13,19.76923076923077,17.866894197952217,1.9023365712785534,5
2008,SUV,Kia,9,19.11111111111111,17.866894197952217,1.244216913158894,6
2008,SUV,Jeep,28,19.071428571428573,17.866894197952217,1.2045343734763563,7
2008,SUV,Saturn,8,18.75,17.866894197952217,0.8831058020477833,8
2008,SUV,Chevrolet,29,18.620689655172413,17.866894197952217,0.7537954572201961,9
2008,SUV,Suzuki,6,18.333333333333332,17.866894197952217,0.4664391353811155,10
2008,SUV,Ford,14,18.285714285714285,17.866894197952217,0.418820087762068,11
2008,SUV,Chrysler,11,18.09090909090909,17.866894197952217,0.22401489295687327,12
2008,SUV,Mercury,8,18.0,17.866894197952217,0.13310580204778333,13
2008,SUV,Lexus,6,17.833333333333332,17.866894197952217,-0.03356086461888452,14
2008,SUV,Toyota,18,17.77777777777778,17.866894197952217,-0.0891164201744381,15
2008,SUV,BMW,6,17.5,17.866894197952217,-0.36689419795221667,16
2008,SUV,Dodge,18,17.38888888888889,17.866894197952217,-0.4780053090633274,17
2008,SUV,Nissan,12,17.0,17.866894197952217,-0.8668941979522167,18
2008,SUV,GMC,14,15.714285714285714,17.866894197952217,-2.152608483666503,19
2008,SUV,Infiniti,5,15.4,17.866894197952217,-2.4668941979522163,20
2008,SUV,Cadillac,7,15.285714285714286,17.866894197952217,-2.58117991223793,21
2008,SUV,Porsche,6,14.833333333333334,17.866894197952217,-3.0335608646188827,22
2008,SUV,Land Rover,6,14.666666666666666,17.866894197952217,-3.2002275312855506,23
2008,SUV,Mercedes-Benz,9,14.555555555555555,17.866894197952217,-3.3113386423966613,24
2008,Sports/Two-Seater,Porsche,13,20.846153846153847,18.595238095238095,2.250915750915752,1
2008,Sports/Two-Seater,BMW,8,20.625,18.595238095238095,2.029761904761905,2
2008,Sports/Two-Seater,Audi,5,18.8,18.595238095238095,0.2047619047619058,3
2008,Sports/Two-Seater,Mercedes-Benz,10,16.5,18.595238095238095,-2.095238095238095,4
2008,Sports/Two-Seater,Lamborghini,9,11.444444444444445,18.595238095238095,-7.15079365079365,5
2008,Truck/Pickup,Isuzu,5,18.6,16.404580152671755,2.195419847328246,1
2008,Truck/Pickup,Mazda,7,18.142857142857142,16.404580152671755,1.738276990185387,2
2008,Truck/Pickup,Toyota,12,17.333333333333332,16.404580152671755,0.9287531806615767,3
2008,Truck/Pickup,Chevrolet,20,17.25,16.404580152671755,0.8454198473282446,4
2008,Truck/Pickup,GMC,22,17.0,16.404580152671755,0.5954198473282446,5
2008,Truck/Pickup,Nissan,8,16.875,16.404580152671755,0.4704198473282446,6
2008,Truck/Pickup,Ford,21,16.38095238095238,16.404580152671755,-0.0236277717193758,7
2008,Truck/Pickup,Mitsubishi,5,16.0,16.404580152671755,-0.4045801526717554,8
2008,Truck/Pickup,Dodge,14,15.428571428571429,16.404580152671755,-0.9760087241003266,9
2008,Truck/Pickup,Roush Performance,6,13.0,16.404580152671755,-3.4045801526717554,10
2008,Truck/Pickup,"Tecstar, LP",6,13.0,16.404580152671755,-3.4045801526717554,10
2008,Van/Minivan,Chevrolet,8,15.25,17.129032258064516,-1.879032258064516,1
2008,Van/Minivan,GMC,7,14.714285714285714,17.129032258064516,-2.4147465437788025,2
2008,Wagon,Dodge,6,23.666666666666668,22.029411764705884,1.6372549019607838,1
2008,Wagon,Suzuki,6,23.5,22.029411764705884,1.470588235294116,2
2008,Wagon,Volkswagen,5,22.8,22.029411764705884,0.7705882352941167,3
2008,Wagon,Volvo,7,21.571428571428573,22.029411764705884,-0.4579831932773111,4
2008,Wagon,Subaru,5,21.2,22.029411764705884,-0.8294117647058847,5
2008,Wagon,Audi,10,20.5,22.029411764705884,-1.529411764705884,6
2008,Wagon,Saab,8,19.75,22.029411764705884,-2.279411764705884,7
2008,Wagon,BMW,6,19.666666666666668,22.029411764705884,-2.362745098039216,8
2007,Car,MINI,8,26.5,20.376146788990827,6.123853211009173,1
2007,Car,Toyota,12,25.833333333333332,20.376146788990827,5.457186544342505,2
2007,Car,Nissan,12,25.416666666666668,20.376146788990827,5.040519877675841,3
2007,Car,Kia,8,25.25,20.376146788990827,4.873853211009173,4
2007,Car,Honda,7,24.857142857142858,20.376146788990827,4.480996068152031,5
2007,Car,Hyundai,13,23.46153846153846,20.376146788990827,3.085391672547633,6
2007,Car,Saturn,7,23.428571428571427,20.376146788990827,3.0524246395806003,7
2007,Car,Suzuki,7,23.0,20.376146788990827,2.6238532110091732,8
2007,Car,Chevrolet,23,22.869565217391305,20.376146788990827,2.493418428400478,9
2007,Car,Volkswagen,19,22.63157894736842,20.376146788990827,2.2554321583775945,10
2007,Car,Mazda,12,22.166666666666668,20.376146788990827,1.790519877675841,11
2007,Car,Pontiac,14,21.571428571428573,20.376146788990827,1.1952817824377462,12
2007,Car,Mitsubishi,12,21.5,20.376146788990827,1.1238532110091732,13
2007,Car,Acura,6,21.0,20.376146788990827,0.6238532110091732,14
2007,Car,Subaru,10,21.0,20.376146788990827,0.6238532110091732,14
2007,Car,Lexus,11,20.818181818181817,20.376146788990827,0.4420350291909898,15
2007,Car,Ford,16,20.6875,20.376146788990827,0.31135321100917324,16
2007,Car,Volvo,19,20.68421052631579,20.376146788990827,0.3080637373249644,17
2007,Car,Mercury,7,20.571428571428573,20.376146788990827,0.1952817824377462,18
2007,Car,Saab,10,20.1,20.376146788990827,-0.27614678899082534,19
2007,Car,Chrysler,12,19.666666666666668,20.376146788990827,-0.7094801223241589,20
2007,Car,Infiniti,8,19.125,20.376146788990827,-1.2511467889908268,21
2007,Car,Audi,23,19.0,20.376146788990827,-1.3761467889908268,22
2007,Car,Porsche,24,18.875,20.376146788990827,-1.5011467889908268,23
2007,Car,BMW,45,18.644444444444446,20.376146788990827,-1.731702344546381,24
2007,Car,Jaguar,14,18.5,20.376146788990827,-1.8761467889908268,25
2007,Car,Dodge,6,18.333333333333332,20.376146788990827,-2.0428134556574946,26
2007,Car,Cadillac,14,17.357142857142858,20.376146788990827,-3.019003931847969,27
2007,Car,Mercedes-Benz,23,17.17391304347826,20.376146788990827,-3.202233745512565,28
2007,Car,Bentley,6,12.0,20.376146788990827,-8.376146788990827,29
2007,SUV,Subaru,12,20.833333333333332,17.82846715328467,3.004866180048662,1
2007,SUV,Honda,8,20.375,17.82846715328467,2.54653284671533,2
2007,SUV,Saturn,6,19.833333333333332,17.82846715328467,2.004866180048662,3
2007,SUV,Hyundai,14,19.785714285714285,17.82846715328467,1.9572471324296146,4
2007,SUV,Kia,9,19.11111111111111,17.82846715328467,1.2826439578264406,5
2007,SUV,BMW,6,18.666666666666668,17.82846715328467,0.8381995133819977,6
2007,SUV,Ford,15,18.533333333333335,17.82846715328467,0.7048661800486649,7
2007,SUV,Jeep,26,18.346153846153847,17.82846715328467,0.5176866928691766,8
2007,SUV,Chrysler,9,18.333333333333332,17.82846715328467,0.504866180048662,9
2007,SUV,Suzuki,6,18.333333333333332,17.82846715328467,0.504866180048662,9
2007,SUV,Toyota,18,18.333333333333332,17.82846715328467,0.504866180048662,9
2007,SUV,Chevrolet,25,18.16,17.82846715328467,0.33153284671533,10
2007,SUV,Lexus,6,17.666666666666668,17.82846715328467,-0.16180048661800228,11
2007,SUV,Mercury,8,17.625,17.82846715328467,-0.20346715328467013,12
2007,SUV,Dodge,15,17.6,17.82846715328467,-0.2284671532846687,13
2007,SUV,Volvo,6,17.166666666666668,17.82846715328467,-0.6618004866180023,14
2007,SUV,Buick,6,17.0,17.82846715328467,-0.8284671532846701,15
2007,SUV,Nissan,10,16.7,17.82846715328467,-1.1284671532846708,16
2007,SUV,GMC,13,16.153846153846153,17.82846715328467,-1.6746209994385168,17
2007,SUV,Cadillac,6,15.666666666666666,17.82846715328467,-2.161800486618004,18
2007,SUV,Infiniti,5,15.6,17.82846715328467,-2.2284671532846705,19
2007,SUV,Land Rover,6,14.166666666666666,17.82846715328467,-3.661800486618004,20
2007,SUV,Mercedes-Benz,9,13.88888888888889,17.82846715328467,-3.939578264395781,21
2007,Sports/Two-Seater,Porsche,10,21.6,18.366197183098592,3.2338028169014095,1
2007,Sports/Two-Seater,BMW,8,20.375,18.366197183098592,2.008802816901408,2
2007,Sports/Two-Seater,Mercedes-Benz,10,16.5,18.366197183098592,-1.866197183098592,3
2007,Sports/Two-Seater,Lamborghini,8,12.25,18.366197183098592,-6.116197183098592,4
2007,Truck/Pickup,Isuzu,5,18.2,16.258503401360546,1.9414965986394535,1
2007,Truck/Pickup,Mazda,7,18.142857142857142,16.258503401360546,1.8843537414965965,2
2007,Truck/Pickup,Toyota,12,17.25,16.258503401360546,0.9914965986394542,3
2007,Truck/Pickup,Nissan,8,16.875,16.258503401360546,0.6164965986394542,4
2007,Truck/Pickup,Chevrolet,30,16.5,16.258503401360546,0.24149659863945416,5
2007,Truck/Pickup,Ford,21,16.38095238095238,16.258503401360546,0.12244897959183376,6
2007,Truck/Pickup,GMC,33,16.272727272727273,16.258503401360546,0.014223871366727536,7
2007,Truck/Pickup,Mitsubishi,8,15.5,16.258503401360546,-0.7585034013605458,8
2007,Truck/Pickup,Dodge,14,15.214285714285714,16.258503401360546,-1.0442176870748323,9
2007,Truck/Pickup,Roush Performance,6,12.0,16.258503401360546,-4.258503401360546,10
2007,Van/Minivan,Chevrolet,8,15.0,16.735294117647058,-1.735294117647058,1
2007,Van/Minivan,GMC,7,14.285714285714286,16.735294117647058,-2.4495798319327715,2
2007,Wagon,Dodge,5,24.0,21.949367088607595,2.0506329113924053,1
2007,Wagon,Suzuki,6,23.333333333333332,21.949367088607595,1.3839662447257375,2
2007,Wagon,Subaru,8,21.375,21.949367088607595,-0.5743670886075947,3
2007,Wagon,Volvo,15,20.866666666666667,21.949367088607595,-1.0827004219409275,4
2007,Wagon,Audi,10,20.5,21.949367088607595,-1.4493670886075947,5
2007,Wagon,BMW,6,20.333333333333332,21.949367088607595,-1.6160337552742625,6
2007,Wagon,Saab,6,20.166666666666668,21.949367088607595,-1.7827004219409268,7
2006,Car,MINI,8,25.25,20.31151241534989,4.938487584650112,1
2006,Car,Honda,7,25.0,20.31151241534989,4.688487584650112,2
2006,Car,Saturn,5,24.4,20.31151241534989,4.08848758465011,3
2006,Car,Kia,11,24.09090909090909,20.31151241534989,3.7793966755592017,4
2006,Car,Toyota,12,24.083333333333332,20.31151241534989,3.771820917983444,5
2006,Car,Suzuki,10,23.2,20.31151241534989,2.888487584650111,6
2006,Car,Hyundai,14,23.142857142857142,20.31151241534989,2.831344727507254,7
2006,Car,Nissan,11,22.818181818181817,20.31151241534989,2.5066694028319283,8
2006,Car,Acura,8,22.5,20.31151241534989,2.1884875846501117,9
2006,Car,Mazda,11,22.272727272727273,20.31151241534989,1.961214857377385,10
2006,Car,Chevrolet,22,22.136363636363637,20.31151241534989,1.8248512210137484,11
2006,Car,Volkswagen,22,22.0,20.31151241534989,1.6884875846501117,12
2006,Car,Mitsubishi,12,21.583333333333332,20.31151241534989,1.2718209179834439,13
2006,Car,Volvo,20,21.05,20.31151241534989,0.7384875846501124,14
2006,Car,Lexus,10,20.9,20.31151241534989,0.5884875846501103,15
2006,Car,Mercury,7,20.857142857142858,20.31151241534989,0.5456304417929694,16
2006,Car,Ford,16,20.75,20.31151241534989,0.43848758465011173,17
2006,Car,Pontiac,15,20.666666666666668,20.31151241534989,0.3551542513167796,18
2006,Car,Subaru,9,20.666666666666668,20.31151241534989,0.3551542513167796,18
2006,Car,Saab,10,20.5,20.31151241534989,0.18848758465011173,19
2006,Car,Chrysler,11,19.636363636363637,20.31151241534989,-0.6751487789862516,20
2006,Car,Audi,22,19.545454545454547,20.31151241534989,-0.7660578698953415,21
2006,Car,Dodge,5,19.2,20.31151241534989,-1.111512415349889,22
2006,Car,Porsche,16,18.875,20.31151241534989,-1.4365124153498883,23
2006,Car,BMW,45,18.6,20.31151241534989,-1.7115124153498869,24
2006,Car,Infiniti,9,18.444444444444443,20.31151241534989,-1.8670679709054454,25
2006,Car,Jaguar,16,18.375,20.31151241534989,-1.9365124153498883,26
2006,Car,Mercedes-Benz,32,17.65625,20.31151241534989,-2.6552624153498883,27
2006,Car,Cadillac,15,17.066666666666666,20.31151241534989,-3.244845748683222,28
2006,Car,Aston Martin,5,12.4,20.31151241534989,-7.911512415349888,29
2006,SUV,Mazda,6,20.666666666666668,17.423220973782772,3.2434456928838955,1
2006,SUV,Subaru,16,20.375,17.423220973782772,2.9517790262172277,2
2006,SUV,Honda,9,20.333333333333332,17.423220973782772,2.91011235955056,3
2006,SUV,Chrysler,11,19.818181818181817,17.423220973782772,2.394960844399044,4
2006,SUV,Hyundai,11,19.636363636363637,17.423220973782772,2.2131426625808643,5
2006,SUV,Mitsubishi,7,19.142857142857142,17.423220973782772,1.71963616907437,6
2006,SUV,Kia,9,18.555555555555557,17.423220973782772,1.1323345817727848,7
2006,SUV,Toyota,15,18.533333333333335,17.423220973782772,1.1101123595505626,8
2006,SUV,Ford,14,18.0,17.423220973782772,0.5767790262172277,9
2006,SUV,Suzuki,8,17.875,17.423220973782772,0.45177902621722765,10
2006,SUV,Mercury,8,17.625,17.423220973782772,0.20177902621722765,11
2006,SUV,Buick,8,17.5,17.423220973782772,0.07677902621722765,12
2006,SUV,Lexus,6,17.333333333333332,17.423220973782772,-0.0898876404494402,13
2006,SUV,Dodge,13,17.076923076923077,17.423220973782772,-0.3462978968596957,14
2006,SUV,Chevrolet,22,16.90909090909091,17.423220973782772,-0.5141300646918623,15
2006,SUV,Nissan,10,16.6,17.423220973782772,-0.8232209737827709,16
2006,SUV,BMW,6,16.5,17.423220973782772,-0.9232209737827723,17
2006,SUV,Isuzu,6,15.666666666666666,17.423220973782772,-1.7565543071161063,18
2006,SUV,Infiniti,5,15.6,17.423220973782772,-1.8232209737827727,19
2006,SUV,Jeep,20,15.55,17.423220973782772,-1.8732209737827716,20
2006,SUV,GMC,15,15.2,17.423220973782772,-2.223220973782773,21
2006,SUV,Cadillac,8,14.625,17.423220973782772,-2.7982209737827723,22
2006,SUV,Land Rover,6,14.0,17.423220973782772,-3.4232209737827723,23
2006,SUV,Mercedes-Benz,6,14.0,17.423220973782772,-3.4232209737827723,23
2006,Sports/Two-Seater,Porsche,7,20.285714285714285,17.71641791044776,2.569296375266525,1
2006,Sports/Two-Seater,BMW,8,20.0,17.71641791044776,2.2835820895522403,2
2006,Sports/Two-Seater,Chrysler,6,19.0,17.71641791044776,1.2835820895522403,3
2006,Sports/Two-Seater,Mercedes-Benz,10,16.8,17.71641791044776,-0.916417910447759,4
2006,Sports/Two-Seater,Lamborghini,6,11.666666666666666,17.71641791044776,-6.049751243781094,5
2006,Truck/Pickup,Mazda,8,18.125,16.333333333333332,1.7916666666666679,1
2006,Truck/Pickup,Toyota,11,17.272727272727273,16.333333333333332,0.9393939393939412,2
2006,Truck/Pickup,GMC,29,16.896551724137932,16.333333333333332,0.5632183908046002,3
2006,Truck/Pickup,Chevrolet,30,16.866666666666667,16.333333333333332,0.533333333333335,4
2006,Truck/Pickup,Ford,16,16.8125,16.333333333333332,0.47916666666666785,5
2006,Truck/Pickup,Nissan,8,16.75,16.333333333333332,0.41666666666666785,6
2006,Truck/Pickup,Mitsubishi,8,15.5,16.333333333333332,-0.8333333333333321,7
2006,Truck/Pickup,Dodge,18,14.444444444444445,16.333333333333332,-1.8888888888888875,8
2006,Truck/Pickup,Roush Performance,7,12.0,16.333333333333332,-4.333333333333332,9
2006,Van/Minivan,Ford,8,15.875,16.607843137254903,-0.7328431372549034,1
2006,Van/Minivan,Chevrolet,12,15.416666666666666,16.607843137254903,-1.1911764705882373,2
2006,Van/Minivan,GMC,9,14.333333333333334,16.607843137254903,-2.2745098039215694,3
2006,Wagon,Suzuki,5,23.0,21.68,1.3200000000000003,1
2006,Wagon,Saab,10,21.1,21.68,-0.5799999999999983,2
2006,Wagon,Subaru,8,21.0,21.68,-0.6799999999999997,3
2006,Wagon,Volvo,15,20.733333333333334,21.68,-0.9466666666666654,4
2006,Wagon,Audi,10,20.5,21.68,-1.1799999999999997,5
2005,Car,Honda,11,27.545454545454547,20.62575452716298,6.919700018291568,1
2005,Car,Toyota,18,25.27777777777778,20.62575452716298,4.6520232506148,2
2005,Car,MINI,8,25.25,20.62575452716298,4.624245472837021,3
2005,Car,Suzuki,12,23.833333333333332,20.62575452716298,3.2075788061703534,4
2005,Car,Chevrolet,25,23.24,20.62575452716298,2.6142454728370197,5
2005,Car,Nissan,11,22.818181818181817,20.62575452716298,2.192427291018838,6
2005,Car,Dodge,9,22.77777777777778,20.62575452716298,2.1520232506148,7
2005,Car,Hyundai,16,22.75,20.62575452716298,2.1242454728370213,8
2005,Car,Kia,9,22.666666666666668,20.62575452716298,2.040912139503689,9
2005,Car,Acura,8,22.5,20.62575452716298,1.8742454728370213,10
2005,Car,Mazda,10,22.2,20.62575452716298,1.5742454728370205,11
2005,Car,Pontiac,18,22.166666666666668,20.62575452716298,1.540912139503689,12
2005,Car,Volkswagen,29,21.96551724137931,20.62575452716298,1.3397627142163309,13
2005,Car,Saab,8,21.375,20.62575452716298,0.7492454728370213,14
2005,Car,Mitsubishi,22,21.272727272727273,20.62575452716298,0.6469727455642946,15
2005,Car,Volvo,17,20.823529411764707,20.62575452716298,0.19777488460172776,16
2005,Car,Subaru,9,20.77777777777778,20.62575452716298,0.15202325061479982,17
2005,Car,Buick,6,20.666666666666668,20.62575452716298,0.040912139503689104,18
2005,Car,Ford,14,20.285714285714285,20.62575452716298,-0.34004024144869405,19
2005,Car,Chrysler,13,20.153846153846153,20.62575452716298,-0.47190837331682545,20
2005,Car,Audi,26,20.0,20.62575452716298,-0.6257545271629787,21
2005,Car,Mercury,6,19.833333333333332,20.62575452716298,-0.7924211938296466,22
2005,Car,BMW,42,19.142857142857142,20.62575452716298,-1.4828973843058364,23
2005,Car,Lincoln,5,19.0,20.62575452716298,-1.6257545271629787,24
2005,Car,Infiniti,5,18.8,20.62575452716298,-1.825754527162978,25
2005,Car,Jaguar,21,18.666666666666668,20.62575452716298,-1.959087860496311,26
2005,Car,Lexus,7,18.571428571428573,20.62575452716298,-2.054325955734406,27
2005,Car,Mercedes-Benz,30,18.0,20.62575452716298,-2.6257545271629787,28
2005,Car,Porsche,44,17.795454545454547,20.62575452716298,-2.830299981708432,29
2005,Car,Cadillac,13,17.46153846153846,20.62575452716298,-3.164216065624519,30
2005,Car,Aston Martin,5,12.4,20.62575452716298,-8.225754527162978,31
2005,SUV,Saturn,6,21.0,17.30534351145038,3.6946564885496187,1
2005,SUV,Honda,8,20.625,17.30534351145038,3.3196564885496187,2
2005,SUV,Subaru,14,20.285714285714285,17.30534351145038,2.9803707742639034,3
2005,SUV,Mazda,6,20.0,17.30534351145038,2.6946564885496187,4
2005,SUV,Chrysler,11,19.818181818181817,17.30534351145038,2.5128383067314353,5
2005,SUV,Hyundai,11,19.636363636363637,17.30534351145038,2.3310201249132554,6
2005,SUV,Mitsubishi,7,19.142857142857142,17.30534351145038,1.837513631406761,7
2005,SUV,Toyota,15,18.666666666666668,17.30534351145038,1.3613231552162866,8
2005,SUV,Kia,9,18.555555555555557,17.30534351145038,1.2502120441051758,9
2005,SUV,Ford,14,17.642857142857142,17.30534351145038,0.33751363140676105,10
2005,SUV,Suzuki,8,17.625,17.30534351145038,0.3196564885496187,11
2005,SUV,Lexus,6,17.333333333333332,17.30534351145038,0.02798982188295085,12
2005,SUV,Buick,8,17.125,17.30534351145038,-0.1803435114503813,13
2005,SUV,Volvo,5,17.0,17.30534351145038,-0.3053435114503813,14
2005,SUV,Mercury,9,16.77777777777778,17.30534351145038,-0.5275657336726027,15
2005,SUV,BMW,8,16.75,17.30534351145038,-0.5553435114503813,16
2005,SUV,Dodge,10,16.7,17.30534351145038,-0.605343511450382,17
2005,SUV,Nissan,10,16.7,17.30534351145038,-0.605343511450382,17
2005,SUV,Jeep,15,16.4,17.30534351145038,-0.9053435114503827,18
2005,SUV,Chevrolet,18,15.777777777777779,17.30534351145038,-1.5275657336726027,19
2005,SUV,Infiniti,5,15.6,17.30534351145038,-1.7053435114503817,20
2005,SUV,Isuzu,6,15.5,17.30534351145038,-1.8053435114503813,21
2005,SUV,GMC,19,15.0,17.30534351145038,-2.3053435114503813,22
2005,SUV,Cadillac,9,14.777777777777779,17.30534351145038,-2.5275657336726027,23
2005,Sports/Two-Seater,BMW,5,20.8,17.333333333333332,3.4666666666666686,1
2005,Sports/Two-Seater,Nissan,5,19.6,17.333333333333332,2.2666666666666693,2
2005,Sports/Two-Seater,Chrysler,6,19.0,17.333333333333332,1.6666666666666679,3
2005,Sports/Two-Seater,Porsche,8,17.875,17.333333333333332,0.5416666666666679,4
2005,Sports/Two-Seater,Mercedes-Benz,8,15.625,17.333333333333332,-1.7083333333333321,5
2005,Sports/Two-Seater,Ferrari,6,11.333333333333334,17.333333333333332,-5.999999999999998,6
2005,Truck/Pickup,Mazda,8,18.25,16.52991452991453,1.7200854700854684,1
2005,Truck/Pickup,Toyota,11,17.272727272727273,16.52991452991453,0.7428127428127418,2
2005,Truck/Pickup,GMC,27,16.88888888888889,16.52991452991453,0.3589743589743577,3
2005,Truck/Pickup,Nissan,8,16.75,16.52991452991453,0.22008547008546842,4
2005,Truck/Pickup,Ford,16,16.6875,16.52991452991453,0.15758547008546842,5
2005,Truck/Pickup,Chevrolet,29,16.655172413793103,16.52991452991453,0.12525788387857162,6
2005,Truck/Pickup,Dodge,18,14.333333333333334,16.52991452991453,-2.1965811965811977,7
2005,Van/Minivan,Ford,9,16.0,16.333333333333332,-0.33333333333333215,1
2005,Van/Minivan,Chevrolet,18,15.333333333333334,16.333333333333332,-0.9999999999999982,2
2005,Van/Minivan,GMC,15,14.8,16.333333333333332,-1.5333333333333314,3
2005,Wagon,Suzuki,5,22.6,21.488095238095237,1.1119047619047642,1
2005,Wagon,Volkswagen,11,21.818181818181817,21.488095238095237,0.3300865800865793,2
2005,Wagon,Subaru,8,21.125,21.488095238095237,-0.36309523809523725,3
2005,Wagon,Saab,6,20.833333333333332,21.488095238095237,-0.6547619047619051,4
2005,Wagon,Volvo,14,20.714285714285715,21.488095238095237,-0.773809523809522,5
2005,Wagon,Audi,9,19.666666666666668,21.488095238095237,-1.8214285714285694,6
2005,Wagon,Mercedes-Benz,5,17.8,21.488095238095237,-3.6880952380952365,7
2004,Car,Honda,11,27.545454545454547,20.838983050847457,6.70647149460709,1
2004,Car,Toyota,17,25.176470588235293,20.838983050847457,4.337487537387837,2
2004,Car,Saturn,6,23.833333333333332,20.838983050847457,2.9943502824858754,3
2004,Car,Suzuki,8,23.5,20.838983050847457,2.6610169491525433,4
2004,Car,Daewoo,5,23.4,20.838983050847457,2.561016949152542,5
2004,Car,Kia,13,23.153846153846153,20.838983050847457,2.3148631029986966,6
2004,Car,Hyundai,17,22.941176470588236,20.838983050847457,2.102193419740779,7
2004,Car,Chevrolet,18,22.77777777777778,20.838983050847457,1.9387947269303218,8
2004,Car,Nissan,11,22.636363636363637,20.838983050847457,1.79738058551618,9
2004,Car,Mazda,11,22.545454545454547,20.838983050847457,1.70647149460709,10
2004,Car,Acura,8,22.5,20.838983050847457,1.6610169491525433,11
2004,Car,Dodge,13,22.0,20.838983050847457,1.1610169491525433,12
2004,Car,Volkswagen,32,21.71875,20.838983050847457,0.8797669491525433,13
2004,Car,Pontiac,13,21.53846153846154,20.838983050847457,0.6994784876140834,14
2004,Car,Saab,12,21.333333333333332,20.838983050847457,0.4943502824858754,15
2004,Car,Mitsubishi,22,21.318181818181817,20.838983050847457,0.47919876733435984,16
2004,Car,Chrysler,11,21.181818181818183,20.838983050847457,0.3428351309707267,17
2004,Car,Ford,20,20.75,20.838983050847457,-0.08898305084745672,18
2004,Car,Buick,6,20.666666666666668,20.838983050847457,-0.17231638418078887,19
2004,Car,Volvo,18,20.61111111111111,20.838983050847457,-0.227871939736346,20
2004,Car,Subaru,9,20.22222222222222,20.838983050847457,-0.6167608286252353,21
2004,Car,Audi,23,19.869565217391305,20.838983050847457,-0.9694178334561521,22
2004,Car,BMW,45,19.31111111111111,20.838983050847457,-1.5278719397363467,23
2004,Car,Infiniti,8,19.0,20.838983050847457,-1.8389830508474567,24
2004,Car,Lincoln,5,19.0,20.838983050847457,-1.8389830508474567,24
2004,Car,Lexus,7,18.571428571428573,20.838983050847457,-2.2675544794188838,25
2004,Car,Jaguar,13,18.46153846153846,20.838983050847457,-2.377444589308997,26
2004,Car,Mercedes-Benz,31,18.032258064516128,20.838983050847457,-2.8067249863313286,27
2004,Car,Cadillac,11,17.818181818181817,20.838983050847457,-3.02080123266564,28
2004,Car,Porsche,26,17.53846153846154,20.838983050847457,-3.3005215123859166,29
2004,SUV,Saturn,5,21.0,16.763485477178424,4.236514522821576,1
2004,SUV,Honda,8,20.375,16.763485477178424,3.611514522821576,2
2004,SUV,Subaru,8,19.625,16.763485477178424,2.861514522821576,3
2004,SUV,Chrysler,6,19.5,16.763485477178424,2.736514522821576,4
2004,SUV,Hyundai,6,18.666666666666668,16.763485477178424,1.9031811894882438,5
2004,SUV,Toyota,15,18.4,16.763485477178424,1.6365145228215745,6
2004,SUV,Suzuki,12,17.75,16.763485477178424,0.9865145228215759,7
2004,SUV,Lexus,6,17.666666666666668,16.763485477178424,0.9031811894882438,8
2004,SUV,Mitsubishi,8,17.5,16.763485477178424,0.7365145228215759,9
2004,SUV,Buick,7,17.142857142857142,16.763485477178424,0.3793716656787183,10
2004,SUV,BMW,8,16.75,16.763485477178424,-0.013485477178424077,11
2004,SUV,Jeep,14,16.714285714285715,16.763485477178424,-0.049199762892708776,12
2004,SUV,Isuzu,14,16.571428571428573,16.763485477178424,-0.19205690574985113,13
2004,SUV,Nissan,13,16.46153846153846,16.763485477178424,-0.3019470156399642,14
2004,SUV,Ford,11,16.09090909090909,16.763485477178424,-0.6725763862693341,15
2004,SUV,Chevrolet,25,15.6,16.763485477178424,-1.1634854771784244,16
2004,SUV,Infiniti,5,15.4,16.763485477178424,-1.3634854771784237,17
2004,SUV,Cadillac,8,14.75,16.763485477178424,-2.013485477178424,18
2004,SUV,GMC,18,14.722222222222221,16.763485477178424,-2.0412632549562026,19
2004,SUV,Dodge,5,14.2,16.763485477178424,-2.563485477178425,20
2004,Sports/Two-Seater,BMW,6,20.833333333333332,17.68421052631579,3.149122807017541,1
2004,Sports/Two-Seater,Mercedes-Benz,8,18.125,17.68421052631579,0.44078947368420884,2
2004,Sports/Two-Seater,Porsche,7,17.142857142857142,17.68421052631579,-0.5413533834586488,3
2004,Sports/Two-Seater,Ferrari,5,11.2,17.68421052631579,-6.484210526315792,4
2004,Truck/Pickup,Mazda,8,18.0,16.446153846153845,1.5538461538461554,1
2004,Truck/Pickup,Toyota,15,16.933333333333334,16.446153846153845,0.487179487179489,2
2004,Truck/Pickup,Chevrolet,28,16.821428571428573,16.446153846153845,0.3752747252747284,3
2004,Truck/Pickup,GMC,27,16.77777777777778,16.446153846153845,0.331623931623934,4
2004,Truck/Pickup,Nissan,12,16.333333333333332,16.446153846153845,-0.11282051282051242,5
2004,Truck/Pickup,Ford,23,16.08695652173913,16.446153846153845,-0.3591973244147155,6
2004,Truck/Pickup,Dodge,17,14.705882352941176,16.446153846153845,-1.7402714932126688,7
2004,Van/Minivan,Ford,8,15.625,16.266666666666666,-0.6416666666666657,1
2004,Van/Minivan,Chevrolet,17,15.294117647058824,16.266666666666666,-0.9725490196078415,2
2004,Van/Minivan,GMC,15,14.8,16.266666666666666,-1.466666666666665,3
2004,Wagon,Ford,7,23.285714285714285,21.40963855421687,1.8760757314974157,1
2004,Wagon,Volkswagen,13,21.23076923076923,21.40963855421687,-0.17886932344763906,2
2004,Wagon,Saab,6,20.666666666666668,21.40963855421687,-0.7429718875502012,3
2004,Wagon,BMW,5,20.6,21.40963855421687,-0.8096385542168676,4
2004,Wagon,Volvo,9,20.444444444444443,21.40963855421687,-0.9651941097724261,5
2004,Wagon,Subaru,8,20.375,21.40963855421687,-1.034638554216869,6
2004,Wagon,Audi,7,19.142857142857142,21.40963855421687,-2.2667814113597267,7
2004,Wagon,Mercedes-Benz,8,18.375,21.40963855421687,-3.034638554216869,8
2003,Car,Honda,11,27.545454545454547,20.680555555555557,6.86489898989899,1
2003,Car,Toyota,18,24.72222222222222,20.680555555555557,4.041666666666664,2
2003,Car,Saturn,6,23.666666666666668,20.680555555555557,2.9861111111111107,3
2003,Car,Hyundai,19,23.0,20.680555555555557,2.319444444444443,4
2003,Car,Kia,8,23.0,20.680555555555557,2.319444444444443,4
2003,Car,Nissan,11,22.727272727272727,20.680555555555557,2.0467171717171695,5
2003,Car,Mazda,8,22.625,20.680555555555557,1.9444444444444429,6
2003,Car,Volkswagen,28,22.25,20.680555555555557,1.5694444444444429,7
2003,Car,Acura,7,22.142857142857142,20.680555555555557,1.4623015873015852,8
2003,Car,Pontiac,10,22.1,20.680555555555557,1.4194444444444443,9
2003,Car,Chevrolet,8,21.875,20.680555555555557,1.1944444444444429,10
2003,Car,Dodge,17,21.823529411764707,20.680555555555557,1.1429738562091494,11
2003,Car,Mitsubishi,23,21.695652173913043,20.680555555555557,1.0150966183574859,12
2003,Car,Saab,11,21.636363636363637,20.680555555555557,0.9558080808080796,13
2003,Car,Ford,20,21.3,20.680555555555557,0.6194444444444436,14
2003,Car,Chrysler,17,21.176470588235293,20.680555555555557,0.49591503267973636,15
2003,Car,Volvo,12,20.666666666666668,20.680555555555557,-0.013888888888889284,16
2003,Car,Subaru,8,20.5,20.680555555555557,-0.18055555555555713,17
2003,Car,Buick,6,20.166666666666668,20.680555555555557,-0.5138888888888893,18
2003,Car,Audi,20,19.8,20.680555555555557,-0.8805555555555564,19
2003,Car,BMW,33,19.363636363636363,20.680555555555557,-1.3169191919191938,20
2003,Car,Infiniti,6,19.0,20.680555555555557,-1.6805555555555571,21
2003,Car,Lincoln,5,19.0,20.680555555555557,-1.6805555555555571,21
2003,Car,Lexus,7,18.714285714285715,20.680555555555557,-1.9662698412698418,22
2003,Car,Jaguar,17,18.11764705882353,20.680555555555557,-2.562908496732028,23
2003,Car,Mercedes-Benz,30,18.066666666666666,20.680555555555557,-2.6138888888888907,24
2003,Car,Porsche,24,18.0,20.680555555555557,-2.680555555555557,25
2003,Car,Cadillac,6,17.5,20.680555555555557,-3.180555555555557,26
2003,Car,Aston Martin,7,12.0,20.680555555555557,-8.680555555555557,27
2003,Car,Bentley,5,11.6,20.680555555555557,-9.080555555555557,28
2003,SUV,Saturn,5,20.8,16.935897435897434,3.8641025641025664,1
2003,SUV,Honda,8,20.375,16.935897435897434,3.4391025641025657,2
2003,SUV,Suzuki,16,19.1875,16.935897435897434,2.2516025641025657,3
2003,SUV,Hyundai,6,18.666666666666668,16.935897435897434,1.7307692307692335,4
2003,SUV,Toyota,15,18.333333333333332,16.935897435897434,1.3974358974358978,5
2003,SUV,Mitsubishi,9,17.333333333333332,16.935897435897434,0.3974358974358978,6
2003,SUV,Jeep,14,16.857142857142858,16.935897435897434,-0.0787545787545767,7
2003,SUV,Chevrolet,36,16.75,16.935897435897434,-0.18589743589743435,8
2003,SUV,Isuzu,15,16.733333333333334,16.935897435897434,-0.20256410256410007,9
2003,SUV,Nissan,15,16.466666666666665,16.935897435897434,-0.46923076923076934,10
2003,SUV,Ford,14,16.357142857142858,16.935897435897434,-0.5787545787545767,11
2003,SUV,Infiniti,5,16.0,16.935897435897434,-0.9358974358974343,12
2003,SUV,GMC,20,14.4,16.935897435897434,-2.535897435897434,13
2003,SUV,Mercedes-Benz,6,13.833333333333334,16.935897435897434,-3.1025641025641004,14
2003,Sports/Two-Seater,BMW,7,20.0,17.294117647058822,2.7058823529411775,1
2003,Sports/Two-Seater,Porsche,5,18.6,17.294117647058822,1.305882352941179,2
2003,Sports/Two-Seater,Mercedes-Benz,7,18.142857142857142,17.294117647058822,0.8487394957983199,3
2003,Sports/Two-Seater,Ferrari,6,10.666666666666666,17.294117647058822,-6.627450980392156,4
2003,Truck/Pickup,Mazda,10,17.6,15.957627118644067,1.642372881355934,1
2003,Truck/Pickup,Toyota,15,17.0,15.957627118644067,1.0423728813559325,2
2003,Truck/Pickup,Nissan,10,16.5,15.957627118644067,0.5423728813559325,3
2003,Truck/Pickup,Ford,27,16.11111111111111,15.957627118644067,0.15348399246704325,4
2003,Truck/Pickup,GMC,17,15.647058823529411,15.957627118644067,-0.3105682951146562,5
2003,Truck/Pickup,Chevrolet,18,15.61111111111111,15.957627118644067,-0.34651600753295675,6
2003,Truck/Pickup,Dodge,20,14.6,15.957627118644067,-1.3576271186440678,7
2003,Van/Minivan,Dodge,9,15.444444444444445,15.6,-0.155555555555555,1
2003,Van/Minivan,Chevrolet,17,15.058823529411764,15.6,-0.5411764705882351,2
2003,Van/Minivan,Ford,11,14.818181818181818,15.6,-0.7818181818181813,3
2003,Van/Minivan,GMC,15,14.6,15.6,-1.0,4
2003,Wagon,Pontiac,5,25.8,21.341463414634145,4.458536585365856,1
2003,Wagon,Toyota,5,25.8,21.341463414634145,4.458536585365856,1
2003,Wagon,Ford,8,23.375,21.341463414634145,2.033536585365855,2
2003,Wagon,Volkswagen,11,21.0,21.341463414634145,-0.34146341463414487,3
2003,Wagon,Volvo,7,20.714285714285715,21.341463414634145,-0.6271777003484296,4
2003,Wagon,Saab,5,20.6,21.341463414634145,-0.7414634146341434,5
2003,Wagon,Subaru,8,20.5,21.341463414634145,-0.8414634146341449,6
2003,Wagon,BMW,7,19.714285714285715,21.341463414634145,-1.6271777003484296,7
2003,Wagon,Mercedes-Benz,8,19.125,21.341463414634145,-2.216463414634145,8
2003,Wagon,Audi,6,18.833333333333332,21.341463414634145,-2.5081300813008127,9
2002,Car,Honda,12,27.25,21.210401891252957,6.039598108747043,1
2002,Car,Saturn,11,26.09090909090909,21.210401891252957,4.880507199656133,2
2002,Car,Suzuki,5,26.0,21.210401891252957,4.789598108747043,3
2002,Car,Toyota,19,24.842105263157894,21.210401891252957,3.631703371904937,4
2002,Car,Daewoo,8,23.125,21.210401891252957,1.9145981087470432,5
2002,Car,Hyundai,15,22.933333333333334,21.210401891252957,1.7229314420803767,6
2002,Car,Chevrolet,19,22.894736842105264,21.210401891252957,1.684334950852307,7
2002,Car,Mitsubishi,21,22.61904761904762,21.210401891252957,1.4086457277946636,8
2002,Car,Nissan,11,22.454545454545453,21.210401891252957,1.2441435632924964,9
2002,Car,Acura,6,22.333333333333332,21.210401891252957,1.1229314420803753,10
2002,Car,Mazda,9,22.22222222222222,21.210401891252957,1.0118203309692646,11
2002,Car,Volkswagen,28,22.214285714285715,21.210401891252957,1.0038838230327585,12
2002,Car,Ford,16,22.0625,21.210401891252957,0.8520981087470432,13
2002,Car,Pontiac,18,21.77777777777778,21.210401891252957,0.5673758865248217,14
2002,Car,Kia,8,21.75,21.210401891252957,0.5395981087470432,15
2002,Car,Oldsmobile,6,21.5,21.210401891252957,0.28959810874704317,16
2002,Car,Saab,11,21.363636363636363,21.210401891252957,0.15323447238340648,17
2002,Car,Dodge,18,21.11111111111111,21.210401891252957,-0.09929078014184611,18
2002,Car,Mercury,6,20.833333333333332,21.210401891252957,-0.3770685579196247,19
2002,Car,Subaru,7,20.714285714285715,21.210401891252957,-0.49611617696724153,20
2002,Car,Chrysler,18,20.555555555555557,21.210401891252957,-0.6548463356973997,21
2002,Car,Volvo,14,20.5,21.210401891252957,-0.7104018912529568,22
2002,Car,Buick,6,20.166666666666668,21.210401891252957,-1.043735224586289,23
2002,Car,BMW,28,19.214285714285715,21.210401891252957,-1.9961161769672415,24
2002,Car,Audi,20,19.15,21.210401891252957,-2.0604018912529583,25
2002,Car,Lexus,7,18.857142857142858,21.210401891252957,-2.353259034110099,26
2002,Car,Mercedes-Benz,24,18.291666666666668,21.210401891252957,-2.918735224586289,27
2002,Car,Porsche,12,18.0,21.210401891252957,-3.210401891252957,28
2002,Car,Jaguar,15,17.933333333333334,21.210401891252957,-3.2770685579196233,29
2002,Car,Lincoln,7,17.857142857142858,21.210401891252957,-3.353259034110099,30
2002,SUV,Suzuki,16,19.1875,16.804761904761904,2.3827380952380963,1
2002,SUV,Honda,7,18.857142857142858,16.804761904761904,2.052380952380954,2
2002,SUV,Toyota,13,18.53846153846154,16.804761904761904,1.7336996336996364,3
2002,SUV,Chevrolet,29,17.310344827586206,16.804761904761904,0.5055829228243027,4
2002,SUV,Mitsubishi,10,16.9,16.804761904761904,0.0952380952380949,5
2002,SUV,Isuzu,16,16.5,16.804761904761904,-0.3047619047619037,6
2002,SUV,Ford,18,16.27777777777778,16.804761904761904,-0.5269841269841251,7
2002,SUV,Nissan,14,15.785714285714286,16.804761904761904,-1.0190476190476172,8
2002,SUV,Jeep,12,15.666666666666666,16.804761904761904,-1.1380952380952376,9
2002,SUV,GMC,16,14.5,16.804761904761904,-2.3047619047619037,10
2002,SUV,Dodge,6,13.666666666666666,16.804761904761904,-3.1380952380952376,11
2002,Sports/Two-Seater,BMW,7,19.428571428571427,17.369565217391305,2.0590062111801224,1
2002,Sports/Two-Seater,Mercedes-Benz,7,18.714285714285715,17.369565217391305,1.3447204968944106,2
2002,Sports/Two-Seater,Porsche,5,18.0,17.369565217391305,0.6304347826086953,3
2002,Truck/Pickup,Mazda,10,17.5,15.547008547008547,1.9529914529914532,1
2002,Truck/Pickup,Toyota,15,16.866666666666667,15.547008547008547,1.3196581196581203,2
2002,Truck/Pickup,Nissan,10,16.3,15.547008547008547,0.7529914529914539,3
2002,Truck/Pickup,Ford,27,15.777777777777779,15.547008547008547,0.23076923076923173,4
2002,Truck/Pickup,GMC,17,14.823529411764707,15.547008547008547,-0.7234791352438403,5
2002,Truck/Pickup,Chevrolet,18,14.555555555555555,15.547008547008547,-0.9914529914529915,6
2002,Truck/Pickup,Dodge,19,14.473684210526315,15.547008547008547,-1.0733243364822318,7
2002,Van/Minivan,Chevrolet,12,15.666666666666666,15.951612903225806,-0.28494623655914,1
2002,Van/Minivan,Dodge,14,15.285714285714286,15.951612903225806,-0.6658986175115196,2
2002,Van/Minivan,GMC,10,15.0,15.951612903225806,-0.951612903225806,3
2002,Van/Minivan,Ford,10,14.9,15.951612903225806,-1.0516129032258057,4
2002,Wagon,Suzuki,5,25.4,20.942028985507246,4.4579710144927525,1
2002,Wagon,Ford,6,23.666666666666668,20.942028985507246,2.7246376811594217,2
2002,Wagon,Volkswagen,12,21.166666666666668,20.942028985507246,0.22463768115942173,3
2002,Wagon,Volvo,7,20.857142857142858,20.942028985507246,-0.08488612836438847,4
2002,Wagon,Subaru,7,20.714285714285715,20.942028985507246,-0.22774327122153082,5
2002,Wagon,Saab,5,20.6,20.942028985507246,-0.3420289855072447,6
2002,Wagon,BMW,7,19.142857142857142,20.942028985507246,-1.7991718426501038,7
2002,Wagon,Audi,8,18.25,20.942028985507246,-2.692028985507246,8
2001,Car,Suzuki,6,28.333333333333332,21.210526315789473,7.12280701754386,1
2001,Car,Honda,13,26.46153846153846,21.210526315789473,5.251012145748987,2
2001,Car,Saturn,11,26.0,21.210526315789473,4.789473684210527,3
2001,Car,Toyota,20,24.45,21.210526315789473,3.2394736842105267,4
2001,Car,Hyundai,13,23.46153846153846,21.210526315789473,2.2510121457489873,5
2001,Car,Daewoo,8,23.125,21.210526315789473,1.9144736842105274,6
2001,Car,Nissan,8,23.125,21.210526315789473,1.9144736842105274,6
2001,Car,Chevrolet,20,23.0,21.210526315789473,1.7894736842105274,7
2001,Car,Mazda,10,23.0,21.210526315789473,1.7894736842105274,7
2001,Car,Kia,8,22.375,21.210526315789473,1.1644736842105274,8
2001,Car,Mitsubishi,16,22.3125,21.210526315789473,1.1019736842105274,9
2001,Car,Volkswagen,24,22.083333333333332,21.210526315789473,0.8728070175438596,10
2001,Car,Ford,16,21.6875,21.210526315789473,0.47697368421052744,11
2001,Car,Subaru,6,21.666666666666668,21.210526315789473,0.4561403508771953,12
2001,Car,Acura,6,21.5,21.210526315789473,0.28947368421052744,13
2001,Car,Pontiac,17,21.41176470588235,21.210526315789473,0.20123839009287892,14
2001,Car,Saab,15,21.2,21.210526315789473,-0.010526315789473273,15
2001,Car,Dodge,14,21.142857142857142,21.210526315789473,-0.06766917293233021,16
2001,Car,Oldsmobile,6,20.833333333333332,21.210526315789473,-0.3771929824561404,17
2001,Car,Volvo,15,20.666666666666668,21.210526315789473,-0.5438596491228047,18
2001,Car,Mercury,6,20.5,21.210526315789473,-0.7105263157894726,19
2001,Car,Chrysler,14,20.428571428571427,21.210526315789473,-0.7819548872180455,20
2001,Car,Buick,6,20.333333333333332,21.210526315789473,-0.8771929824561404,21
2001,Car,Audi,20,19.2,21.210526315789473,-2.0105263157894733,22
2001,Car,BMW,30,18.833333333333332,21.210526315789473,-2.3771929824561404,23
2001,Car,Lexus,5,18.6,21.210526315789473,-2.610526315789471,24
2001,Car,Mercedes-Benz,20,18.4,21.210526315789473,-2.810526315789474,25
2001,Car,Lincoln,7,18.0,21.210526315789473,-3.2105263157894726,26
2001,Car,Jaguar,11,17.454545454545453,21.210526315789473,-3.7559808612440193,27
2001,Car,Porsche,6,17.0,21.210526315789473,-4.210526315789473,28
2001,Car,Bentley,5,12.0,21.210526315789473,-9.210526315789473,29
2001,SUV,Suzuki,20,19.85,17.073298429319372,2.776701570680629,1
2001,SUV,Toyota,13,18.615384615384617,17.073298429319372,1.5420861860652444,2
2001,SUV,Honda,7,18.571428571428573,17.073298429319372,1.4981301421092006,3
2001,SUV,Kia,8,18.0,17.073298429319372,0.9267015706806276,4
2001,SUV,Chevrolet,23,17.82608695652174,17.073298429319372,0.752788527202366,5
2001,SUV,Mitsubishi,10,17.0,17.073298429319372,-0.07329842931937236,6
2001,SUV,Ford,18,16.5,17.073298429319372,-0.5732984293193724,7
2001,SUV,Isuzu,15,16.333333333333332,17.073298429319372,-0.7399650959860402,8
2001,SUV,Nissan,10,16.0,17.073298429319372,-1.0732984293193724,9
2001,SUV,Jeep,12,15.833333333333334,17.073298429319372,-1.2399650959860384,10
2001,SUV,BMW,5,15.6,17.073298429319372,-1.4732984293193727,11
2001,SUV,GMC,12,14.083333333333334,17.073298429319372,-2.9899650959860384,12
2001,Sports/Two-Seater,Mercedes-Benz,6,19.166666666666668,18.263157894736842,0.9035087719298254,1
2001,Sports/Two-Seater,BMW,9,19.11111111111111,18.263157894736842,0.8479532163742682,2
2001,Truck/Pickup,Mazda,12,17.833333333333332,15.870689655172415,1.9626436781609176,1
2001,Truck/Pickup,Toyota,15,16.933333333333334,15.870689655172415,1.062643678160919,2
2001,Truck/Pickup,Nissan,10,16.3,15.870689655172415,0.4293103448275861,3
2001,Truck/Pickup,Ford,29,16.06896551724138,15.870689655172415,0.1982758620689662,4
2001,Truck/Pickup,Chevrolet,14,15.214285714285714,15.870689655172415,-0.6564039408867011,5
2001,Truck/Pickup,GMC,15,14.933333333333334,15.870689655172415,-0.937356321839081,6
2001,Truck/Pickup,Dodge,19,14.526315789473685,15.870689655172415,-1.3443738656987296,7
2001,Van/Minivan,Chevrolet,11,15.363636363636363,15.75,-0.3863636363636367,1
2001,Van/Minivan,Dodge,16,15.1875,15.75,-0.5625,2
2001,Van/Minivan,Ford,10,15.1,15.75,-0.6500000000000004,3
2001,Van/Minivan,GMC,10,14.9,15.75,-0.8499999999999996,4
2001,Wagon,Saturn,6,24.5,21.015873015873016,3.484126984126984,1
2001,Wagon,Ford,6,23.333333333333332,21.015873015873016,2.3174603174603163,2
2001,Wagon,Subaru,5,21.4,21.015873015873016,0.38412698412698276,3
2001,Wagon,Volkswagen,9,20.77777777777778,21.015873015873016,-0.23809523809523725,4
2001,Wagon,Volvo,8,20.625,21.015873015873016,-0.3908730158730158,5
2001,Wagon,Saab,5,19.8,21.015873015873016,-1.215873015873015,6
2001,Wagon,BMW,7,19.285714285714285,21.015873015873016,-1.7301587301587311,7
2001,Wagon,Audi,7,19.0,21.015873015873016,-2.015873015873016,8
2000,Car,Suzuki,6,28.333333333333332,21.258485639686683,7.07484769364665,1
2000,Car,Saturn,11,25.90909090909091,21.258485639686683,4.6506052694042275,2
2000,Car,Honda,14,25.5,21.258485639686683,4.241514360313317,3
2000,Car,Toyota,20,24.25,21.258485639686683,2.9915143603133174,4
2000,Car,Plymouth,5,24.0,21.258485639686683,2.7415143603133174,5
2000,Car,Chevrolet,23,23.73913043478261,21.258485639686683,2.4806447950959267,6
2000,Car,Daewoo,8,23.5,21.258485639686683,2.2415143603133174,7
2000,Car,Nissan,8,23.125,21.258485639686683,1.8665143603133174,8
2000,Car,Hyundai,10,23.0,21.258485639686683,1.7415143603133174,9
2000,Car,Mitsubishi,12,23.0,21.258485639686683,1.7415143603133174,9
2000,Car,Mazda,10,22.9,21.258485639686683,1.641514360313316,10
2000,Car,Volkswagen,26,22.192307692307693,21.258485639686683,0.9338220526210108,11
2000,Car,Acura,5,21.8,21.258485639686683,0.5415143603133181,12
2000,Car,Ford,22,21.727272727272727,21.258485639686683,0.46878708758604404,13
2000,Car,Mercury,10,21.5,21.258485639686683,0.2415143603133174,14
2000,Car,Pontiac,17,21.235294117647058,21.258485639686683,-0.0231915220396246,15
2000,Car,Dodge,11,21.181818181818183,21.258485639686683,-0.07666745786849916,16
2000,Car,Saab,15,20.6,21.258485639686683,-0.6584856396866812,17
2000,Car,Buick,6,20.0,21.258485639686683,-1.2584856396866826,18
2000,Car,Volvo,15,20.0,21.258485639686683,-1.2584856396866826,18
2000,Car,Chrysler,10,19.7,21.258485639686683,-1.5584856396866833,19
2000,Car,Audi,20,19.4,21.258485639686683,-1.858485639686684,20
2000,Car,Mercedes-Benz,15,19.066666666666666,21.258485639686683,-2.191818973020016,21
2000,Car,Lexus,6,19.0,21.258485639686683,-2.2584856396866826,22
2000,Car,BMW,24,18.583333333333332,21.258485639686683,-2.6751523063533504,23
2000,Car,Lincoln,7,17.714285714285715,21.258485639686683,-3.5441999254009673,24
2000,Car,Jaguar,11,17.454545454545453,21.258485639686683,-3.8039401851412293,25
2000,Car,Bentley,6,12.0,21.258485639686683,-9.258485639686683,26
2000,SUV,Suzuki,16,20.6875,16.97530864197531,3.7121913580246897,1
2000,SUV,Toyota,16,19.4375,16.97530864197531,2.4621913580246897,2
2000,SUV,Honda,7,18.142857142857142,16.97530864197531,1.167548500881832,3
2000,SUV,Chevrolet,23,17.782608695652176,16.97530864197531,0.8073000536768653,4
2000,SUV,Mitsubishi,11,16.818181818181817,16.97530864197531,-0.15712682379349374,5
2000,SUV,Jeep,15,16.666666666666668,16.97530864197531,-0.30864197530864246,6
2000,SUV,Isuzu,13,16.153846153846153,16.97530864197531,-0.821462488129157,7
2000,SUV,Nissan,9,15.777777777777779,16.97530864197531,-1.1975308641975317,8
2000,SUV,Ford,12,15.166666666666666,16.97530864197531,-1.8086419753086442,9
2000,SUV,GMC,12,14.75,16.97530864197531,-2.2253086419753103,10
2000,SUV,Dodge,5,13.6,16.97530864197531,-3.3753086419753107,11
2000,Sports/Two-Seater,BMW,8,18.625,18.0,0.625,1
2000,Truck/Pickup,Isuzu,7,19.0,16.45045045045045,2.5495495495495497,1
2000,Truck/Pickup,Mazda,6,17.833333333333332,16.45045045045045,1.3828828828828819,2
2000,Truck/Pickup,Toyota,15,16.866666666666667,16.45045045045045,0.41621621621621685,3
2000,Truck/Pickup,Nissan,7,16.857142857142858,16.45045045045045,0.40669240669240736,4
2000,Truck/Pickup,GMC,20,16.75,16.45045045045045,0.2995495495495497,5
2000,Truck/Pickup,Chevrolet,20,16.7,16.45045045045045,0.249549549549549,6
2000,Truck/Pickup,Ford,17,15.882352941176471,16.45045045045045,-0.5680975092739793,7
2000,Truck/Pickup,Dodge,19,14.526315789473685,16.45045045045045,-1.9241346609767653,8
2000,Van/Minivan,Dodge,16,15.5625,15.954545454545455,-0.39204545454545503,1
2000,Van/Minivan,Chevrolet,11,15.363636363636363,15.954545454545455,-0.5909090909090917,2
2000,Van/Minivan,Ford,13,15.153846153846153,15.954545454545455,-0.8006993006993017,3
2000,Van/Minivan,GMC,10,15.0,15.954545454545455,-0.954545454545455,4
2000,Wagon,Saturn,5,24.6,21.10909090909091,3.490909090909092,1
2000,Wagon,Volkswagen,5,20.6,21.10909090909091,-0.5090909090909079,2
2000,Wagon,Volvo,8,20.25,21.10909090909091,-0.8590909090909093,3
2000,Wagon,Saab,5,19.8,21.10909090909091,-1.3090909090909086,4
2000,Wagon,Audi,6,19.333333333333332,21.10909090909091,-1.7757575757575772,5
2000,Wagon,BMW,6,18.833333333333332,21.10909090909091,-2.275757575757577,6
1999,Car,Suzuki,6,28.333333333333332,21.445569620253163,6.887763713080169,1
1999,Car,Saturn,8,27.25,21.445569620253163,5.804430379746837,2
1999,Car,Honda,14,25.5,21.445569620253163,4.054430379746837,3
1999,Car,Toyota,23,24.869565217391305,21.445569620253163,3.4239955971381413,4
1999,Car,Plymouth,5,24.8,21.445569620253163,3.3544303797468373,5
1999,Car,Chevrolet,20,24.2,21.445569620253163,2.754430379746836,6
1999,Car,Nissan,8,23.875,21.445569620253163,2.4294303797468366,7
1999,Car,Daewoo,8,23.5,21.445569620253163,2.0544303797468366,8
1999,Car,Hyundai,10,23.0,21.445569620253163,1.5544303797468366,9
1999,Car,Mazda,10,23.0,21.445569620253163,1.5544303797468366,9
1999,Car,Dodge,11,22.454545454545453,21.445569620253163,1.0089758342922899,10
1999,Car,Mercury,13,22.153846153846153,21.445569620253163,0.7082765335929899,11
1999,Car,Acura,8,22.125,21.445569620253163,0.6794303797468366,12
1999,Car,Subaru,8,21.75,21.445569620253163,0.3044303797468366,13
1999,Car,Mitsubishi,23,21.73913043478261,21.445569620253163,0.29356081452944593,14
1999,Car,Volkswagen,32,21.65625,21.445569620253163,0.21068037974683662,15
1999,Car,Pontiac,16,21.1875,21.445569620253163,-0.2580696202531634,16
1999,Car,Infiniti,5,21.0,21.445569620253163,-0.4455696202531634,17
1999,Car,Ford,19,20.894736842105264,21.445569620253163,-0.5508327781478997,18
1999,Car,Chrysler,12,20.583333333333332,21.445569620253163,-0.8622362869198312,19
1999,Car,Oldsmobile,9,20.444444444444443,21.445569620253163,-1.0011251758087205,20
1999,Car,Audi,12,20.0,21.445569620253163,-1.4455696202531634,21
1999,Car,Buick,7,20.0,21.445569620253163,-1.4455696202531634,21
1999,Car,Volvo,15,19.933333333333334,21.445569620253163,-1.5122362869198298,22
1999,Car,Saab,10,19.9,21.445569620253163,-1.5455696202531648,23
1999,Car,BMW,26,19.576923076923077,21.445569620253163,-1.8686465433300867,24
1999,Car,Lexus,6,19.0,21.445569620253163,-2.4455696202531634,25
1999,Car,Mercedes-Benz,17,18.235294117647058,21.445569620253163,-3.2102755026061054,26
1999,Car,Cadillac,6,18.0,21.445569620253163,-3.4455696202531634,27
1999,Car,Jaguar,7,17.285714285714285,21.445569620253163,-4.159855334538879,28
1999,Car,Bentley,7,12.0,21.445569620253163,-9.445569620253163,29
1999,SUV,Suzuki,16,20.6875,17.16875,3.5187500000000007,1
1999,SUV,Toyota,16,19.375,17.16875,2.2062500000000007,2
1999,SUV,Honda,10,19.2,17.16875,2.03125,3
1999,SUV,Chevrolet,18,18.5,17.16875,1.3312500000000007,4
1999,SUV,Mitsubishi,14,17.357142857142858,17.16875,0.18839285714285836,5
1999,SUV,Isuzu,12,17.166666666666668,17.16875,-0.0020833333333314386,6
1999,SUV,Jeep,14,16.5,17.16875,-0.6687499999999993,7
1999,SUV,Nissan,8,15.75,17.16875,-1.4187499999999993,8
1999,SUV,Ford,12,14.75,17.16875,-2.4187499999999993,9
1999,SUV,GMC,8,14.625,17.16875,-2.5437499999999993,10
1999,SUV,Dodge,6,13.5,17.16875,-3.6687499999999993,11
1999,Sports/Two-Seater,BMW,8,19.375,17.225806451612904,2.149193548387096,1
1999,Sports/Two-Seater,Ferrari,5,11.0,17.225806451612904,-6.225806451612904,2
1999,Truck/Pickup,Toyota,9,18.11111111111111,16.0,2.1111111111111107,1
1999,Truck/Pickup,Isuzu,6,18.0,16.0,2.0,2
1999,Truck/Pickup,Nissan,5,17.6,16.0,1.6000000000000014,3
1999,Truck/Pickup,Mazda,10,17.4,16.0,1.3999999999999986,4
1999,Truck/Pickup,Chevrolet,22,15.909090909090908,16.0,-0.09090909090909172,5
1999,Truck/Pickup,GMC,22,15.863636363636363,16.0,-0.1363636363636367,6
1999,Truck/Pickup,Ford,27,15.296296296296296,16.0,-0.7037037037037042,7
1999,Truck/Pickup,Dodge,18,14.38888888888889,16.0,-1.6111111111111107,8
1999,Van/Minivan,Plymouth,5,18.6,15.925373134328359,2.6746268656716428,1
1999,Van/Minivan,Dodge,17,15.705882352941176,15.925373134328359,-0.21949078138718292,2
1999,Van/Minivan,Chevrolet,11,15.272727272727273,15.925373134328359,-0.6526458616010853,3
1999,Van/Minivan,GMC,10,15.0,15.925373134328359,-0.9253731343283587,4
1999,Van/Minivan,Ford,12,14.916666666666666,15.925373134328359,-1.0087064676616926,5
1999,Wagon,Subaru,6,21.666666666666668,21.596491228070175,0.07017543859649322,1
1999,Wagon,Volkswagen,8,20.25,21.596491228070175,-1.3464912280701746,2
1999,Wagon,Volvo,7,20.0,21.596491228070175,-1.5964912280701746,3
1999,Wagon,Audi,5,19.6,21.596491228070175,-1.9964912280701732,4
1998,Car,Saturn,8,26.5,21.46153846153846,5.03846153846154,1
1998,Car,Honda,13,25.76923076923077,21.46153846153846,4.30769230769231,2
1998,Car,Plymouth,5,25.0,21.46153846153846,3.53846153846154,3
1998,Car,Chevrolet,20,24.4,21.46153846153846,2.9384615384615387,4
1998,Car,Toyota,22,24.136363636363637,21.46153846153846,2.674825174825177,5
1998,Car,Nissan,10,23.4,21.46153846153846,1.9384615384615387,6
1998,Car,Daewoo,12,23.166666666666668,21.46153846153846,1.705128205128208,7
1998,Car,Mazda,10,23.1,21.46153846153846,1.6384615384615415,8
1998,Car,Hyundai,9,22.666666666666668,21.46153846153846,1.205128205128208,9
1998,Car,Dodge,14,22.428571428571427,21.46153846153846,0.9670329670329672,10
1998,Car,Mercury,9,22.333333333333332,21.46153846153846,0.8717948717948723,11
1998,Car,Subaru,9,22.22222222222222,21.46153846153846,0.7606837606837615,12
1998,Car,Acura,9,21.77777777777778,21.46153846153846,0.31623931623931867,13
1998,Car,Mitsubishi,24,21.541666666666668,21.46153846153846,0.08012820512820795,14
1998,Car,Volkswagen,16,21.4375,21.46153846153846,-0.0240384615384599,15
1998,Car,Eagle,12,21.416666666666668,21.46153846153846,-0.04487179487179205,16
1998,Car,Pontiac,17,21.41176470588235,21.46153846153846,-0.04977375565610842,17
1998,Car,Oldsmobile,9,21.333333333333332,21.46153846153846,-0.12820512820512775,18
1998,Car,Chrysler,13,21.23076923076923,21.46153846153846,-0.23076923076922995,19
1998,Car,Ford,20,21.05,21.46153846153846,-0.4115384615384592,20
1998,Car,Buick,9,20.444444444444443,21.46153846153846,-1.017094017094017,21
1998,Car,Saab,12,20.25,21.46153846153846,-1.21153846153846,22
1998,Car,Audi,13,19.923076923076923,21.46153846153846,-1.5384615384615365,23
1998,Car,BMW,23,19.91304347826087,21.46153846153846,-1.548494983277589,24
1998,Car,Volvo,12,19.416666666666668,21.46153846153846,-2.044871794871792,25
1998,Car,Lexus,6,19.0,21.46153846153846,-2.46153846153846,26
1998,Car,Mercedes-Benz,15,18.066666666666666,21.46153846153846,-3.3948717948717935,27
1998,Car,Jaguar,6,17.833333333333332,21.46153846153846,-3.6282051282051277,28
1998,Car,Cadillac,6,17.0,21.46153846153846,-4.46153846153846,29
1998,Car,Bentley,7,11.857142857142858,21.46153846153846,-9.604395604395602,30
1998,Special Purpose,Suzuki,12,21.166666666666668,17.41317365269461,3.753493013972058,1
1998,Special Purpose,Toyota,17,19.529411764705884,17.41317365269461,2.116238112011274,2
1998,Special Purpose,Plymouth,6,18.666666666666668,17.41317365269461,1.253493013972058,3
1998,Special Purpose,Honda,7,18.285714285714285,17.41317365269461,0.8725406330196748,4
1998,Special Purpose,Chevrolet,18,18.22222222222222,17.41317365269461,0.8090485695276115,5
1998,Special Purpose,Mitsubishi,11,17.636363636363637,17.41317365269461,0.22318998366902676,6
1998,Special Purpose,Dodge,9,17.22222222222222,17.41317365269461,-0.1909514304723885,7
1998,Special Purpose,Isuzu,10,17.2,17.41317365269461,-0.21317365269461064,8
1998,Special Purpose,Jeep,16,16.0625,17.41317365269461,-1.35067365269461,9
1998,Special Purpose,Nissan,5,16.0,17.41317365269461,-1.41317365269461,10
1998,Special Purpose,Mercury,6,15.833333333333334,17.41317365269461,-1.579840319361276,11
1998,Special Purpose,Ford,16,15.75,17.41317365269461,-1.66317365269461,12
1998,Special Purpose,GMC,9,15.222222222222221,17.41317365269461,-2.1909514304723885,13
1998,Sports/Two-Seater,BMW,5,21.0,17.142857142857142,3.8571428571428577,1
1998,Truck/Pickup,Isuzu,6,18.166666666666668,16.120967741935484,2.045698924731184,1
1998,Truck/Pickup,Toyota,16,17.875,16.120967741935484,1.754032258064516,2
1998,Truck/Pickup,Mazda,10,17.4,16.120967741935484,1.2790322580645146,3
1998,Truck/Pickup,Chevrolet,22,15.681818181818182,16.120967741935484,-0.43914956011730233,4
1998,Truck/Pickup,GMC,22,15.681818181818182,16.120967741935484,-0.43914956011730233,4
1998,Truck/Pickup,Ford,26,15.538461538461538,16.120967741935484,-0.5825062034739457,5
1998,Truck/Pickup,Dodge,19,14.631578947368421,16.120967741935484,-1.4893887945670627,6
1998,Van/Minivan,Chevrolet,10,15.1,14.513513513513514,0.5864864864864856,1
1998,Van/Minivan,GMC,10,15.1,14.513513513513514,0.5864864864864856,1
1998,Van/Minivan,Ford,8,14.0,14.513513513513514,-0.513513513513514,2
1998,Van/Minivan,Dodge,9,13.666666666666666,14.513513513513514,-0.846846846846848,3
1998,Wagon,Subaru,7,22.428571428571427,22.065217391304348,0.3633540372670794,1
1998,Wagon,Volvo,8,19.5,22.065217391304348,-2.5652173913043477,2
1997,Car,Geo,7,29.857142857142858,21.384816753926703,8.472326103216155,1
1997,Car,Saturn,8,26.75,21.384816753926703,5.365183246073297,2
1997,Car,Honda,11,26.454545454545453,21.384816753926703,5.06972870061875,3
1997,Car,Toyota,26,24.076923076923077,21.384816753926703,2.6921063229963735,4
1997,Car,Nissan,10,23.3,21.384816753926703,1.9151832460732976,5
1997,Car,Mazda,14,23.0,21.384816753926703,1.6151832460732969,6
1997,Car,Hyundai,12,22.666666666666668,21.384816753926703,1.2818499127399647,7
1997,Car,Subaru,9,22.22222222222222,21.384816753926703,0.8374054682955183,8
1997,Car,Dodge,13,22.153846153846153,21.384816753926703,0.7690293999194502,9
1997,Car,Acura,9,22.0,21.384816753926703,0.6151832460732969,10
1997,Car,Mercury,11,21.818181818181817,21.384816753926703,0.43336506425511345,11
1997,Car,Ford,24,21.666666666666668,21.384816753926703,0.28184991273996474,12
1997,Car,Mitsubishi,25,21.64,21.384816753926703,0.25518324607329745,13
1997,Car,Chevrolet,13,21.615384615384617,21.384816753926703,0.23056786145791364,14
1997,Car,Pontiac,18,21.5,21.384816753926703,0.11518324607329689,15
1997,Car,Volkswagen,11,21.09090909090909,21.384816753926703,-0.2939076630176132,16
1997,Car,Eagle,9,20.666666666666668,21.384816753926703,-0.7181500872600353,17
1997,Car,Oldsmobile,9,20.444444444444443,21.384816753926703,-0.9403723094822602,18
1997,Car,BMW,25,20.44,21.384816753926703,-0.9448167539267018,19
1997,Car,Chrysler,12,20.25,21.384816753926703,-1.1348167539267031,20
1997,Car,Buick,10,20.2,21.384816753926703,-1.1848167539267038,21
1997,Car,Volvo,5,20.0,21.384816753926703,-1.3848167539267031,22
1997,Car,Saab,15,19.666666666666668,21.384816753926703,-1.7181500872600353,23
1997,Car,Audi,11,19.272727272727273,21.384816753926703,-2.1120894811994297,24
1997,Car,Lexus,6,18.5,21.384816753926703,-2.884816753926703,25
1997,Car,Mercedes-Benz,12,17.666666666666668,21.384816753926703,-3.7181500872600353,26
1997,Car,Rolls-Royce,11,11.909090909090908,21.384816753926703,-9.475725844835795,27
1997,Special Purpose,Geo,8,21.5,17.1056338028169,4.3943661971831,1
1997,Special Purpose,Suzuki,12,21.166666666666668,17.1056338028169,4.061032863849768,2
1997,Special Purpose,Toyota,12,18.5,17.1056338028169,1.3943661971830998,3
1997,Special Purpose,Dodge,6,18.333333333333332,17.1056338028169,1.227699530516432,4
1997,Special Purpose,Honda,6,16.833333333333332,17.1056338028169,-0.272300469483568,5
1997,Special Purpose,Mitsubishi,8,16.75,17.1056338028169,-0.35563380281690016,6
1997,Special Purpose,Jeep,14,16.142857142857142,17.1056338028169,-0.9627766599597578,7
1997,Special Purpose,Nissan,5,16.0,17.1056338028169,-1.1056338028169002,8
1997,Special Purpose,Chevrolet,10,15.9,17.1056338028169,-1.2056338028168998,9
1997,Special Purpose,Isuzu,7,15.571428571428571,17.1056338028169,-1.534205231388329,10
1997,Special Purpose,Ford,16,15.5625,17.1056338028169,-1.5431338028169002,11
1997,Special Purpose,GMC,9,15.555555555555555,17.1056338028169,-1.5500782472613448,12
1997,Special Purpose,Land Rover,5,13.0,17.1056338028169,-4.1056338028169,13
1997,Sports/Two-Seater,Honda,5,27.6,20.535714285714285,7.064285714285717,1
1997,Sports/Two-Seater,BMW,6,22.0,20.535714285714285,1.4642857142857153,2
1997,Truck/Pickup,Mazda,10,17.7,16.29059829059829,1.4094017094017097,1
1997,Truck/Pickup,Toyota,14,17.642857142857142,16.29059829059829,1.3522588522588528,2
1997,Truck/Pickup,GMC,22,16.0,16.29059829059829,-0.29059829059828957,3
1997,Truck/Pickup,Chevrolet,22,15.954545454545455,16.29059829059829,-0.33605283605283454,4
1997,Truck/Pickup,Ford,26,15.923076923076923,16.29059829059829,-0.3675213675213662,5
1997,Truck/Pickup,Dodge,17,14.705882352941176,16.29059829059829,-1.5847159376571138,6
1997,Van/Minivan,Chevrolet,10,15.1,14.608695652173912,0.49130434782608745,1
1997,Van/Minivan,GMC,10,15.1,14.608695652173912,0.49130434782608745,1
1997,Van/Minivan,Ford,12,14.75,14.608695652173912,0.1413043478260878,2
1997,Van/Minivan,Dodge,11,13.181818181818182,14.608695652173912,-1.4268774703557305,3
1997,Wagon,Subaru,7,22.571428571428573,22.142857142857142,0.4285714285714306,1
1997,Wagon,Volvo,5,20.0,22.142857142857142,-2.1428571428571423,2
1996,Car,Geo,7,30.0,21.711688311688313,8.288311688311687,1
1996,Car,Saturn,8,26.75,21.711688311688313,5.038311688311687,2
1996,Car,Honda,16,25.125,21.711688311688313,3.413311688311687,3
1996,Car,Toyota,23,24.47826086956522,21.711688311688313,2.7665725578769056,4
1996,Car,Hyundai,11,24.454545454545453,21.711688311688313,2.74285714285714,5
1996,Car,Plymouth,5,24.4,21.711688311688313,2.6883116883116855,6
1996,Car,Mazda,18,23.333333333333332,21.711688311688313,1.6216450216450191,7
1996,Car,Nissan,12,22.5,21.711688311688313,0.788311688311687,8
1996,Car,Eagle,13,22.384615384615383,21.711688311688313,0.6729270729270702,9
1996,Car,Subaru,11,22.363636363636363,21.711688311688313,0.6519480519480503,10
1996,Car,Mercury,13,22.23076923076923,21.711688311688313,0.5190809190809169,11
1996,Car,Acura,6,22.0,21.711688311688313,0.28831168831168696,12
1996,Car,Ford,27,21.925925925925927,21.711688311688313,0.21423761423761434,13
1996,Car,Chevrolet,18,21.61111111111111,21.711688311688313,-0.10057720057720232,14
1996,Car,Mitsubishi,23,21.434782608695652,21.711688311688313,-0.2769057029926607,15
1996,Car,Pontiac,16,21.375,21.711688311688313,-0.33668831168831304,16
1996,Car,Oldsmobile,11,20.90909090909091,21.711688311688313,-0.802597402597403,17
1996,Car,Dodge,18,20.88888888888889,21.711688311688313,-0.8227994227994238,18
1996,Car,Volkswagen,13,20.76923076923077,21.711688311688313,-0.942457542457543,19
1996,Car,Buick,12,20.75,21.711688311688313,-0.961688311688313,20
1996,Car,Infiniti,6,20.5,21.711688311688313,-1.211688311688313,21
1996,Car,Chrysler,10,20.3,21.711688311688313,-1.4116883116883123,22
1996,Car,BMW,15,20.133333333333333,21.711688311688313,-1.5783549783549802,23
1996,Car,Saab,14,19.428571428571427,21.711688311688313,-2.283116883116886,24
1996,Car,Audi,7,19.285714285714285,21.711688311688313,-2.4259740259740283,25
1996,Car,Lexus,6,18.833333333333332,21.711688311688313,-2.878354978354981,26
1996,Car,Mercedes-Benz,11,17.363636363636363,21.711688311688313,-4.34805194805195,27
1996,Car,Jaguar,5,15.8,21.711688311688313,-5.911688311688312,28
1996,Car,Rolls-Royce,7,12.0,21.711688311688313,-9.711688311688313,29
1996,Special Purpose,Geo,8,21.5,17.225806451612904,4.274193548387096,1
1996,Special Purpose,Suzuki,10,21.3,17.225806451612904,4.074193548387097,2
1996,Special Purpose,Toyota,12,18.833333333333332,17.225806451612904,1.6075268817204282,3
1996,Special Purpose,Plymouth,5,18.4,17.225806451612904,1.1741935483870947,4
1996,Special Purpose,Dodge,6,18.333333333333332,17.225806451612904,1.1075268817204282,5
1996,Special Purpose,Jeep,9,16.555555555555557,17.225806451612904,-0.6702508960573468,6
1996,Special Purpose,Nissan,5,16.2,17.225806451612904,-1.0258064516129046,7
1996,Special Purpose,Honda,5,16.0,17.225806451612904,-1.225806451612904,8
1996,Special Purpose,Chevrolet,10,15.8,17.225806451612904,-1.4258064516129032,9
1996,Special Purpose,Ford,13,15.692307692307692,17.225806451612904,-1.5334987593052123,10
1996,Special Purpose,Isuzu,7,15.571428571428571,17.225806451612904,-1.6543778801843327,11
1996,Special Purpose,GMC,9,15.555555555555555,17.225806451612904,-1.6702508960573486,12
1996,Special Purpose,Mitsubishi,5,14.8,17.225806451612904,-2.425806451612903,13
1996,Sports/Two-Seater,Honda,5,28.0,19.962962962962962,8.037037037037038,1
1996,Truck/Pickup,Mazda,11,18.272727272727273,16.158730158730158,2.113997113997115,1
1996,Truck/Pickup,Toyota,14,17.857142857142858,16.158730158730158,1.6984126984126995,2
1996,Truck/Pickup,Chevrolet,22,16.227272727272727,16.158730158730158,0.06854256854256846,3
1996,Truck/Pickup,GMC,22,16.227272727272727,16.158730158730158,0.06854256854256846,3
1996,Truck/Pickup,Ford,26,15.615384615384615,16.158730158730158,-0.5433455433455432,4
1996,Truck/Pickup,Dodge,25,13.92,16.158730158730158,-2.2387301587301582,5
1996,Van/Minivan,Chevrolet,10,14.9,14.270833333333334,0.6291666666666664,1
1996,Van/Minivan,GMC,10,14.9,14.270833333333334,0.6291666666666664,1
1996,Van/Minivan,Ford,14,14.071428571428571,14.270833333333334,-0.19940476190476275,2
1996,Van/Minivan,Dodge,12,13.0,14.270833333333334,-1.270833333333334,3
1996,Wagon,Subaru,6,22.0,21.816326530612244,0.18367346938775597,1
1996,Wagon,Eagle,6,21.0,21.816326530612244,-0.816326530612244,2
1996,Wagon,Volvo,5,19.6,21.816326530612244,-2.2163265306122426,3
1995,Car,Geo,7,29.714285714285715,21.057692307692307,8.656593406593409,1
1995,Car,Honda,18,27.333333333333332,21.057692307692307,6.2756410256410255,2
1995,Car,Saturn,8,26.5,21.057692307692307,5.442307692307693,3
1995,Car,Kia,6,24.5,21.057692307692307,3.4423076923076934,4
1995,Car,Toyota,24,24.083333333333332,21.057692307692307,3.0256410256410255,5
1995,Car,Mazda,23,23.47826086956522,21.057692307692307,2.420568561872912,6
1995,Car,Nissan,14,23.214285714285715,21.057692307692307,2.1565934065934087,7
1995,Car,Hyundai,13,23.153846153846153,21.057692307692307,2.0961538461538467,8
1995,Car,Eagle,15,22.8,21.057692307692307,1.7423076923076941,9
1995,Car,Mercury,13,22.23076923076923,21.057692307692307,1.1730769230769234,10
1995,Car,Mitsubishi,24,21.875,21.057692307692307,0.8173076923076934,11
1995,Car,Subaru,11,21.727272727272727,21.057692307692307,0.66958041958042,12
1995,Car,Ford,30,21.433333333333334,21.057692307692307,0.37564102564102697,13
1995,Car,Dodge,19,21.05263157894737,21.057692307692307,-0.005060728744936682,14
1995,Car,Acura,8,21.0,21.057692307692307,-0.0576923076923066,15
1995,Car,Volkswagen,13,20.923076923076923,21.057692307692307,-0.13461538461538325,16
1995,Car,Chrysler,12,20.916666666666668,21.057692307692307,-0.14102564102563875,17
1995,Car,Chevrolet,18,20.61111111111111,21.057692307692307,-0.4465811965811959,18
1995,Car,Infiniti,7,20.428571428571427,21.057692307692307,-0.6291208791208796,19
1995,Car,Pontiac,20,20.3,21.057692307692307,-0.7576923076923059,20
1995,Car,Buick,13,20.153846153846153,21.057692307692307,-0.9038461538461533,21
1995,Car,Oldsmobile,13,20.153846153846153,21.057692307692307,-0.9038461538461533,21
1995,Car,Saab,16,20.0,21.057692307692307,-1.0576923076923066,22
1995,Car,Volvo,6,19.666666666666668,21.057692307692307,-1.3910256410256387,23
1995,Car,BMW,24,18.875,21.057692307692307,-2.1826923076923066,24
1995,Car,Audi,11,18.818181818181817,21.057692307692307,-2.23951048951049,25
1995,Car,Lexus,6,18.666666666666668,21.057692307692307,-2.3910256410256387,26
1995,Car,Cadillac,5,17.8,21.057692307692307,-3.257692307692306,27
1995,Car,Mercedes-Benz,14,17.428571428571427,21.057692307692307,-3.6291208791208796,28
1995,Car,Porsche,7,16.714285714285715,21.057692307692307,-4.343406593406591,29
1995,Car,Dabryan Coach Builders Inc,9,16.333333333333332,21.057692307692307,-4.7243589743589745,30
1995,Car,Federal Coach,11,15.545454545454545,21.057692307692307,-5.512237762237762,31
1995,Car,Jaguar,7,15.285714285714286,21.057692307692307,-5.77197802197802,32
1995,Car,Rolls-Royce,10,11.0,21.057692307692307,-10.057692307692307,33
1995,Special Purpose,Plymouth,9,18.555555555555557,16.20472440944882,2.3508311461067386,1
1995,Special Purpose,Dodge,15,18.066666666666666,16.20472440944882,1.861942257217848,2
1995,Special Purpose,Ford,11,16.454545454545453,16.20472440944882,0.24982104509663472,3
1995,Special Purpose,Honda,5,16.2,16.20472440944882,-0.0047244094488192445,4
1995,Special Purpose,Jeep,16,16.0,16.20472440944882,-0.20472440944881853,5
1995,Special Purpose,Nissan,5,15.6,16.20472440944882,-0.6047244094488189,6
1995,Special Purpose,Isuzu,9,15.444444444444445,16.20472440944882,-0.7602799650043739,7
1995,Special Purpose,Chevrolet,11,15.0,16.20472440944882,-1.2047244094488185,8
1995,Special Purpose,Toyota,5,15.0,16.20472440944882,-1.2047244094488185,8
1995,Special Purpose,Mitsubishi,5,14.8,16.20472440944882,-1.4047244094488178,9
1995,Special Purpose,GMC,10,14.1,16.20472440944882,-2.104724409448819,10
1995,Special Purpose,Land Rover,6,12.666666666666666,16.20472440944882,-3.5380577427821525,11
1995,Sports/Two-Seater,Honda,5,27.8,18.514285714285716,9.285714285714285,1
1995,Truck/Pickup,Mazda,11,18.545454545454547,15.76923076923077,2.7762237762237767,1
1995,Truck/Pickup,Toyota,22,18.0,15.76923076923077,2.23076923076923,2
1995,Truck/Pickup,Nissan,7,17.571428571428573,15.76923076923077,1.802197802197803,3
1995,Truck/Pickup,Ford,28,15.785714285714286,15.76923076923077,0.016483516483516425,4
1995,Truck/Pickup,Chevrolet,41,15.024390243902438,15.76923076923077,-0.7448405253283319,5
1995,Truck/Pickup,GMC,42,15.0,15.76923076923077,-0.76923076923077,6
1995,Truck/Pickup,Dodge,25,13.96,15.76923076923077,-1.8092307692307692,7
1995,Van/Minivan,GMC,12,14.25,14.137931034482758,0.11206896551724199,1
1995,Van/Minivan,Ford,14,14.214285714285714,14.137931034482758,0.07635467980295552,2
1995,Van/Minivan,Chevrolet,13,14.076923076923077,14.137931034482758,-0.06100795755968136,3
1995,Van/Minivan,Dodge,12,12.75,14.137931034482758,-1.387931034482758,4
1995,Wagon,Subaru,9,22.555555555555557,21.5,1.0555555555555571,1
1995,Wagon,Honda,5,22.2,21.5,0.6999999999999993,2
1995,Wagon,Eagle,6,21.0,21.5,-0.5,3
1995,Wagon,Mitsubishi,6,20.333333333333332,21.5,-1.1666666666666679,4
1995,Wagon,Volvo,8,20.0,21.5,-1.5,5
1994,Car,Geo,7,31.714285714285715,21.36,10.354285714285716,1
1994,Car,Honda,17,27.823529411764707,21.36,6.463529411764707,2
1994,Car,Saturn,8,25.75,21.36,4.390000000000001,3
1994,Car,Mazda,21,23.523809523809526,21.36,2.163809523809526,4
1994,Car,Toyota,20,23.3,21.36,1.9400000000000013,5
1994,Car,Hyundai,15,22.666666666666668,21.36,1.3066666666666684,6
1994,Car,Eagle,15,22.4,21.36,1.0399999999999991,7
1994,Car,Pontiac,20,22.4,21.36,1.0399999999999991,7
1994,Car,Plymouth,23,22.304347826086957,21.36,0.9443478260869576,8
1994,Car,Chevrolet,23,22.17391304347826,21.36,0.8139130434782622,9
1994,Car,Mercury,16,22.0,21.36,0.6400000000000006,10
1994,Car,Subaru,14,22.0,21.36,0.6400000000000006,10
1994,Car,Mitsubishi,21,21.666666666666668,21.36,0.3066666666666684,11
1994,Car,Nissan,12,21.583333333333332,21.36,0.22333333333333272,12
1994,Car,Dodge,23,21.565217391304348,21.36,0.20521739130434824,13
1994,Car,Ford,29,21.482758620689655,21.36,0.12275862068965537,14
1994,Car,Oldsmobile,13,21.0,21.36,-0.35999999999999943,15
1994,Car,Acura,9,20.88888888888889,21.36,-0.47111111111111015,16
1994,Car,Buick,11,20.545454545454547,21.36,-0.8145454545454527,17
1994,Car,Chrysler,8,20.375,21.36,-0.9849999999999994,18
1994,Car,Volkswagen,10,20.0,21.36,-1.3599999999999994,19
1994,Car,Volvo,6,19.5,21.36,-1.8599999999999994,20
1994,Car,Saab,14,19.428571428571427,21.36,-1.9314285714285724,21
1994,Car,Infiniti,5,19.4,21.36,-1.9600000000000009,22
1994,Car,BMW,23,18.47826086956522,21.36,-2.881739130434781,23
1994,Car,Audi,10,18.3,21.36,-3.0599999999999987,24
1994,Car,Lexus,6,18.0,21.36,-3.3599999999999994,25
1994,Car,Cadillac,5,17.8,21.36,-3.5599999999999987,26
1994,Car,Mercedes-Benz,13,16.846153846153847,21.36,-4.513846153846153,27
1994,Car,Porsche,8,16.125,21.36,-5.234999999999999,28
1994,Car,Jaguar,5,15.8,21.36,-5.559999999999999,29
1994,Car,Rolls-Royce,7,11.0,21.36,-10.36,30
1994,Special Purpose,Suzuki,13,21.76923076923077,17.061643835616437,4.7075869336143334,1
1994,Special Purpose,Geo,12,21.75,17.061643835616437,4.688356164383563,2
1994,Special Purpose,Plymouth,8,18.0,17.061643835616437,0.9383561643835634,3
1994,Special Purpose,Dodge,16,17.0625,17.061643835616437,0.0008561643835633959,4
1994,Special Purpose,Mazda,9,16.555555555555557,17.061643835616437,-0.5060882800608795,5
1994,Special Purpose,Jeep,15,16.133333333333333,17.061643835616437,-0.9283105022831037,6
1994,Special Purpose,Chevrolet,12,15.833333333333334,17.061643835616437,-1.2283105022831027,7
1994,Special Purpose,Honda,5,15.8,17.061643835616437,-1.261643835616436,8
1994,Special Purpose,Nissan,5,15.6,17.061643835616437,-1.461643835616437,9
1994,Special Purpose,Isuzu,11,15.454545454545455,17.061643835616437,-1.6070983810709816,10
1994,Special Purpose,Ford,7,15.285714285714286,17.061643835616437,-1.7759295499021501,11
1994,Special Purpose,Toyota,5,14.8,17.061643835616437,-2.261643835616436,12
1994,Special Purpose,GMC,8,14.75,17.061643835616437,-2.3116438356164366,13
1994,Special Purpose,Land Rover,5,12.6,17.061643835616437,-4.461643835616437,14
1994,Sports/Two-Seater,Honda,5,28.0,18.846153846153847,9.153846153846153,1
1994,Sports/Two-Seater,Porsche,5,17.4,18.846153846153847,-1.4461538461538481,2
1994,Truck/Pickup,Mazda,11,18.454545454545453,15.790960451977401,2.663585002568052,1
1994,Truck/Pickup,Nissan,7,18.285714285714285,15.790960451977401,2.4947538337368833,2
1994,Truck/Pickup,Isuzu,6,18.0,15.790960451977401,2.2090395480225986,3
1994,Truck/Pickup,Toyota,13,17.0,15.790960451977401,1.2090395480225986,4
1994,Truck/Pickup,Ford,27,15.74074074074074,15.790960451977401,-0.05021971123666091,5
1994,Truck/Pickup,GMC,42,15.380952380952381,15.790960451977401,-0.41000807102502,6
1994,Truck/Pickup,Chevrolet,43,15.325581395348838,15.790960451977401,-0.4653790566285636,7
1994,Truck/Pickup,Dodge,25,14.0,15.790960451977401,-1.7909604519774014,8
1994,Van/Minivan,Chevrolet,15,15.133333333333333,14.742424242424242,0.39090909090909065,1
1994,Van/Minivan,GMC,15,15.066666666666666,14.742424242424242,0.3242424242424242,2
1994,Van/Minivan,Ford,18,14.722222222222221,14.742424242424242,-0.020202020202020776,3
1994,Van/Minivan,Dodge,12,12.833333333333334,14.742424242424242,-1.9090909090909083,4
1994,Wagon,Subaru,9,21.88888888888889,21.27777777777778,0.6111111111111107,1
1994,Wagon,Eagle,6,21.0,21.27777777777778,-0.27777777777777857,2
1994,Wagon,Plymouth,6,21.0,21.27777777777778,-0.27777777777777857,2
1994,Wagon,Mitsubishi,9,20.77777777777778,21.27777777777778,-0.5,3
1994,Wagon,Volvo,6,19.5,21.27777777777778,-1.7777777777777786,4
1993,Car,Suzuki,5,32.6,21.45697896749522,11.14302103250478,1
1993,Car,Geo,13,30.384615384615383,21.45697896749522,8.927636417120162,2
1993,Car,Honda,16,28.1875,21.45697896749522,6.730521032504779,3
1993,Car,Saturn,8,25.75,21.45697896749522,4.293021032504779,4
1993,Car,Isuzu,5,24.6,21.45697896749522,3.1430210325047803,5
1993,Car,Mazda,21,23.428571428571427,21.45697896749522,1.971592461076206,6
1993,Car,Hyundai,12,23.416666666666668,21.45697896749522,1.9596876991714467,7
1993,Car,Subaru,18,22.944444444444443,21.45697896749522,1.4874654769492217,8
1993,Car,Pontiac,24,22.875,21.45697896749522,1.4180210325047788,9
1993,Car,Plymouth,23,22.869565217391305,21.45697896749522,1.4125862498960835,10
1993,Car,Eagle,14,22.714285714285715,21.45697896749522,1.2573067467904941,11
1993,Car,Nissan,17,22.529411764705884,21.45697896749522,1.0724327972106629,12
1993,Car,Toyota,24,22.458333333333332,21.45697896749522,1.001354365838111,13
1993,Car,Mitsubishi,22,22.09090909090909,21.45697896749522,0.6339301234138688,14
1993,Car,Dodge,34,22.058823529411764,21.45697896749522,0.6018445619165433,15
1993,Car,Mercury,16,21.9375,21.45697896749522,0.48052103250477884,16
1993,Car,Ford,30,21.766666666666666,21.45697896749522,0.30968769917144456,17
1993,Car,Chevrolet,27,21.666666666666668,21.45697896749522,0.2096876991714467,18
1993,Car,Volkswagen,18,21.055555555555557,21.45697896749522,-0.401423411939664,19
1993,Car,Oldsmobile,17,20.470588235294116,21.45697896749522,-0.9863907322011052,20
1993,Car,Acura,9,20.444444444444443,21.45697896749522,-1.0125345230507783,21
1993,Car,Chrysler,12,20.416666666666668,21.45697896749522,-1.0403123008285533,22
1993,Car,Buick,13,20.153846153846153,21.45697896749522,-1.3031328136490679,23
1993,Car,Volvo,7,20.0,21.45697896749522,-1.4569789674952212,24
1993,Car,Infiniti,6,19.666666666666668,21.45697896749522,-1.7903123008285533,25
1993,Car,Saab,14,19.214285714285715,21.45697896749522,-2.242693253209506,26
1993,Car,Lexus,7,18.0,21.45697896749522,-3.456978967495221,27
1993,Car,Audi,9,17.88888888888889,21.45697896749522,-3.568090078606332,28
1993,Car,Cadillac,6,17.333333333333332,21.45697896749522,-4.123645634161889,29
1993,Car,BMW,15,17.266666666666666,21.45697896749522,-4.190312300828555,30
1993,Car,Mercedes-Benz,15,17.066666666666666,21.45697896749522,-4.390312300828555,31
1993,Car,Porsche,7,16.428571428571427,21.45697896749522,-5.028407538923794,32
1993,Car,J.K. Motors,13,15.0,21.45697896749522,-6.456978967495221,33
1993,Car,Rolls-Royce,7,11.0,21.45697896749522,-10.456978967495221,34
1993,Special Purpose,Suzuki,14,22.142857142857142,16.835714285714285,5.307142857142857,1
1993,Special Purpose,Geo,6,22.0,16.835714285714285,5.164285714285715,2
1993,Special Purpose,Plymouth,5,19.0,16.835714285714285,2.1642857142857146,3
1993,Special Purpose,Mazda,7,17.0,16.835714285714285,0.1642857142857146,4
1993,Special Purpose,Isuzu,13,16.076923076923077,16.835714285714285,-0.7587912087912088,5
1993,Special Purpose,Dodge,17,16.0,16.835714285714285,-0.8357142857142854,6
1993,Special Purpose,Jeep,15,15.933333333333334,16.835714285714285,-0.9023809523809518,7
1993,Special Purpose,Nissan,5,15.8,16.835714285714285,-1.0357142857142847,8
1993,Special Purpose,Chevrolet,12,15.583333333333334,16.835714285714285,-1.2523809523809515,9
1993,Special Purpose,Ford,7,15.285714285714286,16.835714285714285,-1.549999999999999,10
1993,Special Purpose,GMC,8,14.875,16.835714285714285,-1.9607142857142854,11
1993,Special Purpose,Toyota,10,13.3,16.835714285714285,-3.5357142857142847,12
1993,Sports/Two-Seater,Porsche,5,17.4,18.42,-1.0200000000000031,1
1993,Truck/Pickup,Mazda,8,19.25,15.668341708542714,3.581658291457286,1
1993,Truck/Pickup,Mitsubishi,5,18.0,15.668341708542714,2.331658291457286,2
1993,Truck/Pickup,Nissan,7,18.0,15.668341708542714,2.331658291457286,2
1993,Truck/Pickup,Isuzu,5,17.8,15.668341708542714,2.1316582914572866,3
1993,Truck/Pickup,Jeep,8,17.375,15.668341708542714,1.7066582914572859,4
1993,Truck/Pickup,Toyota,15,16.666666666666668,15.668341708542714,0.9983249581239537,5
1993,Truck/Pickup,Ford,34,15.676470588235293,15.668341708542714,0.00812887969257936,6
1993,Truck/Pickup,GMC,42,15.238095238095237,15.668341708542714,-0.4302464704474769,7
1993,Truck/Pickup,Chevrolet,41,15.024390243902438,15.668341708542714,-0.643951464640276,8
1993,Truck/Pickup,Dodge,34,14.147058823529411,15.668341708542714,-1.5212828850133029,9
1993,Van/Minivan,GMC,15,15.266666666666667,14.767123287671232,0.4995433789954351,1
1993,Van/Minivan,Chevrolet,15,15.2,14.767123287671232,0.4328767123287669,2
1993,Van/Minivan,Ford,20,14.9,14.767123287671232,0.13287671232876797,3
1993,Van/Minivan,Dodge,17,13.117647058823529,14.767123287671232,-1.6494762288477034,4
1993,Wagon,Subaru,11,22.09090909090909,20.95294117647059,1.1379679144385015,1
1993,Wagon,Eagle,8,20.75,20.95294117647059,-0.2029411764705884,2
1993,Wagon,Plymouth,8,20.75,20.95294117647059,-0.2029411764705884,2
1993,Wagon,Mitsubishi,13,20.307692307692307,20.95294117647059,-0.6452488687782818,3
1993,Wagon,Volkswagen,5,19.8,20.95294117647059,-1.1529411764705877,4
1993,Wagon,Volvo,5,19.6,20.95294117647059,-1.352941176470587,5
1992,Car,Suzuki,5,32.4,21.028933092224232,11.371066907775766,1
1992,Car,Geo,13,29.846153846153847,21.028933092224232,8.817220753929615,2
1992,Car,Honda,16,28.3125,21.028933092224232,7.283566907775768,3
1992,Car,Saturn,6,25.333333333333332,21.028933092224232,4.3044002411091,4
1992,Car,Isuzu,6,24.5,21.028933092224232,3.471066907775768,5
1992,Car,Hyundai,12,24.0,21.028933092224232,2.971066907775768,6
1992,Car,Subaru,14,23.571428571428573,21.028933092224232,2.542495479204341,7
1992,Car,Mazda,15,23.4,21.028933092224232,2.3710669077757665,8
1992,Car,Nissan,19,22.94736842105263,21.028933092224232,1.918435328828398,9
1992,Car,Eagle,11,22.545454545454547,21.028933092224232,1.5165214532303146,10
1992,Car,Plymouth,22,22.454545454545453,21.028933092224232,1.4256123623212211,11
1992,Car,Toyota,27,22.296296296296298,21.028933092224232,1.2673632040720655,12
1992,Car,Volkswagen,16,22.25,21.028933092224232,1.2210669077757679,13
1992,Car,Pontiac,27,22.14814814814815,21.028933092224232,1.1192150559239167,14
1992,Car,Mitsubishi,29,21.96551724137931,21.028933092224232,0.9365841491550775,15
1992,Car,Mercury,17,21.941176470588236,21.028933092224232,0.9122433783640034,16
1992,Car,Ford,31,21.64516129032258,21.028933092224232,0.616228198098348,17
1992,Car,Chevrolet,30,21.4,21.028933092224232,0.37106690777576645,18
1992,Car,Acura,7,21.142857142857142,21.028933092224232,0.11392405063291022,19
1992,Car,Dodge,40,21.0,21.028933092224232,-0.028933092224232126,20
1992,Car,Oldsmobile,17,20.294117647058822,21.028933092224232,-0.7348154451654096,21
1992,Car,Chrysler,14,20.0,21.028933092224232,-1.0289330922242321,22
1992,Car,Buick,13,19.692307692307693,21.028933092224232,-1.3366253999165387,23
1992,Car,Volvo,7,19.428571428571427,21.028933092224232,-1.600361663652805,24
1992,Car,Infiniti,5,19.4,21.028933092224232,-1.6289330922242335,25
1992,Car,Saab,12,19.083333333333332,21.028933092224232,-1.9455997588909,26
1992,Car,Lexus,6,18.166666666666668,21.028933092224232,-2.8622664255575643,27
1992,Car,Audi,10,18.1,21.028933092224232,-2.9289330922242307,28
1992,Car,Cadillac,5,18.0,21.028933092224232,-3.028933092224232,29
1992,Car,Porsche,6,16.666666666666668,21.028933092224232,-4.362266425557564,30
1992,Car,BMW,17,16.647058823529413,21.028933092224232,-4.381874268694819,31
1992,Car,Mercedes-Benz,22,14.727272727272727,21.028933092224232,-6.3016603649515055,32
1992,Car,J.K. Motors,12,14.583333333333334,21.028933092224232,-6.445599758890898,33
1992,Car,Wallace Environmental,14,14.0,21.028933092224232,-7.028933092224232,34
1992,Car,Rolls-Royce,5,11.0,21.028933092224232,-10.028933092224232,35
1992,Special Purpose,Suzuki,10,22.6,16.708333333333332,5.891666666666669,1
1992,Special Purpose,Geo,6,22.0,16.708333333333332,5.291666666666668,2
1992,Special Purpose,Plymouth,6,18.666666666666668,16.708333333333332,1.9583333333333357,3
1992,Special Purpose,Nissan,8,17.375,16.708333333333332,0.6666666666666679,4
1992,Special Purpose,Jeep,9,16.88888888888889,16.708333333333332,0.18055555555555713,5
1992,Special Purpose,Mazda,8,16.25,16.708333333333332,-0.45833333333333215,6
1992,Special Purpose,Chevrolet,15,15.733333333333333,16.708333333333332,-0.9749999999999996,7
1992,Special Purpose,Isuzu,13,15.538461538461538,16.708333333333332,-1.1698717948717938,8
1992,Special Purpose,Dodge,22,15.136363636363637,16.708333333333332,-1.5719696969696955,9
1992,Special Purpose,GMC,10,15.0,16.708333333333332,-1.7083333333333321,10
1992,Special Purpose,Ford,9,14.555555555555555,16.708333333333332,-2.152777777777777,11
1992,Special Purpose,Toyota,8,13.875,16.708333333333332,-2.833333333333332,12
1992,Sports/Two-Seater,Porsche,5,17.2,17.847826086956523,-0.647826086956524,1
1992,Truck/Pickup,Mazda,8,19.25,15.592039800995025,3.6579601990049753,1
1992,Truck/Pickup,Nissan,7,18.285714285714285,15.592039800995025,2.69367448471926,2
1992,Truck/Pickup,Mitsubishi,5,18.0,15.592039800995025,2.4079601990049753,3
1992,Truck/Pickup,Jeep,8,17.875,15.592039800995025,2.2829601990049753,4
1992,Truck/Pickup,Toyota,10,17.6,15.592039800995025,2.0079601990049767,5
1992,Truck/Pickup,Isuzu,6,17.333333333333332,15.592039800995025,1.7412935323383074,6
1992,Truck/Pickup,Ford,34,15.323529411764707,15.592039800995025,-0.2685103892303182,7
1992,Truck/Pickup,GMC,41,15.24390243902439,15.592039800995025,-0.3481373619706343,8
1992,Truck/Pickup,Chevrolet,43,15.13953488372093,15.592039800995025,-0.45250491727409425,9
1992,Truck/Pickup,Dodge,38,13.868421052631579,15.592039800995025,-1.723618748363446,10
1992,Van/Minivan,Chevrolet,17,15.058823529411764,14.597222222222221,0.46160130718954306,1
1992,Van/Minivan,GMC,17,15.058823529411764,14.597222222222221,0.46160130718954306,1
1992,Van/Minivan,Ford,18,14.88888888888889,14.597222222222221,0.29166666666666785,2
1992,Van/Minivan,Dodge,15,12.466666666666667,14.597222222222221,-2.1305555555555546,3
1992,Wagon,Toyota,6,22.5,20.353658536585368,2.1463414634146325,1
1992,Wagon,Subaru,8,21.0,20.353658536585368,0.6463414634146325,2
1992,Wagon,Eagle,8,20.625,20.353658536585368,0.2713414634146325,3
1992,Wagon,Mitsubishi,8,20.625,20.353658536585368,0.2713414634146325,3
1992,Wagon,Plymouth,8,20.625,20.353658536585368,0.2713414634146325,3
1992,Wagon,Volvo,6,19.5,20.353658536585368,-0.8536585365853675,4
1992,Wagon,Buick,5,19.2,20.353658536585368,-1.1536585365853682,5
1992,Wagon,Oldsmobile,5,19.2,20.353658536585368,-1.1536585365853682,5
1991,Car,Suzuki,5,32.4,21.00728597449909,11.392714025500908,1
1991,Car,Geo,13,30.153846153846153,21.00728597449909,9.146560179347063,2
1991,Car,Isuzu,6,25.333333333333332,21.00728597449909,4.326047358834241,3
1991,Car,Saturn,6,25.166666666666668,21.00728597449909,4.159380692167577,4
1991,Car,Hyundai,10,24.5,21.00728597449909,3.4927140255009093,5
1991,Car,Honda,13,23.46153846153846,21.00728597449909,2.454252487039369,6
1991,Car,Nissan,19,23.31578947368421,21.00728597449909,2.308503499185118,7
1991,Car,Volkswagen,14,22.928571428571427,21.00728597449909,1.9212854540723363,8
1991,Car,Subaru,21,22.904761904761905,21.00728597449909,1.8974759302628144,9
1991,Car,Plymouth,18,22.77777777777778,21.00728597449909,1.7704918032786878,10
1991,Car,Mazda,14,22.642857142857142,21.00728597449909,1.6355711683580516,11
1991,Car,Toyota,26,22.615384615384617,21.00728597449909,1.608098640885526,12
1991,Car,Eagle,11,22.545454545454547,21.00728597449909,1.538168570955456,13
1991,Car,Pontiac,34,22.352941176470587,21.00728597449909,1.3456552019714962,14
1991,Car,Mitsubishi,29,22.17241379310345,21.00728597449909,1.1651278186043577,15
1991,Car,Mercury,16,21.875,21.00728597449909,0.8677140255009093,16
1991,Car,Ford,30,21.433333333333334,21.00728597449909,0.42604735883424283,17
1991,Car,Chevrolet,31,21.225806451612904,21.00728597449909,0.21852047711381317,18
1991,Car,Dodge,35,21.142857142857142,21.00728597449909,0.1355711683580516,19
1991,Car,Oldsmobile,16,20.5,21.00728597449909,-0.5072859744990907,20
1991,Car,Buick,11,20.363636363636363,21.00728597449909,-0.6436496108627274,21
1991,Car,Chrysler,13,19.615384615384617,21.00728597449909,-1.391901359114474,22
1991,Car,Infiniti,5,19.4,21.00728597449909,-1.6072859744990922,23
1991,Car,Saab,11,19.363636363636363,21.00728597449909,-1.6436496108627274,24
1991,Car,Volvo,10,19.3,21.00728597449909,-1.70728597449909,25
1991,Car,Audi,11,17.818181818181817,21.00728597449909,-3.189104156317274,26
1991,Car,Cadillac,5,17.4,21.00728597449909,-3.607285974499092,27
1991,Car,Mercedes-Benz,25,17.24,21.00728597449909,-3.7672859744990923,28
1991,Car,BMW,31,16.322580645161292,21.00728597449909,-4.684705329337799,29
1991,Car,Porsche,8,15.625,21.00728597449909,-5.382285974499091,30
1991,Car,Import Trade Services,8,15.375,21.00728597449909,-5.632285974499091,31
1991,Car,Wallace Environmental,11,14.363636363636363,21.00728597449909,-6.643649610862727,32
1991,Car,Rolls-Royce,5,10.0,21.00728597449909,-11.00728597449909,33
1991,Special Purpose,Suzuki,10,22.8,16.6484375,6.151562500000001,1
1991,Special Purpose,Geo,5,22.2,16.6484375,5.551562499999999,2
1991,Special Purpose,Plymouth,6,18.666666666666668,16.6484375,2.018229166666668,3
1991,Special Purpose,Nissan,8,17.25,16.6484375,0.6015625,4
1991,Special Purpose,Mazda,9,16.666666666666668,16.6484375,0.01822916666666785,5
1991,Special Purpose,Jeep,10,16.0,16.6484375,-0.6484375,6
1991,Special Purpose,Isuzu,12,15.583333333333334,16.6484375,-1.065104166666666,7
1991,Special Purpose,Chevrolet,11,15.363636363636363,16.6484375,-1.2848011363636367,8
1991,Special Purpose,GMC,8,14.875,16.6484375,-1.7734375,9
1991,Special Purpose,Ford,9,14.666666666666666,16.6484375,-1.981770833333334,10
1991,Special Purpose,Toyota,9,14.666666666666666,16.6484375,-1.981770833333334,10
1991,Special Purpose,Dodge,16,14.25,16.6484375,-2.3984375,11
1991,Sports/Two-Seater,Honda,5,33.0,18.78181818181818,14.218181818181819,1
1991,Sports/Two-Seater,Mazda,5,19.8,18.78181818181818,1.0181818181818194,2
1991,Sports/Two-Seater,Mercedes-Benz,5,15.0,18.78181818181818,-3.7818181818181813,3
1991,Truck/Pickup,Mazda,9,19.333333333333332,15.522727272727273,3.8106060606060588,1
1991,Truck/Pickup,Nissan,7,18.285714285714285,15.522727272727273,2.7629870129870113,2
1991,Truck/Pickup,Mitsubishi,5,18.0,15.522727272727273,2.4772727272727266,3
1991,Truck/Pickup,Toyota,10,17.8,15.522727272727273,2.2772727272727273,4
1991,Truck/Pickup,Isuzu,6,17.333333333333332,15.522727272727273,1.8106060606060588,5
1991,Truck/Pickup,Jeep,8,17.25,15.522727272727273,1.7272727272727266,6
1991,Truck/Pickup,GMC,47,15.27659574468085,15.522727272727273,-0.2461315280464227,7
1991,Truck/Pickup,Ford,39,15.179487179487179,15.522727272727273,-0.3432400932400945,8
1991,Truck/Pickup,Chevrolet,48,15.166666666666666,15.522727272727273,-0.3560606060606073,9
1991,Truck/Pickup,Dodge,40,13.775,15.522727272727273,-1.747727272727273,10
1991,Van/Minivan,Chevrolet,12,15.333333333333334,14.591549295774648,0.7417840375586859,1
1991,Van/Minivan,GMC,12,15.333333333333334,14.591549295774648,0.7417840375586859,1
1991,Van/Minivan,Ford,19,14.789473684210526,14.591549295774648,0.19792438843587767,2
1991,Van/Minivan,Dodge,21,12.904761904761905,14.591549295774648,-1.6867873910127429,3
1991,Wagon,Honda,6,23.666666666666668,20.6,3.0666666666666664,1
1991,Wagon,Toyota,6,22.833333333333332,20.6,2.2333333333333307,2
1991,Wagon,Ford,5,22.0,20.6,1.3999999999999986,3
1991,Wagon,Mercury,5,22.0,20.6,1.3999999999999986,3
1991,Wagon,Subaru,6,21.5,20.6,0.8999999999999986,4
1991,Wagon,Volvo,9,19.555555555555557,20.6,-1.0444444444444443,5
1991,Wagon,Peugeot,5,18.8,20.6,-1.8000000000000007,6
1990,Car,Suzuki,6,31.666666666666668,21.559006211180126,10.107660455486542,1
1990,Car,Geo,13,30.46153846153846,21.559006211180126,8.902532250358334,2
1990,Car,Isuzu,6,25.5,21.559006211180126,3.940993788819874,3
1990,Car,Honda,13,23.53846153846154,21.559006211180126,1.9794553272814142,4
1990,Car,Hyundai,6,23.333333333333332,21.559006211180126,1.7743271221532062,5
1990,Car,Subaru,20,23.3,21.559006211180126,1.7409937888198748,6
1990,Car,Mitsubishi,20,23.05,21.559006211180126,1.4909937888198748,7
1990,Car,Volkswagen,13,22.923076923076923,21.559006211180126,1.3640707118967974,8
1990,Car,Plymouth,22,22.90909090909091,21.559006211180126,1.3500846979107841,9
1990,Car,Toyota,30,22.666666666666668,21.559006211180126,1.107660455486542,10
1990,Car,Nissan,17,22.647058823529413,21.559006211180126,1.088052612349287,11
1990,Car,Mazda,14,22.642857142857142,21.559006211180126,1.0838509316770164,12
1990,Car,Pontiac,37,22.62162162162162,21.559006211180126,1.062615410441495,13
1990,Car,Eagle,9,22.333333333333332,21.559006211180126,0.7743271221532062,14
1990,Car,Chevrolet,29,22.06896551724138,21.559006211180126,0.5099593060612548,15
1990,Car,Dodge,30,21.7,21.559006211180126,0.14099378881987334,16
1990,Car,Ford,29,21.620689655172413,21.559006211180126,0.06168344399228687,17
1990,Car,Oldsmobile,14,21.285714285714285,21.559006211180126,-0.27329192546584125,18
1990,Car,Buick,11,20.545454545454547,21.559006211180126,-1.0135516657255792,19
1990,Car,Mercury,10,20.0,21.559006211180126,-1.559006211180126,20
1990,Car,Saab,14,19.785714285714285,21.559006211180126,-1.7732919254658412,21
1990,Car,Chrysler,14,19.357142857142858,21.559006211180126,-2.2018633540372683,22
1990,Car,Volvo,18,19.27777777777778,21.559006211180126,-2.2812284334023474,23
1990,Car,Audi,14,18.285714285714285,21.559006211180126,-3.2732919254658412,24
1990,Car,BMW,15,17.0,21.559006211180126,-4.559006211180126,25
1990,Car,Cadillac,5,16.8,21.559006211180126,-4.759006211180125,26
1990,Car,Mercedes-Benz,12,16.25,21.559006211180126,-5.309006211180126,27
1990,Car,Porsche,6,16.0,21.559006211180126,-5.559006211180126,28
1990,Car,Maserati,6,14.5,21.559006211180126,-7.059006211180126,29
1990,Special Purpose,Suzuki,7,23.714285714285715,16.895522388059703,6.818763326226012,1
1990,Special Purpose,Plymouth,9,19.77777777777778,16.895522388059703,2.8822553897180754,2
1990,Special Purpose,Mazda,6,17.5,16.895522388059703,0.6044776119402968,3
1990,Special Purpose,Nissan,8,17.25,16.895522388059703,0.3544776119402968,4
1990,Special Purpose,Jeep,17,17.0,16.895522388059703,0.10447761194029681,5
1990,Special Purpose,Isuzu,7,15.857142857142858,16.895522388059703,-1.0383795309168455,6
1990,Special Purpose,Dodge,21,15.619047619047619,16.895522388059703,-1.2764747690120846,7
1990,Special Purpose,Chevrolet,11,15.272727272727273,16.895522388059703,-1.6227951153324298,8
1990,Special Purpose,GMC,9,14.777777777777779,16.895522388059703,-2.1177446102819246,9
1990,Special Purpose,Toyota,9,14.555555555555555,16.895522388059703,-2.339966832504148,10
1990,Special Purpose,Ford,11,14.454545454545455,16.895522388059703,-2.440976933514248,11
1990,Sports/Two-Seater,Honda,5,33.2,19.48780487804878,13.712195121951222,1
1990,Sports/Two-Seater,Mazda,5,19.8,19.48780487804878,0.3121951219512198,2
1990,Truck/Pickup,Mazda,9,19.333333333333332,15.578260869565218,3.755072463768114,1
1990,Truck/Pickup,Toyota,13,19.0,15.578260869565218,3.4217391304347817,2
1990,Truck/Pickup,Jeep,14,18.642857142857142,15.578260869565218,3.064596273291924,3
1990,Truck/Pickup,Nissan,7,18.428571428571427,15.578260869565218,2.8503105590062088,4
1990,Truck/Pickup,Isuzu,5,18.0,15.578260869565218,2.4217391304347817,5
1990,Truck/Pickup,Mitsubishi,5,17.8,15.578260869565218,2.2217391304347824,6
1990,Truck/Pickup,GMC,45,15.044444444444444,15.578260869565218,-0.533816425120774,7
1990,Truck/Pickup,Chevrolet,46,14.91304347826087,15.578260869565218,-0.6652173913043491,8
1990,Truck/Pickup,Ford,47,14.638297872340425,15.578260869565218,-0.9399629972247929,9
1990,Truck/Pickup,Dodge,39,13.897435897435898,15.578260869565218,-1.6808249721293205,10
1990,Van/Minivan,Chevrolet,15,15.666666666666666,14.743589743589743,0.9230769230769234,1
1990,Van/Minivan,GMC,15,15.666666666666666,14.743589743589743,0.9230769230769234,1
1990,Van/Minivan,Ford,20,14.55,14.743589743589743,-0.193589743589742,2
1990,Van/Minivan,Dodge,21,13.0,14.743589743589743,-1.7435897435897427,3
1990,Wagon,Toyota,6,23.0,21.14457831325301,1.8554216867469897,1
1990,Wagon,Chevrolet,7,21.571428571428573,21.14457831325301,0.42685025817556266,2
1990,Wagon,Ford,6,21.333333333333332,21.14457831325301,0.18875502008032186,3
1990,Wagon,Subaru,8,21.125,21.14457831325301,-0.019578313253010293,4
1990,Wagon,Volvo,15,19.533333333333335,21.14457831325301,-1.6112449799196753,5
1990,Wagon,Peugeot,5,18.6,21.14457831325301,-2.544578313253009,6
1989,Car,Geo,7,33.142857142857146,21.516007532956685,11.62684960990046,1
1989,Car,Suzuki,7,32.42857142857143,21.516007532956685,10.912563895614745,2
1989,Car,Isuzu,9,24.77777777777778,21.516007532956685,3.2617702448210935,3
1989,Car,Honda,11,24.0,21.516007532956685,2.483992467043315,4
1989,Car,Pontiac,43,23.74418604651163,21.516007532956685,2.228178513554944,5
1989,Car,Subaru,17,23.235294117647058,21.516007532956685,1.7192865846903729,6
1989,Car,Hyundai,6,23.166666666666668,21.516007532956685,1.6506591337099827,7
1989,Car,Mitsubishi,14,23.142857142857142,21.516007532956685,1.6268496099004572,8
1989,Car,Eagle,8,23.125,21.516007532956685,1.608992467043315,9
1989,Car,Toyota,28,23.0,21.516007532956685,1.483992467043315,10
1989,Car,Volkswagen,10,22.8,21.516007532956685,1.2839924670433156,11
1989,Car,Nissan,17,22.529411764705884,21.516007532956685,1.013404231749199,12
1989,Car,Ford,29,22.517241379310345,21.516007532956685,1.00123384635366,13
1989,Car,Plymouth,32,22.21875,21.516007532956685,0.7027424670433149,14
1989,Car,Chevrolet,30,22.133333333333333,21.516007532956685,0.6173258003766477,15
1989,Car,Dodge,47,21.97872340425532,21.516007532956685,0.46271587129863434,16
1989,Car,Mazda,11,21.90909090909091,21.516007532956685,0.39308337613422495,17
1989,Car,Buick,15,21.6,21.516007532956685,0.08399246704331631,18
1989,Car,Oldsmobile,15,21.4,21.516007532956685,-0.11600753295668653,19
1989,Car,Mercury,12,20.833333333333332,21.516007532956685,-0.682674199623353,20
1989,Car,Chrysler,22,20.681818181818183,21.516007532956685,-0.8341893511385017,21
1989,Car,Saab,11,20.272727272727273,21.516007532956685,-1.2432802602294117,22
1989,Car,Volvo,16,19.125,21.516007532956685,-2.391007532956685,23
1989,Car,Audi,11,19.09090909090909,21.516007532956685,-2.425098442047595,24
1989,Car,Peugeot,12,18.916666666666668,21.516007532956685,-2.5993408662900173,25
1989,Car,Porsche,12,16.75,21.516007532956685,-4.766007532956685,26
1989,Car,Mercedes-Benz,11,16.545454545454547,21.516007532956685,-4.970552987502138,27
1989,Car,BMW,22,16.181818181818183,21.516007532956685,-5.334189351138502,28
1989,Car,Maserati,6,14.5,21.516007532956685,-7.016007532956685,29
1989,Car,Rolls-Royce,5,10.0,21.516007532956685,-11.516007532956685,30
1989,Special Purpose,Suzuki,7,24.428571428571427,16.54074074074074,7.887830687830686,1
1989,Special Purpose,Subaru,5,22.2,16.54074074074074,5.659259259259258,2
1989,Special Purpose,Plymouth,8,19.25,16.54074074074074,2.709259259259259,3
1989,Special Purpose,Mazda,7,17.714285714285715,16.54074074074074,1.1735449735449741,4
1989,Special Purpose,Jeep,16,16.8125,16.54074074074074,0.2717592592592588,5
1989,Special Purpose,Isuzu,6,16.0,16.54074074074074,-0.5407407407407412,6
1989,Special Purpose,Chevrolet,13,15.076923076923077,16.54074074074074,-1.4638176638176645,7
1989,Special Purpose,Dodge,21,15.047619047619047,16.54074074074074,-1.4931216931216937,8
1989,Special Purpose,GMC,12,14.916666666666666,16.54074074074074,-1.6240740740740751,9
1989,Special Purpose,Ford,14,14.5,16.54074074074074,-2.040740740740741,10
1989,Special Purpose,Toyota,7,14.285714285714286,16.54074074074074,-2.2550264550264547,11
1989,Special Purpose,Nissan,7,14.142857142857142,16.54074074074074,-2.397883597883599,12
1989,Sports/Two-Seater,Honda,5,34.2,19.333333333333332,14.86666666666667,1
1989,Truck/Pickup,Mitsubishi,6,19.5,15.694690265486726,3.8053097345132745,1
1989,Truck/Pickup,Toyota,13,18.846153846153847,15.694690265486726,3.151463580667121,2
1989,Truck/Pickup,Jeep,14,18.428571428571427,15.694690265486726,2.7338811630847015,3
1989,Truck/Pickup,Isuzu,5,18.2,15.694690265486726,2.5053097345132738,4
1989,Truck/Pickup,Nissan,8,17.75,15.694690265486726,2.0553097345132745,5
1989,Truck/Pickup,Chevrolet,47,15.191489361702128,15.694690265486726,-0.503200903784597,6
1989,Truck/Pickup,GMC,47,15.191489361702128,15.694690265486726,-0.503200903784597,6
1989,Truck/Pickup,Ford,41,14.878048780487806,15.694690265486726,-0.8166414849989199,7
1989,Truck/Pickup,Dodge,41,14.121951219512194,15.694690265486726,-1.5727390459745312,8
1989,Van/Minivan,Toyota,7,19.285714285714285,15.022222222222222,4.263492063492063,1
1989,Van/Minivan,Chevrolet,20,15.75,15.022222222222222,0.7277777777777779,2
1989,Van/Minivan,GMC,20,15.75,15.022222222222222,0.7277777777777779,2
1989,Van/Minivan,Ford,16,14.0625,15.022222222222222,-0.9597222222222221,3
1989,Van/Minivan,Dodge,22,12.727272727272727,15.022222222222222,-2.2949494949494955,4
1989,Wagon,Toyota,7,23.714285714285715,21.634408602150536,2.079877112135179,1
1989,Wagon,Buick,7,21.857142857142858,21.634408602150536,0.22273425499232147,2
1989,Wagon,Chevrolet,7,21.857142857142858,21.634408602150536,0.22273425499232147,2
1989,Wagon,Subaru,5,21.6,21.634408602150536,-0.03440860215053476,3
1989,Wagon,Ford,7,21.0,21.634408602150536,-0.6344086021505362,4
1989,Wagon,Mercury,7,21.0,21.634408602150536,-0.6344086021505362,4
1989,Wagon,Volvo,14,19.285714285714285,21.634408602150536,-2.3486943164362515,5
1988,Car,Honda,15,25.866666666666667,21.66800804828974,4.198658618376928,1
1988,Car,Isuzu,8,25.0,21.66800804828974,3.331991951710261,2
1988,Car,Toyota,30,23.566666666666666,21.66800804828974,1.8986586183769276,3
1988,Car,Mitsubishi,18,23.5,21.66800804828974,1.8319919517102612,4
1988,Car,Pontiac,38,23.473684210526315,21.66800804828974,1.8056761622365762,5
1988,Car,Chevrolet,43,23.186046511627907,21.66800804828974,1.5180384633381685,6
1988,Car,Subaru,14,22.857142857142858,21.66800804828974,1.1891348088531188,7
1988,Car,Plymouth,22,22.681818181818183,21.66800804828974,1.0138101335284446,8
1988,Car,Buick,16,22.625,21.66800804828974,0.9569919517102612,9
1988,Car,Ford,26,22.46153846153846,21.66800804828974,0.7935304132487211,10
1988,Car,Oldsmobile,19,22.36842105263158,21.66800804828974,0.70041300434184,11
1988,Car,Dodge,34,22.352941176470587,21.66800804828974,0.6849331281808482,12
1988,Car,Nissan,19,22.31578947368421,21.66800804828974,0.64778142539447,13
1988,Car,Volkswagen,13,22.23076923076923,21.66800804828974,0.5627611824794911,14
1988,Car,Eagle,5,22.0,21.66800804828974,0.3319919517102612,15
1988,Car,Mazda,11,21.90909090909091,21.66800804828974,0.24108286080117125,16
1988,Car,Mercury,11,21.181818181818183,21.66800804828974,-0.4861898664715554,17
1988,Car,Chrysler,20,21.1,21.66800804828974,-0.5680080482897374,18
1988,Car,Saab,13,19.846153846153847,21.66800804828974,-1.821854202135892,19
1988,Car,Audi,10,19.3,21.66800804828974,-2.368008048289738,20
1988,Car,Volvo,8,18.875,21.66800804828974,-2.793008048289739,21
1988,Car,Porsche,11,18.454545454545453,21.66800804828974,-3.2134625937442856,22
1988,Car,Peugeot,6,18.333333333333332,21.66800804828974,-3.3346747149564067,23
1988,Car,Cadillac,7,18.142857142857142,21.66800804828974,-3.5251509054325965,24
1988,Car,Mercedes-Benz,14,17.357142857142858,21.66800804828974,-4.310865191146881,25
1988,Car,BMW,19,16.57894736842105,21.66800804828974,-5.0890606798686875,26
1988,Car,Rolls-Royce,5,9.0,21.66800804828974,-12.668008048289739,27
1988,Special Purpose,Subaru,6,23.333333333333332,16.309734513274336,7.0235988200589965,1
1988,Special Purpose,Jeep,14,17.428571428571427,16.309734513274336,1.1188369152970914,2
1988,Special Purpose,Chevrolet,17,16.058823529411764,16.309734513274336,-0.25091098386257116,3
1988,Special Purpose,GMC,17,16.058823529411764,16.309734513274336,-0.25091098386257116,3
1988,Special Purpose,Nissan,7,15.0,16.309734513274336,-1.3097345132743357,4
1988,Special Purpose,Toyota,7,14.857142857142858,16.309734513274336,-1.452591656131478,5
1988,Special Purpose,Ford,13,14.461538461538462,16.309734513274336,-1.848196051735874,6
1988,Special Purpose,Dodge,17,14.411764705882353,16.309734513274336,-1.8979698073919824,7
1988,Sports/Two-Seater,Honda,5,34.8,20.866666666666667,13.93333333333333,1
1988,Truck/Pickup,Mitsubishi,6,19.833333333333332,15.97071129707113,3.862622036262202,1
1988,Truck/Pickup,Toyota,13,19.153846153846153,15.97071129707113,3.1831348567750233,2
1988,Truck/Pickup,Mazda,7,18.428571428571427,15.97071129707113,2.457860131500297,3
1988,Truck/Pickup,Isuzu,6,17.833333333333332,15.97071129707113,1.8626220362622021,4
1988,Truck/Pickup,Nissan,8,17.75,15.97071129707113,1.77928870292887,5
1988,Truck/Pickup,Jeep,13,17.076923076923077,15.97071129707113,1.1062117798519466,6
1988,Truck/Pickup,Chevrolet,53,15.641509433962264,15.97071129707113,-0.32920186310886557,7
1988,Truck/Pickup,GMC,53,15.641509433962264,15.97071129707113,-0.32920186310886557,7
1988,Truck/Pickup,Ford,43,15.30232558139535,15.97071129707113,-0.6683857156757806,8
1988,Truck/Pickup,Dodge,37,14.405405405405405,15.97071129707113,-1.5653058916657248,9
1988,Van/Minivan,Toyota,8,19.25,15.340659340659341,3.9093406593406588,1
1988,Van/Minivan,Chevrolet,19,16.0,15.340659340659341,0.6593406593406588,2
1988,Van/Minivan,GMC,19,16.0,15.340659340659341,0.6593406593406588,2
1988,Van/Minivan,Ford,16,14.0625,15.340659340659341,-1.2781593406593412,3
1988,Van/Minivan,Dodge,20,12.95,15.340659340659341,-2.390659340659342,4
1988,Wagon,Dodge,7,23.857142857142858,22.114035087719298,1.7431077694235597,1
1988,Wagon,Plymouth,7,23.857142857142858,22.114035087719298,1.7431077694235597,1
1988,Wagon,Toyota,9,23.666666666666668,22.114035087719298,1.55263157894737,2
1988,Wagon,Oldsmobile,8,23.0,22.114035087719298,0.8859649122807021,3
1988,Wagon,Buick,8,22.875,22.114035087719298,0.7609649122807021,4
1988,Wagon,Nissan,6,22.333333333333332,22.114035087719298,0.21929824561403422,5
1988,Wagon,Pontiac,6,22.166666666666668,22.114035087719298,0.05263157894736992,6
1988,Wagon,Ford,9,21.88888888888889,22.114035087719298,-0.22514619883040865,7
1988,Wagon,Chevrolet,8,21.875,22.114035087719298,-0.23903508771929793,8
1988,Wagon,Subaru,5,21.6,22.114035087719298,-0.5140350877192965,9
1988,Wagon,Mercury,7,20.714285714285715,22.114035087719298,-1.3997493734335826,10
1988,Wagon,Volvo,6,20.166666666666668,22.114035087719298,-1.94736842105263,11
1987,Car,Renault,10,26.7,21.26325411334552,5.436745886654478,1
1987,Car,Honda,12,25.666666666666668,21.26325411334552,4.403412553321147,2
1987,Car,Isuzu,8,25.0,21.26325411334552,3.7367458866544787,3
1987,Car,Toyota,25,24.2,21.26325411334552,2.936745886654478,4
1987,Car,Mazda,6,24.166666666666668,21.26325411334552,2.9034125533211466,5
1987,Car,Mitsubishi,18,23.61111111111111,21.26325411334552,2.3478569977655894,6
1987,Car,Subaru,23,23.217391304347824,21.26325411334552,1.954137191002303,7
1987,Car,Chevrolet,50,23.02,21.26325411334552,1.7567458866544783,8
1987,Car,Mercury,12,22.75,21.26325411334552,1.4867458866544787,9
1987,Car,Volkswagen,18,22.72222222222222,21.26325411334552,1.4589681088767001,10
1987,Car,Pontiac,39,22.71794871794872,21.26325411334552,1.4546946046031977,11
1987,Car,Nissan,19,22.473684210526315,21.26325411334552,1.2104300971807938,12
1987,Car,Plymouth,28,22.035714285714285,21.26325411334552,0.7724601723687634,13
1987,Car,Ford,24,21.625,21.26325411334552,0.3617458866544787,14
1987,Car,Dodge,48,21.3125,21.26325411334552,0.04924588665447871,15
1987,Car,Oldsmobile,19,21.105263157894736,21.26325411334552,-0.157990955450785,16
1987,Car,Buick,20,21.1,21.26325411334552,-0.16325411334551987,17
1987,Car,Acura,6,20.833333333333332,21.26325411334552,-0.42992078001218914,18
1987,Car,Chrysler,22,20.5,21.26325411334552,-0.7632541133455213,19
1987,Car,Cadillac,9,19.77777777777778,21.26325411334552,-1.4854763355677427,20
1987,Car,Saab,14,19.428571428571427,21.26325411334552,-1.8346826847740942,21
1987,Car,Volvo,10,19.0,21.26325411334552,-2.2632541133455213,22
1987,Car,Audi,15,18.8,21.26325411334552,-2.4632541133455206,23
1987,Car,Porsche,11,18.636363636363637,21.26325411334552,-2.6268904769818846,24
1987,Car,Peugeot,7,18.428571428571427,21.26325411334552,-2.8346826847740942,25
1987,Car,Mercedes-Benz,10,17.5,21.26325411334552,-3.7632541133455213,26
1987,Car,BMW,13,17.076923076923077,21.26325411334552,-4.186331036422445,27
1987,Car,Rolls-Royce,16,8.5625,21.26325411334552,-12.700754113345521,28
1987,Special Purpose,Subaru,10,21.7,16.53900709219858,5.160992907801418,1
1987,Special Purpose,Plymouth,9,19.666666666666668,16.53900709219858,3.127659574468087,2
1987,Special Purpose,Jeep,16,17.1875,16.53900709219858,0.648492907801419,3
1987,Special Purpose,Chevrolet,25,16.0,16.53900709219858,-0.539007092198581,4
1987,Special Purpose,GMC,25,16.0,16.53900709219858,-0.539007092198581,4
1987,Special Purpose,Dodge,23,15.217391304347826,16.53900709219858,-1.3216157878507548,5
1987,Special Purpose,Toyota,6,15.166666666666666,16.53900709219858,-1.372340425531915,6
1987,Special Purpose,Ford,12,14.5,16.53900709219858,-2.039007092198581,7
1987,Special Purpose,Nissan,6,14.333333333333334,16.53900709219858,-2.205673758865247,8
1987,Sports/Two-Seater,Honda,5,33.8,20.372093023255815,13.427906976744183,1
1987,Truck/Pickup,Toyota,16,20.8125,16.297520661157026,4.5149793388429735,1
1987,Truck/Pickup,Isuzu,8,20.75,16.297520661157026,4.4524793388429735,2
1987,Truck/Pickup,Mitsubishi,6,20.166666666666668,16.297520661157026,3.8691460055096414,3
1987,Truck/Pickup,Mazda,9,18.77777777777778,16.297520661157026,2.480257116620752,4
1987,Truck/Pickup,Nissan,7,17.142857142857142,16.297520661157026,0.8453364817001159,5
1987,Truck/Pickup,Jeep,14,16.857142857142858,16.297520661157026,0.5596221959858312,6
1987,Truck/Pickup,Chevrolet,47,15.851063829787234,16.297520661157026,-0.4464568313697921,7
1987,Truck/Pickup,GMC,47,15.851063829787234,16.297520661157026,-0.4464568313697921,7
1987,Truck/Pickup,Ford,42,15.357142857142858,16.297520661157026,-0.9403778040141688,8
1987,Truck/Pickup,Dodge,44,14.045454545454545,16.297520661157026,-2.2520661157024815,9
1987,Van/Minivan,Toyota,8,19.0,15.194444444444445,3.8055555555555554,1
1987,Van/Minivan,Chevrolet,21,15.857142857142858,15.194444444444445,0.662698412698413,2
1987,Van/Minivan,GMC,21,15.857142857142858,15.194444444444445,0.662698412698413,2
1987,Van/Minivan,Ford,24,15.0,15.194444444444445,-0.19444444444444464,3
1987,Van/Minivan,Dodge,25,12.6,15.194444444444445,-2.594444444444445,4
1987,Wagon,Toyota,7,24.142857142857142,21.827272727272728,2.3155844155844143,1
1987,Wagon,Mercury,6,23.666666666666668,21.827272727272728,1.8393939393939398,2
1987,Wagon,Ford,7,23.285714285714285,21.827272727272728,1.4584415584415567,3
1987,Wagon,Nissan,6,22.333333333333332,21.827272727272728,0.5060606060606041,4
1987,Wagon,Dodge,7,22.0,21.827272727272728,0.17272727272727195,5
1987,Wagon,Plymouth,7,22.0,21.827272727272728,0.17272727272727195,5
1987,Wagon,Oldsmobile,9,21.77777777777778,21.827272727272728,-0.04949494949494948,6
1987,Wagon,Buick,9,21.666666666666668,21.827272727272728,-0.1606060606060602,7
1987,Wagon,Pontiac,8,21.625,21.827272727272728,-0.20227272727272805,8
1987,Wagon,Subaru,6,21.5,21.827272727272728,-0.32727272727272805,9
1987,Wagon,Chevrolet,10,21.3,21.827272727272728,-0.5272727272727273,10
1987,Wagon,Volvo,6,20.333333333333332,21.827272727272728,-1.493939393939396,11
1987,Wagon,Audi,5,18.0,21.827272727272728,-3.827272727272728,12
1986,Car,Renault,10,25.9,21.723711340206187,4.176288659793812,1
1986,Car,Honda,12,25.416666666666668,21.723711340206187,3.6929553264604813,2
1986,Car,Isuzu,9,24.333333333333332,21.723711340206187,2.6096219931271456,3
1986,Car,Subaru,13,23.923076923076923,21.723711340206187,2.199365582870737,4
1986,Car,Toyota,21,23.857142857142858,21.723711340206187,2.133431516936671,5
1986,Car,Chevrolet,42,23.714285714285715,21.723711340206187,1.9905743740795288,6
1986,Car,Mitsubishi,14,23.642857142857142,21.723711340206187,1.9191458026509558,7
1986,Car,Mazda,7,23.428571428571427,21.723711340206187,1.7048600883652405,8
1986,Car,Plymouth,27,23.14814814814815,21.723711340206187,1.4244368079419623,9
1986,Car,Pontiac,44,22.75,21.723711340206187,1.0262886597938135,10
1986,Car,Nissan,13,22.615384615384617,21.723711340206187,0.8916732751784302,11
1986,Car,Volkswagen,14,22.571428571428573,21.723711340206187,0.8477172312223864,12
1986,Car,Dodge,47,22.425531914893618,21.723711340206187,0.7018205746874315,13
1986,Car,Chrysler,23,21.043478260869566,21.723711340206187,-0.6802330793366202,14
1986,Car,Mercury,23,21.043478260869566,21.723711340206187,-0.6802330793366202,14
1986,Car,Buick,21,20.904761904761905,21.723711340206187,-0.8189494354442814,15
1986,Car,Oldsmobile,24,20.75,21.723711340206187,-0.9737113402061865,16
1986,Car,Ford,29,20.724137931034484,21.723711340206187,-0.9995734091717026,17
1986,Car,Volvo,7,20.142857142857142,21.723711340206187,-1.5808541973490442,18
1986,Car,Saab,6,19.5,21.723711340206187,-2.2237113402061865,19
1986,Car,Audi,10,19.3,21.723711340206187,-2.423711340206186,20
1986,Car,Cadillac,9,19.11111111111111,21.723711340206187,-2.612600229095076,21
1986,Car,Porsche,7,18.285714285714285,21.723711340206187,-3.437997054491902,22
1986,Car,BMW,10,17.6,21.723711340206187,-4.123711340206185,23
1986,Car,Mercedes-Benz,9,17.333333333333332,21.723711340206187,-4.390378006872854,24
1986,Special Purpose,Subaru,16,21.5625,16.914285714285715,4.648214285714285,1
1986,Special Purpose,Plymouth,5,19.6,16.914285714285715,2.685714285714287,2
1986,Special Purpose,Jeep,20,17.4,16.914285714285715,0.485714285714284,3
1986,Special Purpose,Ford,13,16.307692307692307,16.914285714285715,-0.606593406593408,4
1986,Special Purpose,Chevrolet,24,15.791666666666666,16.914285714285715,-1.1226190476190485,5
1986,Special Purpose,GMC,24,15.791666666666666,16.914285714285715,-1.1226190476190485,5
1986,Special Purpose,Dodge,18,15.166666666666666,16.914285714285715,-1.7476190476190485,6
1986,Special Purpose,Nissan,5,15.0,16.914285714285715,-1.9142857142857146,7
1986,Special Purpose,Toyota,6,15.0,16.914285714285715,-1.9142857142857146,7
1986,Sports/Two-Seater,Honda,5,34.0,21.05128205128205,12.948717948717949,1
1986,Sports/Two-Seater,Pontiac,5,21.6,21.05128205128205,0.5487179487179503,2
1986,Truck/Pickup,Isuzu,8,21.0,16.570815450643778,4.429184549356222,1
1986,Truck/Pickup,Mitsubishi,5,20.8,16.570815450643778,4.229184549356223,2
1986,Truck/Pickup,Toyota,18,20.61111111111111,16.570815450643778,4.040295660467333,3
1986,Truck/Pickup,Nissan,11,19.09090909090909,16.570815450643778,2.520093640265312,4
1986,Truck/Pickup,Jeep,19,17.157894736842106,16.570815450643778,0.5870792861983283,5
1986,Truck/Pickup,Chevrolet,47,16.04255319148936,16.570815450643778,-0.5282622591544168,6
1986,Truck/Pickup,GMC,47,16.04255319148936,16.570815450643778,-0.5282622591544168,6
1986,Truck/Pickup,Ford,35,15.942857142857143,16.570815450643778,-0.6279583077866349,7
1986,Truck/Pickup,Dodge,39,13.538461538461538,16.570815450643778,-3.0323539121822396,8
1986,Van/Minivan,Chevrolet,37,16.10810810810811,15.564885496183207,0.543222611924902,1
1986,Van/Minivan,GMC,37,16.10810810810811,15.564885496183207,0.543222611924902,1
1986,Van/Minivan,Ford,25,16.08,15.564885496183207,0.5151145038167915,2
1986,Van/Minivan,Dodge,25,12.88,15.564885496183207,-2.684885496183206,3
1986,Wagon,Toyota,5,24.2,21.45045045045045,2.749549549549549,1
1986,Wagon,Nissan,5,23.2,21.45045045045045,1.749549549549549,2
1986,Wagon,Dodge,5,22.6,21.45045045045045,1.1495495495495511,3
1986,Wagon,Plymouth,5,22.6,21.45045045045045,1.1495495495495511,3
1986,Wagon,Mercury,7,22.142857142857142,21.45045045045045,0.6924066924066921,4
1986,Wagon,Ford,8,22.0,21.45045045045045,0.5495495495495497,5
1986,Wagon,Buick,9,21.555555555555557,21.45045045045045,0.10510510510510684,6
1986,Wagon,Oldsmobile,12,20.75,21.45045045045045,-0.7004504504504503,7
1986,Wagon,Pontiac,10,20.5,21.45045045045045,-0.9504504504504503,8
1986,Wagon,Volvo,6,20.5,21.45045045045045,-0.9504504504504503,8
1986,Wagon,Chevrolet,13,20.307692307692307,21.45045045045045,-1.1427581427581437,9
1986,Wagon,Volkswagen,5,20.0,21.45045045045045,-1.4504504504504503,10
1985,Car,Mazda,6,26.333333333333332,21.476793248945146,4.856540084388186,1
1985,Car,Toyota,21,25.476190476190474,21.476793248945146,3.9993972272453284,2
1985,Car,Renault,9,25.333333333333332,21.476793248945146,3.856540084388186,3
1985,Car,Honda,20,25.25,21.476793248945146,3.773206751054854,4
1985,Car,Subaru,15,24.466666666666665,21.476793248945146,2.989873417721519,5
1985,Car,Nissan,28,23.392857142857142,21.476793248945146,1.9160638939119963,6
1985,Car,Mitsubishi,29,23.275862068965516,21.476793248945146,1.79906882002037,7
1985,Car,Plymouth,52,23.03846153846154,21.476793248945146,1.561668289516394,8
1985,Car,Isuzu,12,23.0,21.476793248945146,1.523206751054854,9
1985,Car,Volkswagen,13,22.692307692307693,21.476793248945146,1.2155144433625473,10
1985,Car,Dodge,77,22.2987012987013,21.476793248945146,0.8219080497561535,11
1985,Car,Ford,48,22.083333333333332,21.476793248945146,0.6065400843881861,12
1985,Car,Mercury,36,21.916666666666668,21.476793248945146,0.4398734177215218,13
1985,Car,Chevrolet,70,21.642857142857142,21.476793248945146,0.16606389391199627,14
1985,Car,Pontiac,61,21.295081967213115,21.476793248945146,-0.18171128173203144,15
1985,Car,Chrysler,35,20.142857142857142,21.476793248945146,-1.3339361060880037,16
1985,Car,Buick,47,19.93617021276596,21.476793248945146,-1.5406230361791877,17
1985,Car,Oldsmobile,35,19.82857142857143,21.476793248945146,-1.648221820373717,18
1985,Car,Volvo,10,19.1,21.476793248945146,-2.3767932489451447,19
1985,Car,Cadillac,17,19.058823529411764,21.476793248945146,-2.4179697195333816,20
1985,Car,BMW,12,18.833333333333332,21.476793248945146,-2.643459915611814,21
1985,Car,Audi,11,18.818181818181817,21.476793248945146,-2.6586114307633295,22
1985,Car,Mercedes-Benz,11,14.818181818181818,21.476793248945146,-6.658611430763328,23
1985,Car,Maserati,5,12.4,21.476793248945146,-9.076793248945146,24
1985,Car,Aston Martin,6,8.0,21.476793248945146,-13.476793248945146,25
1985,Special Purpose,Subaru,22,21.40909090909091,17.03174603174603,4.377344877344878,1
1985,Special Purpose,Plymouth,8,18.5,17.03174603174603,1.4682539682539684,2
1985,Special Purpose,Jeep,34,17.294117647058822,17.03174603174603,0.26237161531279085,3
1985,Special Purpose,Chevrolet,32,16.4375,17.03174603174603,-0.5942460317460316,4
1985,Special Purpose,GMC,32,16.4375,17.03174603174603,-0.5942460317460316,4
1985,Special Purpose,Toyota,5,16.0,17.03174603174603,-1.0317460317460316,5
1985,Special Purpose,Dodge,22,15.727272727272727,17.03174603174603,-1.304473304473305,6
1985,Special Purpose,Ford,19,15.052631578947368,17.03174603174603,-1.9791144527986635,7
1985,Sports/Two-Seater,Honda,7,31.857142857142858,20.74418604651163,11.112956810631228,1
1985,Sports/Two-Seater,Nissan,8,17.375,20.74418604651163,-3.3691860465116292,2
1985,Sports/Two-Seater,Mazda,5,17.0,20.74418604651163,-3.7441860465116292,3
1985,Truck/Pickup,Isuzu,9,21.555555555555557,16.21708185053381,5.338473705021748,1
1985,Truck/Pickup,Toyota,15,21.0,16.21708185053381,4.782918149466191,2
1985,Truck/Pickup,Mitsubishi,10,20.2,16.21708185053381,3.9829181494661903,3
1985,Truck/Pickup,Nissan,7,19.857142857142858,16.21708185053381,3.6400610066090486,4
1985,Truck/Pickup,Chevrolet,56,16.321428571428573,16.21708185053381,0.10434672089476393,5
1985,Truck/Pickup,GMC,56,16.321428571428573,16.21708185053381,0.10434672089476393,5
1985,Truck/Pickup,Jeep,14,15.642857142857142,16.21708185053381,-0.5742247076766667,6
1985,Truck/Pickup,Ford,68,14.941176470588236,16.21708185053381,-1.2759053799455735,7
1985,Truck/Pickup,Dodge,46,14.0,16.21708185053381,-2.217081850533809,8
1985,Van/Minivan,Chevrolet,45,16.177777777777777,15.131578947368421,1.046198830409356,1
1985,Van/Minivan,GMC,45,16.177777777777777,15.131578947368421,1.046198830409356,1
1985,Van/Minivan,Ford,26,13.384615384615385,15.131578947368421,-1.7469635627530362,2
1985,Van/Minivan,Dodge,28,12.5,15.131578947368421,-2.6315789473684212,3
1985,Wagon,Honda,5,26.6,22.08383233532934,4.516167664670661,1
1985,Wagon,Nissan,7,25.428571428571427,22.08383233532934,3.3447390932420866,2
1985,Wagon,Toyota,8,25.0,22.08383233532934,2.9161676646706596,3
1985,Wagon,Ford,14,24.428571428571427,22.08383233532934,2.3447390932420866,4
1985,Wagon,Mercury,11,24.363636363636363,22.08383233532934,2.279804028307023,5
1985,Wagon,Subaru,5,23.6,22.08383233532934,1.516167664670661,6
1985,Wagon,Dodge,15,22.333333333333332,22.08383233532934,0.24950099800399173,7
1985,Wagon,Plymouth,15,22.333333333333332,22.08383233532934,0.24950099800399173,7
1985,Wagon,Pontiac,12,20.833333333333332,22.08383233532934,-1.2504990019960083,8
1985,Wagon,Buick,15,20.8,22.08383233532934,-1.2838323353293397,9
1985,Wagon,Chevrolet,19,20.736842105263158,22.08383233532934,-1.346990230066183,10
1985,Wagon,Oldsmobile,19,20.31578947368421,22.08383233532934,-1.7680428616451316,11
1985,Wagon,Volvo,5,18.6,22.08383233532934,-3.483832335329339,12
1984,Car,Honda,14,26.714285714285715,20.893536121673005,5.82074959261271,1
1984,Car,Mazda,10,26.2,20.893536121673005,5.306463878326994,2
1984,Car,Subaru,10,26.1,20.893536121673005,5.206463878326996,3
1984,Car,Toyota,33,25.484848484848484,20.893536121673005,4.591312363175479,4
1984,Car,Renault,19,24.736842105263158,20.893536121673005,3.8433059835901524,5
1984,Car,Plymouth,37,23.64864864864865,20.893536121673005,2.755112526975644,6
1984,Car,Mitsubishi,24,23.458333333333332,20.893536121673005,2.564797211660327,7
1984,Car,Nissan,32,22.90625,20.893536121673005,2.012713878326995,8
1984,Car,Volkswagen,34,22.61764705882353,20.893536121673005,1.7241109371505239,9
1984,Car,Dodge,67,22.37313432835821,20.893536121673005,1.4795982066852034,10
1984,Car,Isuzu,8,21.75,20.893536121673005,0.8564638783269949,11
1984,Car,Chevrolet,60,20.766666666666666,20.893536121673005,-0.1268694550063394,12
1984,Car,Pontiac,64,20.671875,20.893536121673005,-0.2216611216730051,13
1984,Car,Ford,54,20.35185185185185,20.893536121673005,-0.5416842698211539,14
1984,Car,Chrysler,38,20.263157894736842,20.893536121673005,-0.6303782269361626,15
1984,Car,Mercury,51,20.254901960784313,20.893536121673005,-0.6386341608886923,16
1984,Car,BMW,16,20.25,20.893536121673005,-0.6435361216730051,17
1984,Car,Oldsmobile,42,19.833333333333332,20.893536121673005,-1.060202788339673,18
1984,Car,Volvo,18,19.333333333333332,20.893536121673005,-1.560202788339673,19
1984,Car,Saab,8,19.25,20.893536121673005,-1.6435361216730051,20
1984,Car,Buick,54,18.90740740740741,20.893536121673005,-1.9861287142655968,21
1984,Car,Audi,22,18.772727272727273,20.893536121673005,-2.1208088489457317,22
1984,Car,Cadillac,13,17.76923076923077,20.893536121673005,-3.124305352442235,23
1984,Car,Porsche,10,17.1,20.893536121673005,-3.7935361216730037,24
1984,Car,Mercedes-Benz,10,16.4,20.893536121673005,-4.4935361216730065,25
1984,Car,Lincoln,5,15.8,20.893536121673005,-5.093536121673004,26
1984,Car,Aston Martin,6,8.666666666666666,20.893536121673005,-12.226869455006339,27
1984,Car,Rolls-Royce,8,8.25,20.893536121673005,-12.643536121673005,28
1984,Special Purpose,Subaru,18,21.166666666666668,16.80188679245283,4.364779874213838,1
1984,Special Purpose,American Motors Corporation,20,18.35,16.80188679245283,1.5481132075471713,2
1984,Special Purpose,Jeep,30,17.733333333333334,16.80188679245283,0.9314465408805042,3
1984,Special Purpose,Chevrolet,36,16.86111111111111,16.80188679245283,0.059224318658280595,4
1984,Special Purpose,GMC,36,16.86111111111111,16.80188679245283,0.059224318658280595,4
1984,Special Purpose,Mitsubishi,6,16.166666666666668,16.80188679245283,-0.6352201257861623,5
1984,Special Purpose,Toyota,5,15.0,16.80188679245283,-1.8018867924528301,6
1984,Special Purpose,Dodge,18,14.666666666666666,16.80188679245283,-2.135220125786164,7
1984,Special Purpose,Ford,27,13.518518518518519,16.80188679245283,-3.283368273934311,8
1984,Sports/Two-Seater,Honda,6,32.166666666666664,20.54,11.626666666666665,1
1984,Sports/Two-Seater,Pontiac,5,24.2,20.54,3.66,2
1984,Sports/Two-Seater,Ford,6,23.833333333333332,20.54,3.293333333333333,3
1984,Sports/Two-Seater,Nissan,8,18.25,20.54,-2.289999999999999,4
1984,Sports/Two-Seater,Mazda,6,17.0,20.54,-3.539999999999999,5
1984,Truck/Pickup,Isuzu,8,21.125,16.749271137026238,4.375728862973762,1
1984,Truck/Pickup,Mazda,5,21.0,16.749271137026238,4.250728862973762,2
1984,Truck/Pickup,Nissan,7,20.571428571428573,16.749271137026238,3.8221574344023352,3
1984,Truck/Pickup,Toyota,12,20.083333333333332,16.749271137026238,3.3340621963070944,4
1984,Truck/Pickup,Mitsubishi,24,19.666666666666668,16.749271137026238,2.91739552964043,5
1984,Truck/Pickup,Jeep,19,17.0,16.749271137026238,0.2507288629737623,6
1984,Truck/Pickup,Chevrolet,59,16.88135593220339,16.749271137026238,0.13208479517715332,7
1984,Truck/Pickup,GMC,59,16.88135593220339,16.749271137026238,0.13208479517715332,7
1984,Truck/Pickup,Dodge,62,15.870967741935484,16.749271137026238,-0.8783033950907537,8
1984,Truck/Pickup,Ford,86,14.813953488372093,16.749271137026238,-1.935317648654145,9
1984,Van/Minivan,Toyota,8,20.5,13.811475409836065,6.688524590163935,1
1984,Van/Minivan,Chevrolet,23,14.130434782608695,13.811475409836065,0.3189593727726301,2
1984,Van/Minivan,GMC,23,14.130434782608695,13.811475409836065,0.3189593727726301,2
1984,Van/Minivan,Ford,38,12.789473684210526,13.811475409836065,-1.0220017256255396,3
1984,Van/Minivan,Dodge,26,12.423076923076923,13.811475409836065,-1.388398486759142,4
1984,Wagon,Nissan,6,25.0,21.725806451612904,3.274193548387096,1
1984,Wagon,Toyota,10,24.6,21.725806451612904,2.8741935483870975,2
1984,Wagon,Subaru,6,23.5,21.725806451612904,1.774193548387096,3
1984,Wagon,Dodge,14,23.0,21.725806451612904,1.274193548387096,4
1984,Wagon,Plymouth,14,23.0,21.725806451612904,1.274193548387096,4
1984,Wagon,Oldsmobile,18,21.666666666666668,21.725806451612904,-0.05913978494623606,5
1984,Wagon,Ford,17,21.470588235294116,21.725806451612904,-0.25521821631878794,6
1984,Wagon,Chevrolet,16,21.375,21.725806451612904,-0.3508064516129039,7
1984,Wagon,Pontiac,14,21.357142857142858,21.725806451612904,-0.36866359447004626,8
1984,Wagon,Buick,16,20.9375,21.725806451612904,-0.7883064516129039,9
1984,Wagon,Mercury,13,20.692307692307693,21.725806451612904,-1.0334987593052105,10
1984,Wagon,Volvo,12,19.5,21.725806451612904,-2.225806451612904,11
